RA;Nome_Anon;Idade;Gênero;INDE;IAA;IEG;IPS;IDA;IPV;IAN;Defasagem;Fase Ideal;IPP;ano_ref;Fase;risco
RA-1;Aluno-1;19;Menina;5.783;8.3;4.1;5.6;4.0;7.278;5.0;-1;;;2022;7;1
RA-1;Aluno-1;1900-01-20 00:00:00;Menina;;;;;;;10.0;0;Fase 8 (Universitários);;2023;FASE 8;0
RA-1;Aluno-1;21;Menina;;;0.0;;;;10.0;0;Fase 8 (Universitários);;2024;8E;0
RA-10;Aluno-10;18;Menina;5.784;8.3;5.2;5.0;4.1;7.056;5.0;-1;;;2022;7;1
RA-100;Aluno-100;13;Menina;7.618;8.8;7.8;5.0;7.6;7.25;10.0;1;;;2022;4;0
RA-1000;Aluno-1000;8;Menina;7.9162;8.5;9.4;3.77;7.0;8.92;10.0;0;ALFA (1° e 2° ano);6.25;2023;ALFA;0
RA-1000;Aluno-1000;9;Menina;8.364790909100002;9.002;9.5454545455;6.26;7.75;7.835;10.0;0;Fase 1 (3° e 4° ano);8.125;2024;1N;0
RA-1001;Aluno-1001;9;Menina;8.1162;9.0;9.1;7.52;7.8;9.17;5.0;-1;Fase 1 (3° e 4° ano);7.5;2023;ALFA;1
RA-1001;Aluno-1001;10;Menina;7.7964318841;7.502;9.347826087;7.51;7.75;7.92;5.0;-1;Fase 2 (5° e 6° ano);7.916666667;2024;1N;1
RA-1002;Aluno-1002;9;Menina;7.9012;9.0;9.7;7.52;7.0;8.92;5.0;-1;Fase 1 (3° e 4° ano);6.25;2023;ALFA;1
RA-1002;Aluno-1002;10;Menina;7.967866666700001;9.002;7.833333333500001;7.51;9.25;8.25;5.0;-1;Fase 1 (3° e 4° ano);7.5;2024;ALFA;1
RA-1003;Aluno-1003;8;Menino;7.6522;9.0;8.5;7.52;4.0;8.75;10.0;0;ALFA (1° e 2° ano);7.5;2023;ALFA;0
RA-1003;Aluno-1003;9;Menino;7.627588888900001;8.002;8.6944444445;7.51;8.25;7.5;5.0;-1;Fase 1 (3° e 4° ano);6.875;2024;ALFA;1
RA-1004;Aluno-1004;8;Menina;8.3137;9.0;9.6;7.52;7.9;7.42;10.0;0;ALFA (1° e 2° ano);6.875;2023;ALFA;0
RA-1004;Aluno-1004;9;Menina;7.801200000000001;9.502;9.25;7.51;7.5;7.5;5.0;-1;Fase 1 (3° e 4° ano);7.5;2024;ALFA;1
RA-1005;Aluno-1005;8;Menino;8.4252;9.5;7.9;7.52;8.8;8.165;10.0;0;ALFA (1° e 2° ano);7.5;2023;ALFA;0
RA-1006;Aluno-1006;8;Menina;8.5922;9.0;9.3;7.52;8.7;8.0;10.0;0;ALFA (1° e 2° ano);7.5;2023;ALFA;0
RA-1006;Aluno-1006;9;Menina;7.040088888900001;8.502;8.4444444445;7.51;5.0;7.5;5.0;-1;Fase 1 (3° e 4° ano);7.5;2024;ALFA;1
RA-1007;Aluno-1007;1900-01-08 00:00:00;Menino;8.0782;9.0;7.4;7.52;8.3;7.68;10.0;0;ALFA (1° e 2° ano);7.5;2023;ALFA;0
RA-1008;Aluno-1008;8;Menino;8.13595;9.0;8.6;7.52;8.4;7.5;10.0;0;ALFA (1° e 2° ano);5.9375;2023;ALFA;0
RA-1008;Aluno-1008;9;Menino;6.8667414438000005;7.002;6.483957219;7.51;7.0;7.5;5.0;-1;Fase 1 (3° e 4° ano);7.1875;2024;ALFA;1
RA-1009;Aluno-1009;8;Menino;7.245;0.0;9.0;3.77;8.8;7.84;10.0;0;ALFA (1° e 2° ano);7.5;2023;ALFA;0
RA-1009;Aluno-1009;9;Menino;6.395389393900001;8.002;6.8863636365000005;2.51;7.5;6.553333333;5.0;-1;Fase 1 (3° e 4° ano);6.5625;2024;ALFA;1
RA-101;Aluno-101;15;Menina;7.305;7.9;8.3;7.5;7.6;6.833;5.0;-1;;;2022;4;1
RA-1010;Aluno-1010;8;Menino;8.70645;9.5;10.0;3.77;9.4;8.59;10.0;0;ALFA (1° e 2° ano);7.8125;2023;ALFA;0
RA-1011;Aluno-1011;1900-01-07 00:00:00;Menino;7.33095;9.5;8.6;3.77;5.2;7.675;10.0;0;ALFA (1° e 2° ano);7.1875;2023;ALFA;0
RA-1012;Aluno-1012;8;Menina;7.96495;10.0;9.9;3.77;6.6;7.845;10.0;0;ALFA (1° e 2° ano);7.1875;2023;ALFA;0
RA-1012;Aluno-1012;9;Menina;8.057128571400002;9.502;9.523809524;2.51;9.75;8.443333333;5.0;-1;Fase 1 (3° e 4° ano);8.125;2024;ALFA;1
RA-1013;Aluno-1013;7;Menino;7.6237;9.0;9.6;4.39;8.3;5.76;10.0;0;ALFA (1° e 2° ano);5.625;2023;ALFA;0
RA-1013;Aluno-1013;8;Menino;5.7839559808;9.002;5.6937799039999994;2.51;7.75;4.72;5.0;-1;Fase 1 (3° e 4° ano);5.0;2024;ALFA;1
RA-1014;Aluno-1014;1900-01-07 00:00:00;Menina;8.2582;9.0;9.7;3.77;8.2;8.255;10.0;0;ALFA (1° e 2° ano);7.5;2023;ALFA;0
RA-1014;Aluno-1014;8;Menina;6.315972727300001;8.502;7.8863636365000005;2.51;5.25;7.0;5.0;-1;Fase 1 (3° e 4° ano);6.875;2024;ALFA;1
RA-1015;Aluno-1015;10;Menina;7.538908333;10.0;9.3;6.27;6.3;7.786666667;5.0;-1;Fase 2 (5° e 6° ano);7.34375;2023;FASE 1;1
RA-1015;Aluno-1015;11;Menina;6.643252381000002;7.918;7.8214285715;7.51;4.0;5.66;10.0;0;Fase 2 (5° e 6° ano);6.041666667;2024;2B;0
RA-1016;Aluno-1016;10;Menina;7.762575;10.0;9.5;7.52;6.7;7.73;5.0;-1;Fase 2 (5° e 6° ano);7.34375;2023;FASE 1;1
RA-1017;Aluno-1017;1900-01-11 00:00:00;Menino;6.505333333;0.0;8.0;5.02;7.7;8.116666667;5.0;-1;Fase 2 (5° e 6° ano);7.5;2023;FASE 1;1
RA-1017;Aluno-1017;12;Menino;7.345521428500001;9.502;7.8095238095;6.26;5.0;7.443333333;10.0;0;Fase 2 (5° e 6° ano);7.1875;2024;2C;0
RA-1018;Aluno-1018;1900-01-09 00:00:00;Menino;6.824;0.0;8.5;5.02;6.3;8.06;10.0;0;Fase 1 (3° e 4° ano);7.5;2023;FASE 1;0
RA-1018;Aluno-1018;10;Menino;7.7054045454;8.502;7.727272727;6.26;8.25;8.45;5.0;-1;Fase 2 (5° e 6° ano);8.4375;2024;1A;1
RA-1019;Aluno-1019;8;Menina;7.177033333;7.5;9.1;5.02;4.3;7.836666667;10.0;1;ALFA (1° e 2° ano);6.875;2023;FASE 1;0
RA-1019;Aluno-1019;9;Menina;8.692255194900001;9.502;9.3073593075;6.26;8.75;8.616666667;10.0;0;Fase 1 (3° e 4° ano);7.8125;2024;1A;0
RA-102;Aluno-102;14;Menino;6.922;6.7;7.7;6.9;5.7;6.0;10.0;0;;;2022;4;0
RA-1020;Aluno-1020;9;Menina;7.612283333;10.0;9.1;2.52;6.1;8.056666667;10.0;0;Fase 1 (3° e 4° ano);7.1875;2023;FASE 1;0
RA-1020;Aluno-1020;10;Menina;8.9544954545;9.002;9.7727272725;6.88;9.0;8.84;10.0;0;Fase 1 (3° e 4° ano);8.4375;2024;1A;0
RA-1021;Aluno-1021;1900-01-09 00:00:00;Menino;6.964616667;8.0;9.2;3.77;3.3;7.893333333;10.0;0;Fase 1 (3° e 4° ano);7.1875;2023;FASE 1;0
RA-1021;Aluno-1021;10;Menino;8.0985863636;9.502;9.318181818;7.51;8.0;7.95;5.0;-1;Fase 2 (5° e 6° ano);8.4375;2024;1A;1
RA-1022;Aluno-1022;9;Menino;7.164616667;8.5;8.5;3.77;4.7;7.893333333;10.0;0;Fase 1 (3° e 4° ano);7.1875;2023;FASE 1;0
RA-1022;Aluno-1022;10;Menino;7.613169697000002;9.502;9.318181818;6.26;6.5;8.116666667;5.0;-1;Fase 2 (5° e 6° ano);7.5;2024;1A;1
RA-1023;Aluno-1023;1900-01-09 00:00:00;Menina;9.1342;10.0;10.0;6.27;9.1;9.06;10.0;0;Fase 1 (3° e 4° ano);8.75;2023;FASE 1;0
RA-1023;Aluno-1023;10;Menina;9.498580952300001;9.502;9.511904762;9.375;9.5;9.563333333;10.0;0;Fase 2 (5° e 6° ano);8.958333333;2024;2B;0
RA-1024;Aluno-1024;10;Menina;7.788875;0.0;10.0;6.27;9.8;8.95;5.0;-1;Fase 2 (5° e 6° ano);9.21875;2023;FASE 1;1
RA-1024;Aluno-1024;11;Menina;8.6516166666;8.002;10.0;7.51;10.0;8.783333333;5.0;-1;Fase 2 (5° e 6° ano);8.4375;2024;1B;1
RA-1025;Aluno-1025;9;Menino;8.215158333;8.5;8.9;7.52;7.5;7.836666667;10.0;0;Fase 1 (3° e 4° ano);7.65625;2023;FASE 1;0
RA-1025;Aluno-1025;10;Menino;7.897071212;9.002;7.727272727;7.51;9.0;7.783333333;5.0;-1;Fase 2 (5° e 6° ano);8.4375;2024;1A;1
RA-1026;Aluno-1026;1900-01-14 00:00:00;Menina;6.494825;8.5;9.8;7.52;3.2;7.06;2.5;-3;Fase 4 (9° ano);6.40625;2023;FASE 1;1
RA-1027;Aluno-1027;10;Menina;7.748866667;9.5;9.7;7.52;6.0;8.333333333;5.0;-1;Fase 2 (5° e 6° ano);7.5;2023;FASE 1;1
RA-1027;Aluno-1027;11;Menina;8.220866666700001;9.502;10.0;7.51;5.25;8.39;10.0;0;Fase 2 (5° e 6° ano);7.916666667;2024;2B;0
RA-1028;Aluno-1028;11;Menino;6.415708333;0.0;9.2;7.52;5.0;7.946666667;5.0;-1;Fase 2 (5° e 6° ano);7.34375;2023;FASE 1;1
RA-1028;Aluno-1028;12;Menino;7.1404338602;8.002;7.055335968;5.63;7.5;8.393333333;5.0;-2;Fase 3 (7° e 8° ano);6.875;2024;1B;1
RA-1029;Aluno-1029;9;Menina;7.058533333;10.0;6.3;3.77;5.4;8.006666667;10.0;0;Fase 1 (3° e 4° ano);7.5;2023;FASE 1;0
RA-1029;Aluno-1029;10;Menina;7.797790909100001;9.002;8.7954545455;6.885;8.75;7.25;5.0;-1;Fase 2 (5° e 6° ano);7.5;2024;1C;1
RA-103;Aluno-103;13;Menina;8.107;7.9;8.7;7.5;7.3;7.708;10.0;1;;;2022;4;0
RA-103;Aluno-103;14;Menina;8.0239;8.3;9.2;5.0;7.1;8.09;10.0;1;Fase 4 (9° ano);8.125;2023;FASE 5;0
RA-103;Aluno-103;15;Menina;8.775268254;8.334;9.603174603333335;6.26;9.166666666666666;8.872;10.0;0;Fase 5 (1° EM);7.875;2024;5A;0
RA-1030;Aluno-1030;1900-01-11 00:00:00;Menino;7.4027;8.5;9.7;3.77;6.9;8.39;5.0;-1;Fase 2 (5° e 6° ano);6.875;2023;FASE 1;1
RA-1030;Aluno-1030;12;Menino;7.7401916040000005;7.418;8.28320802;4.385;8.0;7.61;10.0;0;Fase 2 (5° e 6° ano);7.8125;2024;2D;0
RA-1031;Aluno-1031;10;Menino;7.0602;8.0;8.8;7.52;5.9;7.006666667;5.0;-1;Fase 2 (5° e 6° ano);6.666666667;2023;FASE 1;1
RA-1031;Aluno-1031;11;Menino;6.8757227273;9.502;8.6363636365;7.51;6.25;5.83;5.0;-1;Fase 2 (5° e 6° ano);5.3125;2024;1C;1
RA-1032;Aluno-1032;1900-01-10 00:00:00;Menino;7.434033333;8.5;9.5;7.52;6.0;7.563333333;5.0;-1;Fase 2 (5° e 6° ano);7.291666667;2023;FASE 1;1
RA-1032;Aluno-1032;11;Menino;8.01645;8.502;9.75;7.51;8.0;7.92;5.0;-1;Fase 2 (5° e 6° ano);7.8125;2024;1C;1
RA-1033;Aluno-1033;1900-01-11 00:00:00;Menina;8.126033333;9.0;8.9;7.52;7.9;9.006666667;5.0;-1;Fase 2 (5° e 6° ano);8.125;2023;FASE 1;1
RA-1034;Aluno-1034;10;Menino;7.9642;7.5;9.0;7.52;8.3;8.393333333;5.0;-1;Fase 2 (5° e 6° ano);8.333333333;2023;FASE 1;1
RA-1034;Aluno-1034;11;Menino;8.0333666666;7.502;8.0833333335;7.51;7.5;8.223333333;10.0;0;Fase 2 (5° e 6° ano);7.708333333;2024;2B;0
RA-1035;Aluno-1035;9;Menino;6.888833333;0.0;8.3;7.52;5.8;7.78;10.0;0;Fase 1 (3° e 4° ano);7.708333333;2023;FASE 1;0
RA-1035;Aluno-1035;10;Menino;7.833495454500001;9.502;9.0227272725;7.51;7.0;7.92;5.0;-1;Fase 2 (5° e 6° ano);8.4375;2024;1C;1
RA-1036;Aluno-1036;11;Menina;6.970583333;0.0;9.6;3.77;8.0;8.336666667;5.0;-1;Fase 2 (5° e 6° ano);9.0625;2023;FASE 1;1
RA-1036;Aluno-1036;12;Menina;8.2841303831;10.002;9.0890269155;7.51;7.0;7.7475;10.0;0;Fase 2 (5° e 6° ano);7.65625;2024;2H;0
RA-1037;Aluno-1037;10;Menino;7.655575;9.0;8.4;7.52;6.7;8.17;5.0;-1;Fase 2 (5° e 6° ano);8.59375;2023;FASE 1;1
RA-1038;Aluno-1038;10;Menina;7.736825;8.0;9.3;7.52;6.5;8.17;5.0;-1;Fase 2 (5° e 6° ano);8.90625;2023;FASE 1;1
RA-1038;Aluno-1038;11;Menina;7.9646385965;8.002;7.5438596495;7.51;8.5;7.273333333;10.0;0;Fase 2 (5° e 6° ano);7.5;2024;2I;0
RA-1039;Aluno-1039;1900-01-12 00:00:00;Menino;7.686033333;8.0;9.9;7.52;6.2;8.056666667;5.0;-2;Fase 3 (7° e 8° ano);8.125;2023;FASE 1;1
RA-1039;Aluno-1039;13;Menino;7.549644444400001;8.002;9.722222222;7.51;7.25;6.77;5.0;-1;Fase 3 (7° e 8° ano);7.5;2024;2I;1
RA-104;Aluno-104;18;Menino;6.315;7.9;8.7;7.5;3.7;6.708;2.5;-4;;;2022;4;1
RA-104;Aluno-104;1900-01-19 00:00:00;Menino;4.25;0.0;7.7;2.52;2.6;5.6275;2.5;-3;Fase 8 (Universitários);5.625;2023;FASE 5;1
RA-1040;Aluno-1040;1900-01-11 00:00:00;Menino;7.81545;10.0;9.3;7.52;6.6;8.06;5.0;-1;Fase 2 (5° e 6° ano);7.8125;2023;FASE 1;1
RA-1040;Aluno-1040;12;Menino;7.764199999900001;9.502;8.5416666665;7.51;8.25;7.273333333;5.0;-1;Fase 3 (7° e 8° ano);7.5;2024;2I;1
RA-1041;Aluno-1041;10;Menina;6.724116667;10.0;7.2;7.52;3.3;8.003333333;5.0;-1;Fase 2 (5° e 6° ano);7.8125;2023;FASE 1;1
RA-1042;Aluno-1042;1900-01-10 00:00:00;Menino;5.331166667;0.0;6.5;3.77;4.3;7.666666667;5.0;-1;Fase 2 (5° e 6° ano);7.708333333;2023;FASE 1;1
RA-1043;Aluno-1043;10;Menino;6.5447;10.0;7.9;6.27;2.5;7.833333333;5.0;-1;Fase 2 (5° e 6° ano);7.708333333;2023;FASE 1;1
RA-1043;Aluno-1043;11;Menino;7.539847562500002;10.002;7.994071146;7.51;8.25;6.553333333;5.0;-1;Fase 2 (5° e 6° ano);7.291666667;2024;1H;1
RA-1044;Aluno-1044;10;Menina;7.629533333;8.0;9.7;7.52;6.1;8.336666667;5.0;-1;Fase 2 (5° e 6° ano);7.5;2023;FASE 1;1
RA-1044;Aluno-1044;11;Menina;7.966711904800001;7.502;9.523809524;7.51;7.0;7.21;10.0;0;Fase 2 (5° e 6° ano);7.1875;2024;2G;0
RA-1045;Aluno-1045;11;Menina;8.089033333;9.5;9.4;7.52;7.9;8.28;5.0;-1;Fase 2 (5° e 6° ano);7.708333333;2023;FASE 1;1
RA-1046;Aluno-1046;9;Menino;6.835833333;0.0;8.5;3.77;6.3;8.223333333;10.0;0;Fase 1 (3° e 4° ano);8.541666667;2023;FASE 1;0
RA-1047;Aluno-1047;9;Menino;7.848366667;10.0;8.5;3.77;6.9;7.893333333;10.0;0;Fase 1 (3° e 4° ano);8.125;2023;FASE 1;0
RA-1048;Aluno-1048;10;Menina;7.811366667;8.5;9.5;3.77;8.2;8.5;5.0;-1;Fase 2 (5° e 6° ano);8.541666667;2023;FASE 1;1
RA-1048;Aluno-1048;11;Menina;7.5198666666000005;8.502;6.833333333500001;6.255;6.25;8.283333333;10.0;1;Fase 1 (3° e 4° ano);7.708333333;2024;2A;0
RA-1049;Aluno-1049;10;Menino;7.443366667;10.0;7.7;7.52;6.3;7.943333333;5.0;-1;Fase 2 (5° e 6° ano);8.125;2023;FASE 1;1
RA-1049;Aluno-1049;11;Menino;6.821885606;9.502;8.03030303;7.51;4.5;6.745;5.0;-1;Fase 2 (5° e 6° ano);7.65625;2024;1J;1
RA-105;Aluno-105;17;Menino;6.846;7.9;8.2;5.6;6.7;7.417;2.5;-3;;;2022;4;1
RA-1050;Aluno-1050;11;Menino;7.764366667;9.0;9.2;6.27;7.2;8.223333333;5.0;-1;Fase 2 (5° e 6° ano);8.125;2023;FASE 1;1
RA-1051;Aluno-1051;9;Menina;8.534866667;8.5;8.9;6.27;8.4;8.613333333;10.0;0;Fase 1 (3° e 4° ano);8.75;2023;FASE 1;0
RA-1052;Aluno-1052;1900-01-09 00:00:00;Menino;6.960333333;0.0;9.0;7.52;5.3;7.833333333;10.0;0;Fase 1 (3° e 4° ano);7.916666667;2023;FASE 1;0
RA-1052;Aluno-1052;10;Menino;7.744032575800001;5.834;9.128787879;6.26;8.25;8.4975;5.0;-1;Fase 2 (5° e 6° ano);8.59375;2024;1J;1
RA-1053;Aluno-1053;9;Menino;7.776166667;0.0;9.1;6.27;8.6;8.616666667;10.0;0;Fase 1 (3° e 4° ano);8.958333333;2023;FASE 1;0
RA-1054;Aluno-1054;1900-01-12 00:00:00;Menino;7.459533333;8.5;8.6;7.52;6.6;7.836666667;5.0;-2;Fase 3 (7° e 8° ano);7.5;2023;FASE 1;1
RA-1054;Aluno-1054;13;Menino;6.985788509300001;9.502;7.3291925465;7.51;6.25;6.75;5.0;-1;Fase 3 (7° e 8° ano);7.1875;2024;2G;1
RA-1055;Aluno-1055;11;Menino;5.9765;0.0;7.2;7.52;5.5;7.276666667;5.0;-1;Fase 2 (5° e 6° ano);7.291666667;2023;FASE 1;1
RA-1055;Aluno-1055;12;Menino;6.403040909100001;10.002;5.7954545455;7.51;5.5;5.87;5.0;-2;Fase 3 (7° e 8° ano);7.1875;2024;1J;1
RA-1056;Aluno-1056;9;Menino;8.551741667;8.5;9.6;7.52;8.1;8.113333333;10.0;0;Fase 1 (3° e 4° ano);7.96875;2023;FASE 1;0
RA-1056;Aluno-1056;10;Menino;8.192009523800001;8.502;9.2857142855;7.51;8.25;8.335;5.0;-1;Fase 2 (5° e 6° ano);9.166666667;2024;1L;1
RA-1057;Aluno-1057;9;Menina;8.4827;10.0;10.0;7.52;6.3;8.34;10.0;0;Fase 1 (3° e 4° ano);8.125;2023;FASE 1;0
RA-1057;Aluno-1057;10;Menina;8.2352;10.002;10.0;6.26;8.0;8.17;5.0;-1;Fase 2 (5° e 6° ano);8.75;2024;1L;1
RA-1058;Aluno-1058;1900-01-09 00:00:00;Menina;7.356533333;10.0;8.7;3.14;5.4;7.62;10.0;0;Fase 1 (3° e 4° ano);7.083333333;2023;FASE 1;0
RA-1058;Aluno-1058;10;Menina;7.703347619;9.168;8.095238095;6.88;7.75;8.085;5.0;-1;Fase 2 (5° e 6° ano);8.125;2024;1K;1
RA-1059;Aluno-1059;1900-01-10 00:00:00;Menino;7.763741667;10.0;9.8;2.52;7.6;8.673333333;5.0;-1;Fase 2 (5° e 6° ano);7.96875;2023;FASE 1;1
RA-1059;Aluno-1059;11;Menino;8.678450000000002;8.002;10.0;6.26;7.5;9.23;10.0;0;Fase 2 (5° e 6° ano);9.0625;2024;2M;0
RA-106;Aluno-106;15;Menina;7.973;9.2;8.0;9.4;7.4;8.375;5.0;-1;;;2022;4;1
RA-106;Aluno-106;15;Menina;7.769658333;7.9;9.1;5.0;7.3;7.5075;10.0;0;Fase 5 (1° EM);7.03125;2023;FASE 5;0
RA-106;Aluno-106;16;Menina;7.721664285733334;9.168;8.761904762;5.635;5.666666666666667;7.872;10.0;0;Fase 6 (2° EM);7.8125;2024;6A;0
RA-1060;Aluno-1060;1900-01-10 00:00:00;Menino;7.095741667;9.0;8.6;3.14;5.7;8.673333333;5.0;-1;Fase 2 (5° e 6° ano);7.96875;2023;FASE 1;1
RA-1060;Aluno-1060;12;Menino;6.448416666600001;9.585;6.0;6.26;3.25;6.163333333;10.0;0;Fase 2 (5° e 6° ano);7.8125;2024;2M;0
RA-1061;Aluno-1061;10;Menino;8.196533333;9.5;9.7;3.14;9.3;8.836666667;5.0;-1;Fase 2 (5° e 6° ano);8.75;2023;FASE 1;1
RA-1061;Aluno-1061;11;Menino;8.76595;8.502;10.0;6.26;8.5;8.73;10.0;0;Fase 2 (5° e 6° ano);8.4375;2024;2M;0
RA-1062;Aluno-1062;1900-01-09 00:00:00;Menino;7.448841667;7.4;7.7;3.77;6.2;8.503333333;10.0;0;Fase 1 (3° e 4° ano);8.59375;2023;FASE 1;0
RA-1062;Aluno-1062;10;Menino;7.6147238096;8.002;9.047619048;5.63;7.25;8.085;5.0;-1;Fase 2 (5° e 6° ano);8.75;2024;1L;1
RA-1063;Aluno-1063;1900-01-11 00:00:00;Menino;7.490825;9.5;9.5;7.52;5.9;7.89;5.0;-1;Fase 2 (5° e 6° ano);6.40625;2023;FASE 1;1
RA-1063;Aluno-1063;12;Menino;7.279250000000001;5.25;9.75;7.51;7.75;6.11;5.0;-1;Fase 3 (7° e 8° ano);7.8125;2024;2N;1
RA-1064;Aluno-1064;10;Menino;8.4777;8.5;9.8;7.52;8.6;8.84;5.0;-1;Fase 2 (5° e 6° ano);9.375;2023;FASE 1;1
RA-1064;Aluno-1064;11;Menino;8.9802350877;9.502;9.7368421055;7.51;8.5;8.783333333;10.0;0;Fase 2 (5° e 6° ano);8.75;2024;2N;0
RA-1065;Aluno-1065;1900-01-10 00:00:00;Menina;8.03395;8.5;9.6;7.52;7.0;8.84;5.0;-1;Fase 2 (5° e 6° ano);8.4375;2023;FASE 1;1
RA-1065;Aluno-1065;11;Menina;8.8634934783;9.502;8.8152173915;6.26;9.25;8.84;10.0;0;Fase 2 (5° e 6° ano);9.0625;2024;2N;0
RA-1066;Aluno-1066;10;Menina;7.262616667;8.5;6.6;7.52;6.2;8.783333333;5.0;-1;Fase 2 (5° e 6° ano);8.4375;2023;FASE 1;1
RA-1066;Aluno-1066;11;Menina;7.9326223603;9.502;8.3954451345;6.26;7.25;7.386666667;10.0;0;Fase 2 (5° e 6° ano);7.5;2024;2L;0
RA-1067;Aluno-1067;10;Menino;6.541458333;0.0;7.9;7.52;5.4;9.006666667;5.0;-1;Fase 2 (5° e 6° ano);8.28125;2023;FASE 1;1
RA-1067;Aluno-1067;11;Menino;7.840033333300001;10.002;8.333333332999999;7.51;6.75;8.59;5.0;-1;Fase 2 (5° e 6° ano);8.541666667;2024;1K;1
RA-1068;Aluno-1068;1900-01-10 00:00:00;Menino;8.472533333;8.5;9.3;6.89;9.0;9.283333333;5.0;-1;Fase 2 (5° e 6° ano);9.166666667;2023;FASE 1;1
RA-1068;Aluno-1068;11;Menino;9.0150030303;9.502;9.068181818;7.51;9.5;8.73;10.0;0;Fase 2 (5° e 6° ano);8.541666667;2024;2R;0
RA-1069;Aluno-1069;11;Menino;7.590033333;9.0;7.8;7.52;7.1;8.226666667;5.0;-1;Fase 2 (5° e 6° ano);8.125;2023;FASE 1;1
RA-1069;Aluno-1069;12;Menino;7.678917391300001;9.002;7.0760869565;7.51;6.25;7.75;10.0;0;Fase 2 (5° e 6° ano);8.125;2024;2K;0
RA-107;Aluno-107;15;Menina;6.258;7.5;6.4;7.5;4.6;6.5;5.0;-1;;;2022;4;1
RA-107;Aluno-107;15;Menina;6.845208333;0.0;8.5;5.0;7.0;7.5875;10.0;0;Fase 5 (1° EM);7.34375;2023;FASE 5;0
RA-107;Aluno-107;16;Menina;6.676130827066667;7.5;7.9949874686666655;7.51;4.666666666666667;6.964;5.0;-1;Fase 6 (2° EM);7.5;2024;5D;1
RA-1070;Aluno-1070;11;Menino;6.939033333;9.0;7.8;3.14;5.8;8.67;5.0;-1;Fase 2 (5° e 6° ano);7.708333333;2023;FASE 1;1
RA-1070;Aluno-1070;12;Menino;6.287171861500001;9.002;9.3073593075;5.635;2.25;6.6225;5.0;-1;Fase 2 (5° e 6° ano);6.875;2024;1P;1
RA-1071;Aluno-1071;11;Menino;6.414033333;9.0;8.6;7.52;3.5;6.396666667;5.0;-1;Fase 2 (5° e 6° ano);5.625;2023;FASE 1;1
RA-1071;Aluno-1071;12;Menino;4.8048623378;8.002;4.188311688500001;7.51;4.5;2.996666667;5.0;-1;Fase 3 (7° e 8° ano);4.166666667;2024;2R;1
RA-1072;Aluno-1072;11;Menino;8.0152;9.0;8.6;5.0;6.7;8.7125;10.0;0;Fase 2 (5° e 6° ano);8.125;2023;FASE 2;0
RA-1072;Aluno-1072;12;Menino;7.8153856754;8.751;5.627886710333333;8.755;8.166666666666666;7.545;10.0;0;Fase 3 (7° e 8° ano);7.96875;2024;3B;0
RA-1073;Aluno-1073;1900-01-12 00:00:00;Menina;6.384333333;0.0;8.8;2.52;6.2;9.045;5.0;-1;Fase 3 (7° e 8° ano);8.333333333;2023;FASE 2;1
RA-1073;Aluno-1073;13;Menina;7.0859945773333335;9.168;6.370972886666667;7.5;6.5;5.7875;10.0;0;Fase 3 (7° e 8° ano);6.875;2024;3A;0
RA-1074;Aluno-1074;12;Menina;6.195833333;0.0;9.8;2.52;6.0;7.8775;5.0;-1;Fase 3 (7° e 8° ano);7.083333333;2023;FASE 2;1
RA-1075;Aluno-1075;12;Menina;6.591333333;0.0;9.6;5.0;5.5;9.0025;5.0;-1;Fase 3 (7° e 8° ano);7.708333333;2023;FASE 2;1
RA-1075;Aluno-1075;13;Menina;6.8100812324;7.5;8.5154061625;3.755;6.0;7.553333333;5.0;-1;Fase 3 (7° e 8° ano);7.708333333;2024;2A;1
RA-1076;Aluno-1076;1900-01-12 00:00:00;Menina;7.901033333;9.0;9.7;2.52;8.5;8.8775;5.0;-1;Fase 3 (7° e 8° ano);8.333333333;2023;FASE 2;1
RA-1076;Aluno-1076;13;Menina;7.479598365200001;8.334;7.777033492666668;8.125;6.333333333333333;6.5425;10.0;0;Fase 3 (7° e 8° ano);7.03125;2024;3A;0
RA-1077;Aluno-1077;1900-01-11 00:00:00;Menino;7.2115;0.0;9.7;2.52;7.3;8.4225;10.0;0;Fase 2 (5° e 6° ano);8.75;2023;FASE 2;0
RA-1077;Aluno-1077;12;Menino;5.543865740733334;0.0;7.703703703666666;6.885;2.0;6.37;10.0;0;Fase 3 (7° e 8° ano);6.40625;2024;3D;0
RA-1078;Aluno-1078;14;Menino;6.472333333;5.3;6.8;2.52;6.4;8.2975;5.0;-2;Fase 4 (9° ano);8.958333333;2023;FASE 2;1
RA-1079;Aluno-1079;1900-01-12 00:00:00;Menino;6.916533333;9.0;8.1;2.52;7.6;7.13;5.0;-1;Fase 3 (7° e 8° ano);7.083333333;2023;FASE 2;1
RA-1079;Aluno-1079;13;Menino;5.4253413299333335;7.5;4.516498316333333;2.51;6.333333333333333;4.1625;10.0;0;Fase 3 (7° e 8° ano);4.21875;2024;3B;0
RA-108;Aluno-108;17;Menina;5.547;4.6;7.7;5.0;5.0;6.125;2.5;-3;;;2022;4;1
RA-108;Aluno-108;1900-01-17 00:00:00;Menina;4.9308;5.8;7.3;2.52;2.9;5.59;5.0;-2;Fase 7 (3° EM);4.375;2023;FASE 5;1
RA-1080;Aluno-1080;12;Menino;6.571966667;7.9;10.0;5.0;1.5;8.13;5.0;-1;Fase 3 (7° e 8° ano);8.541666667;2023;FASE 2;1
RA-1081;Aluno-1081;14;Menina;7.666033333;10.0;10.0;2.52;6.5;8.59;5.0;-2;Fase 4 (9° ano);8.958333333;2023;FASE 2;1
RA-1081;Aluno-1081;15;Menina;8.5452952381;6.667;9.523809523666666;5.005;8.833333333333334;8.95;10.0;0;Fase 4 (9° ano);9.166666667;2024;4C;0
RA-1082;Aluno-1082;1900-01-12 00:00:00;Menina;7.1617;9.5;9.5;2.52;5.0;8.4225;5.0;-1;Fase 3 (7° e 8° ano);8.75;2023;FASE 2;1
RA-1082;Aluno-1082;13;Menina;6.6114857142;7.502;7.5714285715;10.0;3.75;6.943333333;5.0;-1;Fase 3 (7° e 8° ano);7.083333333;2024;2A;1
RA-1083;Aluno-1083;10;Menina;8.2345;6.8;10.0;5.0;7.5;8.38;10.0;0;Fase 2 (5° e 6° ano);8.75;2023;FASE 2;0
RA-1084;Aluno-1084;11;Menina;7.9948;8.4;10.0;2.52;6.8;8.38;10.0;0;Fase 2 (5° e 6° ano);8.75;2023;FASE 2;0
RA-1084;Aluno-1084;12;Menina;6.9071109649333335;8.751;7.705263158;5.63;3.6666666666666665;7.4575;10.0;0;Fase 3 (7° e 8° ano);7.03125;2024;3A;0
RA-1085;Aluno-1085;12;Menina;6.563833333;0.0;9.8;2.52;6.7;8.13;5.0;-1;Fase 3 (7° e 8° ano);8.958333333;2023;FASE 2;1
RA-1086;Aluno-1086;12;Menina;7.2382;8.5;9.4;2.52;5.7;8.755;5.0;-1;Fase 3 (7° e 8° ano);8.75;2023;FASE 2;1
RA-1087;Aluno-1087;12;Menina;7.2067;10.0;9.5;2.52;5.4;8.0475;5.0;-1;Fase 3 (7° e 8° ano);8.75;2023;FASE 2;1
RA-1087;Aluno-1087;13;Menina;6.913936532;7.917;8.393265993333333;8.755;2.6666666666666665;6.58;10.0;0;Fase 3 (7° e 8° ano);7.1875;2024;3B;0
RA-1088;Aluno-1088;13;Menino;7.4717;9.5;9.8;2.52;6.8;7.9225;5.0;-1;Fase 3 (7° e 8° ano);8.75;2023;FASE 2;1
RA-1089;Aluno-1089;1900-01-11 00:00:00;Menina;7.9947;9.0;9.5;2.52;7.0;8.3375;10.0;0;Fase 2 (5° e 6° ano);8.75;2023;FASE 2;0
RA-1089;Aluno-1089;12;Menina;7.6221531746;9.168;7.039682539666667;8.13;6.833333333333333;6.995;10.0;0;Fase 3 (7° e 8° ano);7.1875;2024;3D;0
RA-109;Aluno-109;16;Menino;8.512;8.8;10.0;8.8;8.4;8.667;5.0;-2;;;2022;4;1
RA-109;Aluno-109;1900-01-17 00:00:00;Menino;8.3184;8.3;9.9;7.52;8.3;8.59;5.0;-1;Fase 7 (3° EM);8.75;2023;FASE 6;1
RA-1090;Aluno-1090;13;Menino;7.844033333;9.0;9.6;2.52;9.0;7.88;5.0;-1;Fase 3 (7° e 8° ano);8.958333333;2023;FASE 2;1
RA-1090;Aluno-1090;14;Menino;7.7652831384;9.585;7.621832358666666;7.51;6.333333333333333;7.4175;10.0;0;Fase 3 (7° e 8° ano);7.8125;2024;3D;0
RA-1091;Aluno-1091;12;Menino;8.032533333;8.5;9.0;2.52;9.5;9.1725;5.0;-1;Fase 3 (7° e 8° ano);8.958333333;2023;FASE 2;1
RA-1092;Aluno-1092;12;Menino;7.41;7.8;9.8;2.52;6.9;8.2975;5.0;-1;Fase 3 (7° e 8° ano);8.75;2023;FASE 2;1
RA-1093;Aluno-1093;11;Menino;8.197533333;7.0;9.3;2.52;9.2;8.2975;10.0;0;Fase 2 (5° e 6° ano);8.958333333;2023;FASE 2;0
RA-1093;Aluno-1093;12;Menino;8.5079027778;7.5;7.722222222333333;8.13;8.666666666666666;8.8825;10.0;0;Fase 3 (7° e 8° ano);8.90625;2024;3D;0
RA-1094;Aluno-1094;11;Menina;8.1779;7.8;9.5;2.52;8.5;8.3375;10.0;0;Fase 2 (5° e 6° ano);8.75;2023;FASE 2;0
RA-1094;Aluno-1094;12;Menina;8.0164785714;9.168;9.523809523666666;2.51;7.333333333333333;8.1675;10.0;0;Fase 3 (7° e 8° ano);8.4375;2024;3D;0
RA-1095;Aluno-1095;1900-01-13 00:00:00;Menino;6.238;0.0;9.8;2.52;5.3;8.005;5.0;-1;Fase 3 (7° e 8° ano);8.75;2023;FASE 2;1
RA-1095;Aluno-1095;14;Menino;6.108547514666667;7.5;7.84502924;7.51;2.3333333333333335;5.125;10.0;0;Fase 3 (7° e 8° ano);5.46875;2024;3D;0
RA-1096;Aluno-1096;1900-01-10 00:00:00;Menina;8.615533333;9.5;9.9;2.52;9.6;8.0875;10.0;0;Fase 2 (5° e 6° ano);8.958333333;2023;FASE 2;0
RA-1096;Aluno-1096;11;Menina;9.189883333333334;9.168;9.866666666666667;8.755;8.5;9.09;10.0;1;Fase 2 (5° e 6° ano);9.0625;2024;3B;0
RA-1097;Aluno-1097;1900-01-14 00:00:00;Menino;6.9547;9.5;8.6;5.0;5.4;6.96;5.0;-2;Fase 4 (9° ano);8.125;2023;FASE 2;1
RA-1097;Aluno-1097;15;Menino;5.475324895633334;10.002;4.849791144666667;6.25;3.0;5.88;5.0;-1;Fase 4 (9° ano);6.041666667;2024;3C;1
RA-1098;Aluno-1098;13;Menina;7.2787;9.5;9.5;2.52;6.4;7.92;5.0;-1;Fase 3 (7° e 8° ano);8.125;2023;FASE 2;1
RA-1098;Aluno-1098;14;Menina;6.5744562514;8.751;5.822406257;7.51;3.5;6.7475;10.0;0;Fase 3 (7° e 8° ano);7.34375;2024;3D;0
RA-1099;Aluno-1099;13;Menina;7.113533333;9.0;9.6;2.52;5.2;8.34;5.0;-1;Fase 3 (7° e 8° ano);8.333333333;2023;FASE 2;1
RA-1099;Aluno-1099;14;Menina;7.332483333333334;8.334;8.133333333333333;10.0;3.8333333333333335;6.6225;10.0;0;Fase 3 (7° e 8° ano);7.8125;2024;3G;0
RA-11;Aluno-11;18;Menina;5.323;9.2;4.2;5.0;3.0;6.389;5.0;-1;;;2022;7;1
RA-110;Aluno-110;14;Menino;8.15;9.2;9.7;5.6;6.7;8.0;10.0;0;;;2022;4;0
RA-110;Aluno-110;15;Menino;8.0879;8.3;8.6;5.0;7.5;8.2975;10.0;0;Fase 5 (1° EM);8.75;2023;FASE 5;0
RA-110;Aluno-110;16;Menino;8.6324939394;9.168;9.696969697;6.255;8.5;8.504;10.0;0;Fase 5 (1° EM);7.5;2024;5A;0
RA-1100;Aluno-1100;1900-01-11 00:00:00;Menino;8.261033333;10.0;9.2;5.0;7.1;8.283333333;10.0;0;Fase 2 (5° e 6° ano);8.541666667;2023;FASE 2;0
RA-1100;Aluno-1100;12;Menino;6.649708333333334;7.5;7.1000000000000005;7.51;4.666666666666667;5.6175;10.0;1;Fase 2 (5° e 6° ano);6.71875;2024;3G;0
RA-1101;Aluno-1101;1900-01-10 00:00:00;Menino;6.446666667;0.0;7.2;5.0;5.3;8.116666667;10.0;0;Fase 2 (5° e 6° ano);8.333333333;2023;FASE 2;0
RA-1102;Aluno-1102;1900-01-11 00:00:00;Menino;8.123033333;9.5;9.5;5.0;7.5;7.56;10.0;0;Fase 2 (5° e 6° ano);7.708333333;2023;FASE 2;0
RA-1102;Aluno-1102;12;Menino;8.440611904733334;8.751;9.390476190333333;8.13;9.333333333333334;7.07;10.0;1;Fase 2 (5° e 6° ano);5.9375;2024;3H;0
RA-1103;Aluno-1103;10;Menino;7.574866667;9.0;8.7;5.0;5.0;8.006666667;10.0;0;Fase 2 (5° e 6° ano);8.333333333;2023;FASE 2;0
RA-1103;Aluno-1103;11;Menino;7.861995031000001;8.502;7.763975155000001;7.51;7.25;7.54;10.0;0;Fase 2 (5° e 6° ano);7.5;2024;2H;0
RA-1104;Aluno-1104;13;Menina;7.265533333;5.7;10.0;2.52;6.4;9.063333333;5.0;-1;Fase 3 (7° e 8° ano);8.541666667;2023;FASE 2;1
RA-1105;Aluno-1105;13;Menina;6.299166667;0.0;9.0;2.52;6.0;8.673333333;5.0;-1;Fase 3 (7° e 8° ano);8.125;2023;FASE 2;1
RA-1106;Aluno-1106;12;Menino;7.1642;8.5;9.3;5.0;5.1;8.003333333;5.0;-1;Fase 3 (7° e 8° ano);8.333333333;2023;FASE 2;1
RA-1106;Aluno-1106;13;Menino;5.936272086266667;8.334;5.4312354313333335;7.51;0.0;7.5;10.0;0;Fase 3 (7° e 8° ano);7.65625;2024;3F;0
RA-1107;Aluno-1107;12;Menina;7.9327;9.0;9.4;5.0;7.5;8.783333333;5.0;-1;Fase 3 (7° e 8° ano);8.958333333;2023;FASE 2;1
RA-1107;Aluno-1107;13;Menina;5.9731;8.751;6.2;2.51;2.5;6.785;10.0;0;Fase 3 (7° e 8° ano);7.5;2024;3G;0
RA-1108;Aluno-1108;12;Menino;6.310833333;0.0;9.3;5.0;4.7;8.283333333;5.0;-1;Fase 3 (7° e 8° ano);8.541666667;2023;FASE 2;1
RA-1108;Aluno-1108;13;Menino;6.017215010400001;9.168;3.7546583853333337;8.13;3.6666666666666665;5.422;10.0;0;Fase 3 (7° e 8° ano);7.1875;2024;3F;0
RA-1109;Aluno-1109;14;Menino;6.277533333;10.0;6.4;5.0;3.4;7.836666667;5.0;-2;Fase 4 (9° ano);7.5;2023;FASE 2;1
RA-111;Aluno-111;13;Menina;8.646;7.5;9.4;8.1;8.0;8.667;10.0;1;;;2022;4;0
RA-111;Aluno-111;14;Menina;7.566458333;7.5;8.7;5.0;6.0;8.0875;10.0;1;Fase 4 (9° ano);7.65625;2023;FASE 5;0
RA-111;Aluno-111;15;Menina;8.667693939400001;9.168;9.488636363666666;6.26;8.333333333333334;8.74;10.0;0;Fase 5 (1° EM);8.125;2024;5B;0
RA-1110;Aluno-1110;12;Menina;7.248566667;4.6;9.2;5.0;6.8;8.73;5.0;-1;Fase 3 (7° e 8° ano);8.541666667;2023;FASE 2;1
RA-1111;Aluno-1111;1900-01-11 00:00:00;Menina;6.559166667;0.0;8.9;2.52;5.4;8.173333333;10.0;0;Fase 2 (5° e 6° ano);8.125;2023;FASE 2;0
RA-1111;Aluno-1111;12;Menina;6.116032815733334;6.249;4.600414078666667;7.5;5.0;5.824;10.0;1;Fase 2 (5° e 6° ano);6.5625;2024;3F;0
RA-1112;Aluno-1112;12;Menino;7.088866667;9.5;7.9;2.52;6.3;8.616666667;5.0;-1;Fase 3 (7° e 8° ano);8.333333333;2023;FASE 2;1
RA-1112;Aluno-1112;13;Menino;6.8560823939999995;9.585;9.02791197;8.135;4.0;4.705;10.0;0;Fase 3 (7° e 8° ano);5.375;2024;3I;0
RA-1113;Aluno-1113;1900-01-12 00:00:00;Menino;5.636666667;0.0;6.0;7.52;5.0;7.173333333;5.0;-1;Fase 3 (7° e 8° ano);7.5;2023;FASE 2;1
RA-1114;Aluno-1114;11;Menina;7.5667;8.5;9.8;2.52;4.9;8.56;10.0;0;Fase 2 (5° e 6° ano);8.125;2023;FASE 2;0
RA-1114;Aluno-1114;12;Menina;7.437466666666667;8.751;9.533333333333333;2.51;5.0;7.836;10.0;0;Fase 3 (7° e 8° ano);8.375;2024;3M;0
RA-1115;Aluno-1115;1900-01-11 00:00:00;Menina;6.474;0.0;8.3;7.52;4.0;7.56;10.0;0;Fase 2 (5° e 6° ano);7.5;2023;FASE 2;0
RA-1115;Aluno-1115;12;Menina;6.570068686900001;8.002;4.2676767675;7.51;6.25;5.826666667;10.0;0;Fase 2 (5° e 6° ano);7.5;2024;2M;0
RA-1116;Aluno-1116;13;Menino;6.956533333;9.5;9.2;5.0;4.9;7.39;5.0;-1;Fase 3 (7° e 8° ano);7.083333333;2023;FASE 2;1
RA-1116;Aluno-1116;15;Menino;3.7894777778;0.0;3.3555555556666667;6.26;2.3333333333333335;5.066;5.0;-1;Fase 4 (9° ano);5.125;2024;3M;1
RA-1117;Aluno-1117;1900-01-11 00:00:00;Menina;8.382366667;9.0;9.6;7.52;7.3;7.946666667;10.0;0;Fase 2 (5° e 6° ano);7.708333333;2023;FASE 2;0
RA-1117;Aluno-1117;12;Menina;7.601562962866668;8.751;8.314814814666667;7.51;5.666666666666667;6.833333333;10.0;1;Fase 2 (5° e 6° ano);8.125;2024;3K;0
RA-1118;Aluno-1118;1900-01-12 00:00:00;Menina;7.163833333;5.3;8.8;7.52;6.0;8.28;5.0;-1;Fase 3 (7° e 8° ano);7.708333333;2023;FASE 2;1
RA-1118;Aluno-1118;14;Menina;7.0305545924;7.084;7.846439628666666;9.38;3.8333333333333335;6.866;10.0;0;Fase 3 (7° e 8° ano);6.75;2024;3M;0
RA-1119;Aluno-1119;13;Menina;7.192;7.3;9.7;3.77;5.9;8.453333333;5.0;-1;Fase 3 (7° e 8° ano);7.708333333;2023;FASE 2;1
RA-1119;Aluno-1119;14;Menina;7.388266666666667;9.585;8.716666666666667;7.51;5.666666666666667;7.698;5.0;-1;Fase 4 (9° ano);7.625;2024;3M;1
RA-112;Aluno-112;15;Menina;7.836;7.9;7.8;6.3;8.5;8.833;5.0;-1;;;2022;4;1
RA-112;Aluno-112;1900-01-16 00:00:00;Menina;7.141308333;6.7;8.1;5.0;7.4;7.9225;5.0;-1;Fase 6 (2° EM);7.96875;2023;FASE 5;1
RA-112;Aluno-112;17;Menina;8.052609920666667;7.083;7.978174603333333;7.51;8.0;8.004;10.0;0;Fase 6 (2° EM);7.96875;2024;6A;0
RA-1120;Aluno-1120;11;Menina;9.103366667;9.5;9.6;7.52;8.3;9.676666667;10.0;0;Fase 2 (5° e 6° ano);8.958333333;2023;FASE 2;0
RA-1121;Aluno-1121;1900-01-11 00:00:00;Menino;8.049;0.0;9.9;6.26;8.0;9.84;10.0;0;Fase 2 (5° e 6° ano);8.75;2023;FASE 2;0
RA-1121;Aluno-1121;12;Menino;8.407166666633334;9.585;10.0;7.51;6.666666666666667;8.28;10.0;0;Fase 3 (7° e 8° ano);7.083333333;2024;3K;0
RA-1122;Aluno-1122;11;Menino;7.3715;0.0;9.3;6.89;6.9;8.616666667;10.0;0;Fase 2 (5° e 6° ano);7.291666667;2023;FASE 2;0
RA-1122;Aluno-1122;12;Menino;7.817322222166666;8.751;9.861111111;7.51;5.333333333333333;7.22;10.0;1;Fase 2 (5° e 6° ano);7.083333333;2024;3K;0
RA-1123;Aluno-1123;1900-01-12 00:00:00;Menino;6.9565;7.3;8.9;7.52;5.3;7.113333333;5.0;-1;Fase 3 (7° e 8° ano);7.083333333;2023;FASE 2;1
RA-1124;Aluno-1124;14;Menina;6.667866667;9.5;8.0;7.52;3.0;7.786666667;5.0;-2;Fase 4 (9° ano);7.083333333;2023;FASE 2;1
RA-1125;Aluno-1125;1900-01-11 00:00:00;Menina;6.655366667;4.7;7.9;7.52;4.0;6.95;10.0;0;Fase 2 (5° e 6° ano);6.666666667;2023;FASE 2;0
RA-1126;Aluno-1126;12;Menina;;0.0;5.2;3.77;;7.06;5.0;-1;Fase 3 (7° e 8° ano);7.291666667;2023;FASE 2;1
RA-1127;Aluno-1127;1900-01-11 00:00:00;Menina;8.3167;8.5;9.9;5.02;6.9;9.01;10.0;0;Fase 2 (5° e 6° ano);8.125;2023;FASE 2;0
RA-1127;Aluno-1127;12;Menina;8.180966666666668;9.168;10.0;7.51;5.833333333333333;7.67;10.0;0;Fase 3 (7° e 8° ano);8.125;2024;3N;0
RA-1128;Aluno-1128;12;Menino;6.404533333;9.5;7.3;5.02;3.5;7.503333333;5.0;-1;Fase 3 (7° e 8° ano);7.916666667;2023;FASE 2;1
RA-1129;Aluno-1129;11;Menino;7.309333333;0.0;9.2;6.27;7.8;7.503333333;10.0;0;Fase 2 (5° e 6° ano);7.916666667;2023;FASE 2;0
RA-1129;Aluno-1129;12;Menino;7.360417647066668;9.168;7.137254902;8.13;6.833333333333333;5.745;10.0;0;Fase 3 (7° e 8° ano);6.875;2024;3N;0
RA-113;Aluno-113;15;Menina;3.032;0.0;0.0;5.0;3.7;3.792;5.0;-1;;;2022;4;1
RA-113;Aluno-113;16;Menina;7.043536903066667;8.751;7.063851181666667;7.51;6.666666666666667;7.106666667;5.0;-1;Fase 6 (2° EM);7.5;2024;5G;1
RA-1130;Aluno-1130;11;Menino;8.0037;8.5;8.4;7.52;7.3;7.503333333;10.0;0;Fase 2 (5° e 6° ano);7.708333333;2023;FASE 2;0
RA-1130;Aluno-1130;12;Menino;6.563952941199999;8.751;6.278431372666667;8.13;4.333333333333333;5.33;10.0;0;Fase 3 (7° e 8° ano);6.875;2024;3N;0
RA-1131;Aluno-1131;12;Menina;8.316133333;7.9;9.9;5.02;9.1;9.286666667;5.0;-1;Fase 3 (7° e 8° ano);8.75;2023;FASE 2;1
RA-1131;Aluno-1131;13;Menina;8.2889555555;8.334;9.277777777666666;6.255;8.333333333333334;7.893333333;10.0;0;Fase 3 (7° e 8° ano);7.291666667;2024;3K;0
RA-1132;Aluno-1132;12;Menino;6.829533333;10.0;6.3;6.27;5.8;7.503333333;5.0;-1;Fase 3 (7° e 8° ano);7.916666667;2023;FASE 2;1
RA-1133;Aluno-1133;10;Menina;8.600033333;9.5;10.0;6.27;6.5;9.343333333;10.0;0;Fase 2 (5° e 6° ano);8.541666667;2023;FASE 2;0
RA-1133;Aluno-1133;11;Menina;8.238553968266668;9.168;9.841269841333334;8.75;4.5;8.83;10.0;1;Fase 2 (5° e 6° ano);8.125;2024;3U;0
RA-1134;Aluno-1134;11;Menino;7.769866667;8.0;9.7;3.76;6.8;7.56;10.0;0;Fase 2 (5° e 6° ano);7.916666667;2023;FASE 2;0
RA-1134;Aluno-1134;12;Menino;7.7564571427;8.751;8.914285714;7.51;6.0;6.883333333;10.0;0;Fase 3 (7° e 8° ano);7.708333333;2024;3U;0
RA-1135;Aluno-1135;11;Menino;7.453833333;0.0;9.4;7.52;7.2;7.896666667;10.0;0;Fase 2 (5° e 6° ano);8.125;2023;FASE 2;0
RA-1136;Aluno-1136;13;Menina;6.7351;6.8;8.1;2.52;6.6;7.723333333;5.0;-1;Fase 3 (7° e 8° ano);8.333333333;2023;FASE 2;1
RA-1136;Aluno-1136;14;Menina;5.458179831866667;8.751;4.547899159666667;8.135;1.6666666666666667;6.383333333;5.0;-1;Fase 4 (9° ano);7.5;2024;3R;1
RA-1137;Aluno-1137;10;Menina;8.743366667;9.5;9.8;6.27;6.5;9.843333333;10.0;0;Fase 2 (5° e 6° ano);9.375;2023;FASE 2;0
RA-1137;Aluno-1137;11;Menina;7.1837526524666675;8.334;7.588638262333333;8.13;3.5;7.4575;10.0;1;Fase 2 (5° e 6° ano);8.28125;2024;3P;0
RA-1138;Aluno-1138;12;Menina;8.3472;9.0;9.2;6.27;9.3;8.566666667;5.0;-1;Fase 3 (7° e 8° ano);9.166666667;2023;FASE 2;1
RA-1139;Aluno-1139;11;Menino;7.6647;8.5;9.1;5.64;5.3;7.79;10.0;0;Fase 2 (5° e 6° ano);8.125;2023;FASE 2;0
RA-1139;Aluno-1139;12;Menino;6.906276357600001;8.334;6.152715121333333;7.51;4.666666666666667;7.04;10.0;1;Fase 2 (5° e 6° ano);7.5;2024;3P;0
RA-114;Aluno-114;16;Menino;5.894;7.9;6.3;7.5;5.3;5.0;5.0;-2;;;2022;4;1
RA-114;Aluno-114;1900-01-17 00:00:00;Menino;5.335;0.0;6.0;3.14;5.6;7.255;5.0;-2;Fase 7 (3° EM);7.5;2023;FASE 5;1
RA-1140;Aluno-1140;11;Menina;7.703533333;4.7;8.7;7.52;7.3;7.62;10.0;0;Fase 2 (5° e 6° ano);7.708333333;2023;FASE 2;0
RA-1140;Aluno-1140;12;Menina;7.3473880383;6.834;6.112440191499999;7.51;7.0;7.39;10.0;0;Fase 2 (5° e 6° ano);8.125;2024;2P;0
RA-1141;Aluno-1141;12;Menina;7.2757;9.0;8.8;7.52;5.9;7.113333333;5.0;-1;Fase 3 (7° e 8° ano);7.708333333;2023;FASE 2;1
RA-1141;Aluno-1141;13;Menina;6.793890866866667;9.585;6.191537667666666;7.51;4.166666666666667;6.7825;10.0;0;Fase 3 (7° e 8° ano);6.5625;2024;3L;0
RA-1142;Aluno-1142;11;Menina;9.175033333;9.0;10.0;7.52;10.0;8.343333333;10.0;0;Fase 2 (5° e 6° ano);8.541666667;2023;FASE 2;0
RA-1142;Aluno-1142;12;Menina;8.390566666666668;8.334;9.133333333333333;7.51;8.5;7.335;10.0;0;Fase 3 (7° e 8° ano);8.125;2024;3P;0
RA-1143;Aluno-1143;15;Menina;6.445933333;8.8;7.0;6.26;5.3;6.2075;5.0;-2;Fase 5 (1° EM);7.5;2023;FASE 3;1
RA-1143;Aluno-1143;16;Menina;5.881225668333334;9.585;5.201336675;9.38;3.1666666666666665;6.79;2.5;-3;Fase 6 (2° EM);7.03125;2024;3A;1
RA-1144;Aluno-1144;13;Menina;7.410625;0.0;9.4;5.02;8.0;8.0025;10.0;0;Fase 3 (7° e 8° ano);8.28125;2023;FASE 3;0
RA-1145;Aluno-1145;11;Menina;7.484375;0.0;9.5;4.39;7.8;8.63;10.0;1;Fase 2 (5° e 6° ano);8.59375;2023;FASE 3;0
RA-1146;Aluno-1146;14;Menina;6.689583333;9.6;8.8;6.26;3.7;6.965;5.0;-1;Fase 4 (9° ano);7.1875;2023;FASE 3;1
RA-1146;Aluno-1146;15;Menina;5.3933086048000005;10.002;5.017209691;6.88;2.0;5.883333333;5.0;-2;Fase 5 (1° EM);6.25;2024;3C;1
RA-1147;Aluno-1147;1900-01-14 00:00:00;Menina;7.072983333;8.3;8.3;6.26;6.7;7.0075;5.0;-1;Fase 4 (9° ano);7.1875;2023;FASE 3;1
RA-1147;Aluno-1147;15;Menina;5.833118518533334;8.751;6.125925926;8.755;3.1666666666666665;5.495;5.0;-1;Fase 4 (9° ano);6.25;2024;3B;1
RA-1148;Aluno-1148;11;Menina;7.227866667;7.9;8.6;3.77;5.7;7.2125;10.0;1;Fase 2 (5° e 6° ano);7.5;2023;FASE 3;0
RA-1149;Aluno-1149;1900-01-14 00:00:00;Menina;7.410108333;8.3;9.8;2.52;7.2;8.1725;5.0;-1;Fase 4 (9° ano);7.96875;2023;FASE 3;1
RA-1149;Aluno-1149;15;Menina;8.1371;8.334;10.0;10.0;6.0;8.706;5.0;-1;Fase 5 (1° EM);8.625;2024;4A;1
RA-115;Aluno-115;16;Menina;5.886;8.3;6.8;6.3;3.8;5.583;5.0;-2;;;2022;4;1
RA-115;Aluno-115;16;Menina;6.319141667;8.8;7.1;5.0;4.2;7.215;5.0;-1;Fase 6 (2° EM);7.34375;2023;FASE 5;1
RA-115;Aluno-115;17;Menina;5.404184695733334;7.917;4.164756812;6.26;4.166666666666667;5.726;5.0;-2;Fase 7 (3° EM);6.75;2024;5A;1
RA-1150;Aluno-1150;16;Menino;7.076008333;9.2;9.8;2.52;6.7;7.835;2.5;-3;Fase 6 (2° EM);7.96875;2023;FASE 3;1
RA-1150;Aluno-1150;17;Menino;7.1023212964;8.334;6.481481481666667;7.51;6.833333333333333;7.946666667;5.0;-2;Fase 6 (2° EM);7.65625;2024;4C;1
RA-1151;Aluno-1151;1900-01-12 00:00:00;Menina;7.829958333;7.5;9.5;2.52;8.3;7.545;10.0;0;Fase 3 (7° e 8° ano);7.65625;2023;FASE 3;0
RA-1151;Aluno-1151;13;Menina;8.749111111066668;7.5;9.722222222333334;5.635;9.0;9.393333333;10.0;1;Fase 3 (7° e 8° ano);8.125;2024;4C;0
RA-1152;Aluno-1152;1900-01-14 00:00:00;Menino;6.544916667;0.0;9.4;5.0;6.8;7.585;5.0;-1;Fase 4 (9° ano);7.8125;2023;FASE 3;1
RA-1153;Aluno-1153;14;Menina;7.968658333;7.9;10.0;7.52;7.2;8.63;5.0;-1;Fase 4 (9° ano);7.65625;2023;FASE 3;1
RA-1153;Aluno-1153;15;Menina;8.268876190466667;8.751;9.702380952333334;5.635;8.5;9.074;5.0;-1;Fase 5 (1° EM);8.75;2024;4A;1
RA-1154;Aluno-1154;13;Menino;7.701125;9.6;9.3;5.63;5.1;7.67;10.0;0;Fase 3 (7° e 8° ano);7.65625;2023;FASE 3;0
RA-1154;Aluno-1154;14;Menino;7.5660750000000005;7.917;9.200000000000001;7.51;8.0;6.745;5.0;-1;Fase 4 (9° ano);7.34375;2024;3G;1
RA-1155;Aluno-1155;14;Menina;7.821633333;9.2;9.2;5.63;8.0;8.2925;5.0;-1;Fase 4 (9° ano);7.5;2023;FASE 3;1
RA-1155;Aluno-1155;15;Menina;7.119011111133333;8.334;8.888888889;5.005;4.666666666666667;8.87;5.0;-1;Fase 5 (1° EM);8.0;2024;4F;1
RA-1156;Aluno-1156;12;Menina;7.340775;8.3;9.2;2.52;5.3;7.7925;10.0;0;Fase 3 (7° e 8° ano);7.96875;2023;FASE 3;0
RA-1156;Aluno-1156;13;Menina;6.6777135642;7.5;7.821067821;7.51;2.0;7.5;10.0;1;Fase 3 (7° e 8° ano);7.125;2024;4F;0
RA-1157;Aluno-1157;14;Menino;7.086633333;9.2;8.8;6.26;5.7;7.0025;5.0;-1;Fase 4 (9° ano);7.5;2023;FASE 3;1
RA-1157;Aluno-1157;15;Menino;7.916082936533334;9.585;9.082539682666665;7.51;7.0;8.466;5.0;-1;Fase 4 (9° ano);7.96875;2024;3H;1
RA-1158;Aluno-1158;14;Menina;6.306666667;7.5;8.6;2.52;4.3;7.34;5.0;-1;Fase 4 (9° ano);7.5;2023;FASE 3;1
RA-1159;Aluno-1159;1900-01-12 00:00:00;Menina;5.913883333;5.8;6.6;2.52;3.1;7.1325;10.0;0;Fase 3 (7° e 8° ano);7.1875;2023;FASE 3;0
RA-116;Aluno-116;16;Menina;6.854;5.8;8.1;6.3;5.9;7.792;5.0;-2;;;2022;4;1
RA-116;Aluno-116;17;Menina;6.433075;6.7;7.6;5.0;4.7;7.5475;5.0;-2;Fase 7 (3° EM);7.96875;2023;FASE 5;1
RA-116;Aluno-116;18;Menina;6.337470707133334;8.334;7.535353535666666;5.635;4.5;6.73;5.0;-2;Fase 7 (3° EM);6.875;2024;5A;1
RA-1160;Aluno-1160;1900-01-13 00:00:00;Menino;6.636166667;9.6;8.7;2.52;2.7;7.2575;10.0;0;Fase 3 (7° e 8° ano);6.875;2023;FASE 3;0
RA-1160;Aluno-1160;14;Menino;6.274190982333334;8.751;8.201288245;7.51;3.1666666666666665;6.2475;5.0;-1;Fase 4 (9° ano);6.25;2024;3I;1
RA-1161;Aluno-1161;1900-01-13 00:00:00;Menina;7.317791667;6.3;8.1;2.52;6.3;8.63;10.0;0;Fase 3 (7° e 8° ano);8.28125;2023;FASE 3;0
RA-1162;Aluno-1162;13;Menina;7.44215;8.3;8.5;3.77;6.0;7.7525;10.0;0;Fase 3 (7° e 8° ano);7.8125;2023;FASE 3;0
RA-1162;Aluno-1162;14;Menina;7.473167836266667;7.917;9.135672514666666;6.26;5.666666666666667;7.0375;10.0;0;Fase 4 (9° ano);6.875;2024;4M;0
RA-1163;Aluno-1163;14;Menino;7.749391667;8.8;9.3;7.52;7.2;7.75;5.0;-1;Fase 4 (9° ano);7.65625;2023;FASE 3;1
RA-1163;Aluno-1163;15;Menino;8.6794789474;8.334;9.824561403666666;7.51;7.833333333333333;8.755;10.0;0;Fase 4 (9° ano);8.125;2024;4M;0
RA-1164;Aluno-1164;13;Menino;6.910091667;9.2;7.5;2.52;4.8;7.545;10.0;0;Fase 3 (7° e 8° ano);7.65625;2023;FASE 3;0
RA-1165;Aluno-1165;12;Menina;7.880716667;9.2;9.1;5.0;7.3;7.2925;10.0;0;Fase 3 (7° e 8° ano);7.1875;2023;FASE 3;0
RA-1165;Aluno-1165;13;Menina;7.908044272466667;8.751;6.829721362333333;8.135;8.0;7.83;10.0;0;Fase 3 (7° e 8° ano);6.875;2024;3L;0
RA-1166;Aluno-1166;15;Menina;7.307858333;8.3;9.6;7.52;4.8;7.9175;5.0;-2;Fase 5 (1° EM);7.65625;2023;FASE 3;1
RA-1166;Aluno-1166;16;Menina;7.452799122766667;8.334;8.498245614;6.26;6.333333333333333;8.625;5.0;-1;Fase 5 (1° EM);8.020833333;2024;4M;1
RA-1167;Aluno-1167;16;Menino;6.021891667;8.8;7.6;2.52;3.8;7.9625;2.5;-3;Fase 6 (2° EM);7.65625;2023;FASE 3;1
RA-1168;Aluno-1168;13;Menina;5.886625;0.0;8.8;2.52;3.5;7.045;10.0;0;Fase 3 (7° e 8° ano);7.65625;2023;FASE 3;0
RA-1168;Aluno-1168;14;Menina;6.864053921600001;9.585;7.682352941333334;7.51;5.666666666666667;6.33;5.0;-1;Fase 4 (9° ano);7.1875;2024;3N;1
RA-1169;Aluno-1169;1900-01-14 00:00:00;Menina;7.213625;7.5;9.5;5.0;6.3;8.0025;5.0;-1;Fase 4 (9° ano);7.03125;2023;FASE 3;1
RA-1169;Aluno-1169;15;Menina;6.885305555533334;6.25;8.444444444333334;5.635;6.833333333333333;6.8;5.0;-1;Fase 5 (1° EM);7.8125;2024;4N;1
RA-117;Aluno-117;15;Menina;6.685;7.9;6.3;6.9;6.1;7.417;5.0;-1;;;2022;4;1
RA-1170;Aluno-1170;1900-01-14 00:00:00;Menino;6.874683333;8.8;7.7;7.52;5.9;6.5775;5.0;-1;Fase 4 (9° ano);7.1875;2023;FASE 3;1
RA-1170;Aluno-1170;15;Menino;6.095440873;9.168;5.565079365;8.13;3.5;6.7475;5.0;-2;Fase 5 (1° EM);7.03125;2024;3P;1
RA-1171;Aluno-1171;14;Menino;7.856033333;7.9;8.4;5.0;8.7;8.88;5.0;-1;Fase 4 (9° ano);8.75;2023;FASE 3;1
RA-1171;Aluno-1171;15;Menino;7.6236817459;8.334;7.230158729999999;7.51;7.5;8.643333333;5.0;-1;Fase 5 (1° EM);8.645833333;2024;4R;1
RA-1172;Aluno-1172;16;Menina;7.030108333;8.3;7.8;2.52;6.7;8.46;5.0;-2;Fase 6 (2° EM);8.59375;2023;FASE 4;1
RA-1172;Aluno-1172;17;Menina;5.719565079333334;7.5;6.0634920633333325;6.26;3.3333333333333335;6.196;5.0;-1;Fase 6 (2° EM);7.25;2024;5A;1
RA-1173;Aluno-1173;14;Menino;7.67285;8.8;9.7;2.52;6.0;8.1225;10.0;0;Fase 4 (9° ano);7.8125;2023;FASE 4;0
RA-1173;Aluno-1173;15;Menino;8.220132915666667;9.168;9.665831245;7.51;5.833333333333333;8.2;10.0;0;Fase 5 (1° EM);8.125;2024;5D;0
RA-1174;Aluno-1174;15;Menina;7.333591667;9.2;8.7;2.52;6.8;8.3375;5.0;-1;Fase 5 (1° EM);8.90625;2023;FASE 4;1
RA-1174;Aluno-1174;16;Menina;7.374213419866667;8.751;8.349567099333333;6.26;5.0;7.266;10.0;0;Fase 5 (1° EM);7.5;2024;5B;0
RA-1175;Aluno-1175;1900-01-17 00:00:00;Menina;5.939858333;8.3;5.3;2.52;6.3;7.6275;2.5;-3;Fase 7 (3° EM);7.65625;2023;FASE 4;1
RA-1176;Aluno-1176;13;Menino;8.881483333;8.3;9.3;7.52;8.2;9.17;10.0;1;Fase 3 (7° e 8° ano);9.6875;2023;FASE 4;0
RA-1176;Aluno-1176;14;Menino;8.914816269866666;8.751;9.682539682666667;6.26;9.166666666666666;8.9225;10.0;1;Fase 4 (9° ano);8.59375;2024;5C;0
RA-1177;Aluno-1177;14;Menina;8.345491667;10.0;9.9;2.52;7.2;8.88;10.0;0;Fase 4 (9° ano);8.90625;2023;FASE 4;0
RA-1177;Aluno-1177;15;Menina;8.3233039474;8.751;9.824561403666666;6.26;7.333333333333333;8.125;10.0;0;Fase 5 (1° EM);7.65625;2024;5C;0
RA-1178;Aluno-1178;1900-01-16 00:00:00;Menino;7.066475;8.8;9.3;2.52;5.7;8.2125;5.0;-2;Fase 6 (2° EM);7.96875;2023;FASE 4;1
RA-1178;Aluno-1178;17;Menino;8.0934746032;8.751;9.682539682666667;6.26;8.333333333333334;8.696;5.0;-1;Fase 6 (2° EM);7.5;2024;5D;1
RA-1179;Aluno-1179;1900-01-15 00:00:00;Menino;6.631333333;9.6;8.1;4.38;5.0;7.17;5.0;-1;Fase 5 (1° EM);6.875;2023;FASE 4;1
RA-118;Aluno-118;14;Menina;5.597;0.0;5.3;6.3;3.9;6.958;10.0;0;;;2022;4;0
RA-1180;Aluno-1180;15;Menino;7.067983333;8.3;9.5;5.0;5.4;7.7125;5.0;-1;Fase 5 (1° EM);7.1875;2023;FASE 4;1
RA-1181;Aluno-1181;1900-01-14 00:00:00;Menina;6.971266667;8.8;8.3;2.52;4.8;7.3375;10.0;0;Fase 4 (9° ano);7.5;2023;FASE 4;0
RA-1181;Aluno-1181;15;Menina;6.2015816738666665;9.168;5.036075036;6.26;3.8333333333333335;5.862;10.0;0;Fase 5 (1° EM);7.125;2024;5B;0
RA-1182;Aluno-1182;1900-01-16 00:00:00;Menina;5.709808333;7.5;6.3;2.52;4.2;7.2125;5.0;-2;Fase 6 (2° EM);6.71875;2023;FASE 4;1
RA-1183;Aluno-1183;15;Menino;6.269541667;7.5;8.7;2.52;5.3;6.7575;5.0;-1;Fase 5 (1° EM);6.09375;2023;FASE 4;1
RA-1184;Aluno-1184;1900-01-16 00:00:00;Menino;7.381566667;8.3;8.3;5.0;7.3;8.045;5.0;-2;Fase 6 (2° EM);8.125;2023;FASE 4;1
RA-1184;Aluno-1184;17;Menino;7.411701731566668;6.666;8.658008657666668;7.51;7.666666666666667;7.5;5.0;-1;Fase 6 (2° EM);7.291666667;2024;5F;1
RA-1185;Aluno-1185;1900-01-13 00:00:00;Menina;8.02675;7.5;9.1;5.0;7.5;8.3775;10.0;1;Fase 3 (7° e 8° ano);7.8125;2023;FASE 4;0
RA-1186;Aluno-1186;1900-01-16 00:00:00;Menina;7.281433333;8.8;9.8;6.89;5.5;7.3825;5.0;-2;Fase 6 (2° EM);6.875;2023;FASE 4;1
RA-1187;Aluno-1187;13;Menina;6.644475;8.8;6.9;2.52;5.3;6.715;10.0;1;Fase 3 (7° e 8° ano);7.34375;2023;FASE 4;0
RA-1188;Aluno-1188;15;Menina;;9.6;9.4;;6.4;7.5875;5.0;-1;Fase 5 (1° EM);7.8125;2023;FASE 4;1
RA-1188;Aluno-1188;16;Menina;7.801633333400001;9.168;10.0;7.51;7.0;7.106666667;5.0;-1;Fase 6 (2° EM);8.125;2024;5G;1
RA-1189;Aluno-1189;1900-01-15 00:00:00;Menina;;8.8;9.0;;6.1;7.3775;5.0;-1;Fase 5 (1° EM);7.8125;2023;FASE 4;1
RA-1189;Aluno-1189;16;Menina;7.6486387164;9.585;8.672360248333332;7.51;7.666666666666667;7.106666667;5.0;-1;Fase 6 (2° EM);7.5;2024;5G;1
RA-119;Aluno-119;14;Menina;7.501;8.3;8.2;5.6;5.4;7.875;10.0;0;;;2022;4;0
RA-119;Aluno-119;15;Menina;;6.7;;2.52;;;10.0;2;Fase 5 (1° EM);;2023;FASE 7;0
RA-119;Aluno-119;16;Menina;8.085299999933333;7.083;9.983333333;6.57;7.366666666666667;7.5;10.0;1;Fase 6 (2° EM);7.5;2024;7E;0
RA-1190;Aluno-1190;1900-01-14 00:00:00;Menino;6.330041667;0.0;9.2;5.0;4.2;7.045;10.0;0;Fase 4 (9° ano);7.34375;2023;FASE 4;0
RA-1191;Aluno-1191;1900-01-14 00:00:00;Menino;6.175333333;7.5;7.2;5.0;3.7;6.26;10.0;0;Fase 4 (9° ano);5.0;2023;FASE 4;0
RA-1192;Aluno-1192;15;Menina;6.780741667;7.9;8.7;2.52;5.8;7.6675;5.0;-1;Fase 5 (1° EM);7.96875;2023;FASE 4;1
RA-1193;Aluno-1193;1900-01-14 00:00:00;Menina;6.018083333;0.0;7.8;5.0;4.1;7.13;10.0;0;Fase 4 (9° ano);7.1875;2023;FASE 4;0
RA-1193;Aluno-1193;15;Menina;6.6304815790000005;8.751;7.763157895;5.635;4.0;7.79;5.0;-1;Fase 5 (1° EM);7.8125;2024;4L;1
RA-1194;Aluno-1194;13;Menino;7.671933333;8.8;9.0;5.0;6.1;7.6675;10.0;1;Fase 3 (7° e 8° ano);7.5;2023;FASE 4;0
RA-1195;Aluno-1195;1900-01-17 00:00:00;Menina;5.677291667;0.0;8.3;2.52;5.4;8.0025;2.5;-3;Fase 7 (3° EM);8.28125;2023;FASE 4;1
RA-1195;Aluno-1195;18;Menina;7.5085144926666665;9.585;9.855072463666666;5.63;6.166666666666667;7.663333333;5.0;-2;Fase 7 (3° EM);7.5;2024;5N;1
RA-1196;Aluno-1196;15;Menino;7.03025;0.0;8.2;5.0;7.5;8.045;10.0;0;Fase 5 (1° EM);7.8125;2023;FASE 5;0
RA-1197;Aluno-1197;16;Menina;6.946058333;6.7;8.4;5.0;7.3;7.215;5.0;-1;Fase 6 (2° EM);7.03125;2023;FASE 5;1
RA-1198;Aluno-1198;1900-01-16 00:00:00;Menina;7.515233333;8.3;9.4;6.26;6.7;7.9625;5.0;-1;Fase 6 (2° EM);7.5;2023;FASE 5;1
RA-1198;Aluno-1198;17;Menina;6.9217748918;8.751;9.458874459;7.51;3.5;7.332;5.0;-1;Fase 6 (2° EM);7.375;2024;5A;1
RA-1199;Aluno-1199;1900-01-17 00:00:00;Menino;7.024933333;6.7;9.1;5.0;6.2;8.0875;5.0;-2;Fase 7 (3° EM);6.875;2023;FASE 5;1
RA-1199;Aluno-1199;18;Menino;7.614235714266666;7.5;8.571428571333334;5.005;9.0;8.466;5.0;-2;Fase 7 (3° EM);6.5625;2024;5D;1
RA-12;Aluno-12;17;Menina;4.832;0.0;4.0;6.9;1.5;6.389;10.0;0;;;2022;7;0
RA-12;Aluno-12;18;Menina;;;;;;;10.0;0;Fase 8 (Universitários);;2023;FASE 8;0
RA-12;Aluno-12;19;Menina;;;0.0;;;;10.0;0;Fase 8 (Universitários);;2024;8E;0
RA-120;Aluno-120;15;Menino;6.825;8.3;5.9;7.5;6.2;7.667;5.0;-1;;;2022;4;1
RA-1200;Aluno-1200;15;Menina;5.711166667;0.0;6.4;5.0;4.0;6.8725;10.0;0;Fase 5 (1° EM);7.5;2023;FASE 5;0
RA-1200;Aluno-1200;16;Menina;5.6415838956;7.917;7.099419478000001;6.26;1.5;6.27;5.0;-1;Fase 6 (2° EM);7.5;2024;5N;1
RA-1201;Aluno-1201;15;Menino;8.378008333;9.2;9.6;3.77;7.8;8.7575;10.0;0;Fase 5 (1° EM);8.59375;2023;FASE 5;0
RA-1201;Aluno-1201;16;Menino;8.376195238033333;8.751;9.523809523666666;7.51;9.0;8.56;5.0;-1;Fase 6 (2° EM);8.333333333;2024;5N;1
RA-1202;Aluno-1202;16;Menina;6.202008333;7.1;7.6;7.52;3.3;6.67;5.0;-1;Fase 6 (2° EM);7.34375;2023;FASE 5;1
RA-1203;Aluno-1203;1900-01-16 00:00:00;Menina;7.487841667;9.2;10.0;2.52;7.2;7.8775;5.0;-1;Fase 6 (2° EM);7.96875;2023;FASE 5;1
RA-1203;Aluno-1203;17;Menina;8.9495245614;9.168;9.649122807;7.51;9.0;8.572;10.0;0;Fase 6 (2° EM);8.375;2024;6L;0
RA-1204;Aluno-1204;16;Menino;6.940416667;7.5;8.7;5.0;6.1;7.2125;5.0;-1;Fase 6 (2° EM);7.8125;2023;FASE 5;1
RA-1205;Aluno-1205;18;Menina;6.806466667;9.2;9.2;6.26;5.0;7.085;2.5;-3;Fase 8 (Universitários);7.5;2023;FASE 5;1
RA-1206;Aluno-1206;17;Menina;6.724183333;8.8;8.3;2.52;5.6;7.7125;5.0;-2;Fase 7 (3° EM);7.8125;2023;FASE 5;1
RA-1207;Aluno-1207;1900-01-15 00:00:00;Menina;7.58235;8.8;9.0;5.0;5.5;7.63;10.0;0;Fase 5 (1° EM);7.8125;2023;FASE 5;0
RA-1207;Aluno-1207;16;Menina;6.509169736866667;8.334;6.581140350999999;7.51;5.333333333333333;6.5375;5.0;-1;Fase 6 (2° EM);7.34375;2024;5M;1
RA-1208;Aluno-1208;15;Menino;7.0651;8.8;8.8;2.52;6.2;6.2525;10.0;0;Fase 5 (1° EM);6.875;2023;FASE 5;0
RA-1209;Aluno-1209;16;Menina;7.43375;7.5;9.4;5.0;7.4;7.7125;5.0;-1;Fase 6 (2° EM);7.8125;2023;FASE 5;1
RA-121;Aluno-121;16;Menina;7.245;7.1;8.4;6.3;7.2;7.625;5.0;-2;;;2022;4;1
RA-121;Aluno-121;1900-01-16 00:00:00;Menina;6.811875;6.3;8.8;5.0;6.0;7.4625;5.0;-1;Fase 6 (2° EM);7.34375;2023;FASE 5;1
RA-121;Aluno-121;17;Menina;7.476158297266668;8.751;8.152958153;6.26;8.833333333333334;6.764;5.0;-2;Fase 7 (3° EM);7.25;2024;5A;1
RA-1210;Aluno-1210;16;Menina;7.171083333;9.6;9.4;5.0;4.7;8.09;5.0;-1;Fase 6 (2° EM);7.8125;2023;FASE 5;1
RA-1210;Aluno-1210;17;Menina;8.2302;9.585;10.0;7.51;5.5;8.166;10.0;0;Fase 6 (2° EM);7.875;2024;6L;0
RA-1211;Aluno-1211;16;Menina;7.09205;7.1;9.1;5.0;6.2;7.7125;5.0;-1;Fase 6 (2° EM);7.8125;2023;FASE 5;1
RA-1212;Aluno-1212;16;Menina;6.755358333;8.3;8.9;5.0;4.2;7.715;5.0;-1;Fase 6 (2° EM);7.65625;2023;FASE 5;1
RA-1213;Aluno-1213;1900-01-17 00:00:00;Menina;5.95625;0.0;8.4;2.52;6.0;7.715;5.0;-2;Fase 7 (3° EM);7.8125;2023;FASE 5;1
RA-1214;Aluno-1214;16;Menino;8.378666667;9.6;9.8;6.89;7.4;7.6725;10.0;0;Fase 6 (2° EM);7.5;2023;FASE 6;0
RA-1214;Aluno-1214;17;Menino;8.5902971362;10.002;9.081527348;8.13;8.0;7.663333333;10.0;0;Fase 7 (3° EM);8.28125;2024;7A;0
RA-1215;Aluno-1215;16;Menina;6.339466667;7.1;5.6;5.0;4.1;7.1725;10.0;0;Fase 6 (2° EM);7.5;2023;FASE 6;0
RA-1216;Aluno-1216;19;Menina;7.7105;9.6;9.0;5.63;7.9;7.795;5.0;-2;Fase 8 (Universitários);7.5;2023;FASE 6;1
RA-1216;Aluno-1216;20;Menina;;;0.0;;;;10.0;0;Fase 8 (Universitários);;2024;8F;0
RA-1217;Aluno-1217;17;Menina;6.064625;0.0;7.9;5.63;5.9;7.38;5.0;-1;Fase 7 (3° EM);7.65625;2023;FASE 6;1
RA-1218;Aluno-1218;17;Menino;6.8265;7.5;9.2;5.0;5.3;7.1325;5.0;-1;Fase 7 (3° EM);7.5;2023;FASE 6;1
RA-1219;Aluno-1219;1900-01-16 00:00:00;Menina;7.215141667;8.8;6.5;5.63;6.3;7.38;10.0;0;Fase 6 (2° EM);7.34375;2023;FASE 6;0
RA-122;Aluno-122;14;Menina;5.061;7.9;3.4;7.5;1.8;4.958;10.0;0;;;2022;4;0
RA-1220;Aluno-1220;17;Menina;6.46725;0.0;9.0;5.0;6.8;7.63;5.0;-1;Fase 7 (3° EM);7.8125;2023;FASE 6;1
RA-1220;Aluno-1220;18;Menina;7.143244444466667;7.083;8.555555555666666;6.885;7.666666666666667;6.26;5.0;-1;Fase 7 (3° EM);7.5;2024;6L;1
RA-1221;Aluno-1221;22;Menina;8.027466667;9.2;9.1;6.26;8.7;8.09;5.0;-1;Fase 8 (Universitários);8.0;2023;FASE 7;1
RA-1221;Aluno-1221;23;Menina;;;0.0;;8.0;;10.0;0;Fase 8 (Universitários);;2024;8F;0
RA-1222;Aluno-1222;1900-01-19 00:00:00;Menina;7.026466667;7.1;10.0;5.63;6.8;6.005;5.0;-1;Fase 8 (Universitários);6.875;2023;FASE 7;1
RA-1223;Aluno-1223;1900-01-17 00:00:00;Menino;8.187766667;8.8;9.3;5.0;9.0;7.2925;10.0;0;Fase 7 (3° EM);6.875;2023;FASE 7;0
RA-1224;Aluno-1224;1900-01-20 00:00:00;Menino;7.5524;8.3;9.4;5.0;8.0;7.6325;5.0;-1;Fase 8 (Universitários);7.125;2023;FASE 7;1
RA-1224;Aluno-1224;21;Menino;;;0.0;;;;10.0;0;Fase 8 (Universitários);;2024;8F;0
RA-1225;Aluno-1225;18;Menina;;7.5;;2.52;;;5.0;-1;Fase 8 (Universitários);;2023;FASE 7;1
RA-1225;Aluno-1225;19;Menina;;;0.0;;;;10.0;0;Fase 8 (Universitários);;2024;8F;0
RA-1226;Aluno-1226;1900-01-16 00:00:00;Menina;;9.2;;7.52;;;10.0;1;Fase 6 (2° EM);;2023;FASE 7;0
RA-1226;Aluno-1226;17;Menina;7.785233333333334;8.334;9.0;6.885;6.066666666666666;7.5;10.0;0;Fase 7 (3° EM);7.5;2024;7E;0
RA-1227;Aluno-1227;16;Menina;;9.2;;2.52;;;10.0;1;Fase 6 (2° EM);;2023;FASE 7;0
RA-1227;Aluno-1227;17;Menina;4.8446;8.751;0.0;7.195;0.0;7.5;10.0;0;Fase 7 (3° EM);7.5;2024;7E;0
RA-1228;Aluno-1228;17;Menina;;7.5;;2.52;;;10.0;0;Fase 7 (3° EM);;2023;FASE 7;0
RA-1228;Aluno-1228;18;Menina;4.8761;8.751;0.0;7.51;0.0;7.5;10.0;0;Fase 7 (3° EM);7.5;2024;7E;0
RA-1229;Aluno-1229;1900-01-16 00:00:00;Menina;;8.3;;7.52;;;10.0;1;Fase 6 (2° EM);;2023;FASE 7;0
RA-1229;Aluno-1229;17;Menina;4.8238;9.168;0.0;6.57;0.0;7.5;10.0;0;Fase 7 (3° EM);7.5;2024;7E;0
RA-123;Aluno-123;16;Menino;7.084;7.9;8.6;5.6;6.5;7.292;5.0;-2;;;2022;4;1
RA-123;Aluno-123;17;Menino;6.068333333;0.0;9.4;5.0;5.7;6.8375;5.0;-2;Fase 7 (3° EM);6.875;2023;FASE 5;1
RA-123;Aluno-123;18;Menino;6.887248015866668;7.5;8.412698412666666;5.635;7.166666666666667;6.43;5.0;-1;Fase 7 (3° EM);6.71875;2024;6A;1
RA-1230;Aluno-1230;16;Menina;;0.0;;2.52;;;10.0;1;Fase 6 (2° EM);;2023;FASE 7;0
RA-1230;Aluno-1230;17;Menina;4.7612000000000005;7.917;0.0;7.195;0.0;7.5;10.0;0;Fase 7 (3° EM);7.5;2024;7E;0
RA-1231;Aluno-1231;22;Menino;;;;;;;10.0;0;Fase 8 (Universitários);;2023;FASE 8;0
RA-1231;Aluno-1231;23;Menino;INCLUIR;;0.0;;;;10.0;1;Fase 8 (Universitários);;2024;9;0
RA-1232;Aluno-1232;21;Menino;;;;;;;10.0;0;Fase 8 (Universitários);;2023;FASE 8;0
RA-1232;Aluno-1232;22;Menino;INCLUIR;;0.0;;;;10.0;1;Fase 8 (Universitários);;2024;9;0
RA-1233;Aluno-1233;22;Menina;;;;;;;10.0;0;Fase 8 (Universitários);;2023;FASE 8;0
RA-1233;Aluno-1233;23;Menina;INCLUIR;;0.0;;;;10.0;1;Fase 8 (Universitários);;2024;9;0
RA-1234;Aluno-1234;1900-01-20 00:00:00;Menina;;;;;;;10.0;0;Fase 8 (Universitários);;2023;FASE 8;0
RA-1234;Aluno-1234;21;Menina;;;0.0;;;;10.0;0;Fase 8 (Universitários);;2024;8A;0
RA-1235;Aluno-1235;21;Menino;;;;;;;10.0;0;Fase 8 (Universitários);;2023;FASE 8;0
RA-1235;Aluno-1235;22;Menino;INCLUIR;;0.0;;;;10.0;1;Fase 8 (Universitários);;2024;9;0
RA-1236;Aluno-1236;21;Menina;;;;;;;10.0;0;Fase 8 (Universitários);;2023;FASE 8;0
RA-1236;Aluno-1236;22;Menina;;;0.0;;;;10.0;0;Fase 8 (Universitários);;2024;8A;0
RA-1237;Aluno-1237;1900-01-21 00:00:00;Menina;;;;;;;10.0;0;Fase 8 (Universitários);;2023;FASE 8;0
RA-1237;Aluno-1237;22;Menina;INCLUIR;;0.0;;;;10.0;1;Fase 8 (Universitários);;2024;9;0
RA-1238;Aluno-1238;21;Menina;;;;;;;10.0;0;Fase 8 (Universitários);;2023;FASE 8;0
RA-1238;Aluno-1238;22;Menina;INCLUIR;;0.0;;;;10.0;1;Fase 8 (Universitários);;2024;9;0
RA-1239;Aluno-1239;1900-01-20 00:00:00;Menina;;;;;;;10.0;0;Fase 8 (Universitários);;2023;FASE 8;0
RA-1239;Aluno-1239;21;Menina;;;0.0;;;;10.0;0;Fase 8 (Universitários);;2024;8B;0
RA-124;Aluno-124;14;Menino;7.388;7.9;7.8;5.0;6.7;7.167;10.0;0;;;2022;4;0
RA-1240;Aluno-1240;20;Menino;;;;;;;10.0;0;Fase 8 (Universitários);;2023;FASE 8;0
RA-1240;Aluno-1240;21;Menino;;;0.0;;;;10.0;0;Fase 8 (Universitários);;2024;8B;0
RA-1241;Aluno-1241;1900-01-20 00:00:00;Menina;;;;;;;10.0;0;Fase 8 (Universitários);;2023;FASE 8;0
RA-1241;Aluno-1241;21;Menina;;;0.0;;;;10.0;0;Fase 8 (Universitários);;2024;8B;0
RA-1242;Aluno-1242;19;Menina;;;;;;;10.0;0;Fase 8 (Universitários);;2023;FASE 8;0
RA-1242;Aluno-1242;20;Menina;;;0.0;;;;10.0;0;Fase 8 (Universitários);;2024;8B;0
RA-1243;Aluno-1243;1900-01-19 00:00:00;Menina;;;;;;;10.0;0;Fase 8 (Universitários);;2023;FASE 8;0
RA-1244;Aluno-1244;20;Menina;;;;;;;10.0;0;Fase 8 (Universitários);;2023;FASE 8;0
RA-1244;Aluno-1244;21;Menina;;;0.0;;;;10.0;0;Fase 8 (Universitários);;2024;8B;0
RA-1245;Aluno-1245;1900-01-20 00:00:00;Menino;;;;;;;10.0;0;Fase 8 (Universitários);;2023;FASE 8;0
RA-1245;Aluno-1245;21;Menino;;;0.0;;;;10.0;0;Fase 8 (Universitários);;2024;8B;0
RA-1246;Aluno-1246;20;Menina;;;;;;;10.0;0;Fase 8 (Universitários);;2023;FASE 8;0
RA-1246;Aluno-1246;21;Menina;;;0.0;;;;10.0;0;Fase 8 (Universitários);;2024;8B;0
RA-1247;Aluno-1247;21;Menina;;;;;;;10.0;0;Fase 8 (Universitários);;2023;FASE 8;0
RA-1248;Aluno-1248;20;Menino;;;;;;;10.0;0;Fase 8 (Universitários);;2023;FASE 8;0
RA-1248;Aluno-1248;21;Menino;;;0.0;;;;10.0;0;Fase 8 (Universitários);;2024;8B;0
RA-1249;Aluno-1249;1900-01-26 00:00:00;Menino;;;;;;;10.0;0;Fase 8 (Universitários);;2023;FASE 8;0
RA-1249;Aluno-1249;27;Menino;;;0.0;;;;10.0;0;Fase 8 (Universitários);;2024;8B;0
RA-125;Aluno-125;15;Menina;7.619;8.8;8.5;7.5;7.1;7.75;5.0;-1;;;2022;4;1
RA-125;Aluno-125;16;Menina;6.989633333;9.2;7.7;5.0;5.8;7.835;5.0;-1;Fase 6 (2° EM);8.125;2023;FASE 5;1
RA-125;Aluno-125;17;Menina;6.627079761933334;8.334;5.6428571430000005;7.51;6.166666666666667;7.232;5.0;-1;Fase 7 (3° EM);7.34375;2024;6A;1
RA-1250;Aluno-1250;1900-01-20 00:00:00;Menino;;;;;;;10.0;0;Fase 8 (Universitários);;2023;FASE 8;0
RA-1250;Aluno-1250;21;Menino;;;0.0;;;;10.0;0;Fase 8 (Universitários);;2024;8B;0
RA-1251;Aluno-1251;20;Menina;;;;;;;10.0;0;Fase 8 (Universitários);;2023;FASE 8;0
RA-1251;Aluno-1251;21;Menina;;;0.0;;;;10.0;0;Fase 8 (Universitários);;2024;8B;0
RA-1252;Aluno-1252;1900-01-21 00:00:00;Menina;;;;;;;10.0;0;Fase 8 (Universitários);;2023;FASE 8;0
RA-1252;Aluno-1252;22;Menina;INCLUIR;;0.0;;;;10.0;1;Fase 8 (Universitários);;2024;9;0
RA-1253;Aluno-1253;23;Menina;;;;;;;10.0;0;Fase 8 (Universitários);;2023;FASE 8;0
RA-1253;Aluno-1253;24;Menina;;;0.0;;;;10.0;0;Fase 8 (Universitários);;2024;8D;0
RA-1254;Aluno-1254;19;Menino;;;;;;;10.0;0;Fase 8 (Universitários);;2023;FASE 8;0
RA-1254;Aluno-1254;20;Menino;INCLUIR;;0.0;;;;10.0;1;Fase 8 (Universitários);;2024;9;0
RA-1255;Aluno-1255;1900-01-19 00:00:00;Menino;;;;;;;10.0;0;Fase 8 (Universitários);;2023;FASE 8;0
RA-1255;Aluno-1255;20;Menino;;;0.0;;;;10.0;0;Fase 8 (Universitários);;2024;8D;0
RA-1256;Aluno-1256;18;Menina;;;;;;;10.0;0;Fase 8 (Universitários);;2023;FASE 8;0
RA-1256;Aluno-1256;19;Menina;;;0.0;;;;10.0;0;Fase 8 (Universitários);;2024;8D;0
RA-1257;Aluno-1257;18;Menino;;;;;;;10.0;0;Fase 8 (Universitários);;2023;FASE 8;0
RA-1257;Aluno-1257;19;Menino;;;0.0;;;;10.0;0;Fase 8 (Universitários);;2024;8D;0
RA-1258;Aluno-1258;24;Menino;;;;;;;10.0;0;Fase 8 (Universitários);;2023;FASE 8;0
RA-1258;Aluno-1258;25;Menino;INCLUIR;;0.0;;;;10.0;1;Fase 8 (Universitários);;2024;9;0
RA-1259;Aluno-1259;1900-01-19 00:00:00;Menina;;;;;;;10.0;0;Fase 8 (Universitários);;2023;FASE 8;0
RA-1259;Aluno-1259;20;Menina;;;0.0;;;;10.0;0;Fase 8 (Universitários);;2024;8D;0
RA-126;Aluno-126;15;Menino;6.289;7.1;5.8;7.5;4.4;7.417;5.0;-1;;;2022;4;1
RA-1260;Aluno-1260;1900-01-19 00:00:00;Menino;;;;;;;10.0;0;Fase 8 (Universitários);;2023;FASE 8;0
RA-1260;Aluno-1260;20;Menino;INCLUIR;;0.0;;;;10.0;1;Fase 8 (Universitários);;2024;9;0
RA-1261;Aluno-1261;1900-01-19 00:00:00;Menina;;;;;;;10.0;0;Fase 8 (Universitários);;2023;FASE 8;0
RA-1261;Aluno-1261;20;Menina;;;0.0;;;;10.0;0;Fase 8 (Universitários);;2024;8D;0
RA-1262;Aluno-1262;19;Menina;;;;;;;10.0;0;Fase 8 (Universitários);;2023;FASE 8;0
RA-1262;Aluno-1262;20;Menina;;;0.0;;;;10.0;0;Fase 8 (Universitários);;2024;8D;0
RA-1263;Aluno-1263;1900-01-20 00:00:00;Menina;;;;;;;10.0;0;Fase 8 (Universitários);;2023;FASE 8;0
RA-1263;Aluno-1263;21;Menina;;;0.0;;;;10.0;0;Fase 8 (Universitários);;2024;8D;0
RA-1264;Aluno-1264;1900-01-20 00:00:00;Menina;;;;;;;10.0;0;Fase 8 (Universitários);;2023;FASE 8;0
RA-1264;Aluno-1264;21;Menina;;;0.0;;;;10.0;0;Fase 8 (Universitários);;2024;8D;0
RA-1265;Aluno-1265;1900-01-20 00:00:00;Menino;;;;;;;10.0;0;Fase 8 (Universitários);;2023;FASE 8;0
RA-1265;Aluno-1265;21;Menino;;;0.0;;;;10.0;0;Fase 8 (Universitários);;2024;8D;0
RA-1266;Aluno-1266;1900-01-19 00:00:00;Menina;;;;;;;10.0;0;Fase 8 (Universitários);;2023;FASE 8;0
RA-1266;Aluno-1266;20;Menina;INCLUIR;;0.0;;;;10.0;1;Fase 8 (Universitários);;2024;9;0
RA-1267;Aluno-1267;22;Menina;;;;;;;10.0;0;Fase 8 (Universitários);;2023;FASE 8;0
RA-1267;Aluno-1267;23;Menina;INCLUIR;;0.0;;;;10.0;1;Fase 8 (Universitários);;2024;9;0
RA-1268;Aluno-1268;19;Menino;;;;;;;10.0;0;Fase 8 (Universitários);;2023;FASE 8;0
RA-1268;Aluno-1268;20;Menino;INCLUIR;;0.0;;;;10.0;1;Fase 8 (Universitários);;2024;9;0
RA-1269;Aluno-1269;18;Menina;;;;;;;10.0;0;Fase 8 (Universitários);;2023;FASE 8;0
RA-1269;Aluno-1269;19;Menina;;;0.0;;;;10.0;0;Fase 8 (Universitários);;2024;8E;0
RA-127;Aluno-127;14;Menina;8.283;7.5;8.7;7.5;7.9;8.125;10.0;0;;;2022;4;0
RA-127;Aluno-127;15;Menina;7.91935;8.8;7.8;6.26;6.4;8.6725;10.0;0;Fase 5 (1° EM);8.4375;2023;FASE 5;0
RA-127;Aluno-127;16;Menina;8.5605939394;8.751;9.488636363666666;7.51;7.833333333333333;8.538;10.0;0;Fase 5 (1° EM);7.625;2024;5A;0
RA-1270;Aluno-1270;19;Menina;;;;;;;10.0;0;Fase 8 (Universitários);;2023;FASE 8;0
RA-1270;Aluno-1270;20;Menina;;;0.0;;;;10.0;0;Fase 8 (Universitários);;2024;8E;0
RA-1271;Aluno-1271;18;Menina;;;;;;;10.0;0;Fase 8 (Universitários);;2023;FASE 8;0
RA-1271;Aluno-1271;19;Menina;;;0.0;;;;10.0;0;Fase 8 (Universitários);;2024;8E;0
RA-1272;Aluno-1272;1900-01-18 00:00:00;Menina;;;;;;;10.0;0;Fase 8 (Universitários);;2023;FASE 8;0
RA-1272;Aluno-1272;20;Menina;;;0.0;;;;10.0;0;Fase 8 (Universitários);;2024;8E;0
RA-1273;Aluno-1273;17;Menina;;;;;;;10.0;1;Fase 7 (3° EM);;2023;FASE 8;0
RA-1273;Aluno-1273;18;Menina;;;0.0;;;;10.0;0;Fase 8 (Universitários);;2024;8E;0
RA-1274;Aluno-1274;1900-01-18 00:00:00;Menina;;;;;;;10.0;0;Fase 8 (Universitários);;2023;FASE 8;0
RA-1274;Aluno-1274;19;Menina;;;0.0;;;;10.0;0;Fase 8 (Universitários);;2024;8E;0
RA-1275;Aluno-1275;8;Menino;7.611366666700001;10.002;8.6666666665;6.26;8.0;5.446666667;10.0;0;ALFA (1° e 2° ano);5.625;2024;ALFA;0
RA-1276;Aluno-1276;8;Menina;8.002866666700001;10.002;9.3333333335;3.76;8.0;7.05;10.0;0;ALFA (1° e 2° ano);7.5;2024;ALFA;0
RA-1277;Aluno-1277;8;Menino;7.952200000100001;10.002;9.0833333335;3.76;8.0;7.046666667;10.0;0;ALFA (1° e 2° ano);7.5;2024;ALFA;0
RA-1278;Aluno-1278;9;Menino;5.444199999900001;9.002;4.1666666665;3.76;7.5;4.173333333;5.0;-1;Fase 1 (3° e 4° ano);5.0;2024;ALFA;1
RA-1279;Aluno-1279;9;Menina;8.0822;10.002;10.0;6.26;8.25;7.78;5.0;-1;Fase 1 (3° e 4° ano);7.5;2024;ALFA;1
RA-128;Aluno-128;15;Menino;5.563;0.0;6.2;7.5;5.6;6.167;5.0;-1;;;2022;4;1
RA-128;Aluno-128;16;Menino;6.503908333;6.7;7.3;5.0;5.7;7.5475;5.0;-1;Fase 6 (2° EM);7.34375;2023;FASE 5;1
RA-1280;Aluno-1280;9;Menino;8.152624242500002;10.002;9.5454545455;6.26;8.5;8.336666667;5.0;-1;Fase 1 (3° e 4° ano);7.5;2024;ALFA;1
RA-1281;Aluno-1281;9;Menina;7.982890909100001;7.918;9.5454545455;6.26;9.25;7.78;5.0;-1;Fase 1 (3° e 4° ano);7.5;2024;ALFA;1
RA-1282;Aluno-1282;9;Menina;7.8769272727000015;9.502;8.1136363635;6.26;9.25;7.89;5.0;-1;Fase 1 (3° e 4° ano);7.5;2024;ALFA;1
RA-1283;Aluno-1283;10;Menino;8.3033538462;10.002;9.230769231;7.51;9.0;8.28;5.0;-2;Fase 2 (5° e 6° ano);7.5;2024;ALFA;1
RA-1284;Aluno-1284;8;Menina;8.3800152174;9.002;9.347826087;2.51;10.0;7.89;10.0;0;ALFA (1° e 2° ano);7.8125;2024;ALFA;0
RA-1285;Aluno-1285;7;Menina;8.156578882000002;10.002;8.830227742999998;2.51;8.0;8.946666667;10.0;0;ALFA (1° e 2° ano);7.5;2024;ALFA;0
RA-1286;Aluno-1286;7;Menino;5.914801966800001;8.002;5.051759834;2.51;7.0;4.61;10.0;0;ALFA (1° e 2° ano);5.3125;2024;ALFA;0
RA-1287;Aluno-1287;8;Menina;7.619650310500001;10.002;9.3064182195;2.51;7.75;8.223333333;5.0;-1;Fase 1 (3° e 4° ano);8.125;2024;ALFA;1
RA-1288;Aluno-1288;7;Menina;7.9208899585;9.002;7.9813664595;2.51;10.0;7.273333333;10.0;0;ALFA (1° e 2° ano);7.1875;2024;ALFA;0
RA-1289;Aluno-1289;10;Menina;7.2171722223;7.002;9.4444444445;7.51;7.75;6.166666667;5.0;-1;Fase 1 (3° e 4° ano);5.9375;2024;ALFA;1
RA-129;Aluno-129;15;Menino;6.926;6.7;6.4;7.5;6.7;7.792;5.0;-1;;;2022;4;1
RA-1290;Aluno-1290;9;Menino;8.407200000000001;10.002;10.0;7.51;8.75;8.28;5.0;-1;Fase 1 (3° e 4° ano);7.5;2024;ALFA;1
RA-1291;Aluno-1291;9;Menino;8.079200000000002;9.502;9.5;7.51;8.25;7.89;5.0;-1;Fase 1 (3° e 4° ano);7.5;2024;ALFA;1
RA-1292;Aluno-1292;9;Menina;6.9031621211;7.502;4.7727272725;7.51;8.25;7.893333333;5.0;-1;Fase 1 (3° e 4° ano);7.1875;2024;ALFA;1
RA-1293;Aluno-1293;9;Menina;8.005023232300001;8.002;9.4949494945;7.51;8.5;8.336666667;5.0;-1;Fase 1 (3° e 4° ano);6.875;2024;ALFA;1
RA-1294;Aluno-1294;10;Menino;7.9493666666;9.502;10.0;7.51;7.75;7.553333333;5.0;-2;Fase 2 (5° e 6° ano);6.875;2024;ALFA;1
RA-1295;Aluno-1295;8;Menina;8.0617454545;10.002;9.5227272725;2.51;7.5;8.28;10.0;0;ALFA (1° e 2° ano);7.5;2024;ALFA;0
RA-1296;Aluno-1296;9;Menina;7.0574222223000005;9.002;8.4444444445;2.51;6.5;8.336666667;5.0;-1;Fase 1 (3° e 4° ano);7.5;2024;ALFA;1
RA-1297;Aluno-1297;8;Menino;7.620247619000001;9.502;9.761904762;2.51;9.25;6.833333333;5.0;-1;Fase 1 (3° e 4° ano);7.5;2024;ALFA;1
RA-1298;Aluno-1298;8;Menino;7.577287995300001;9.502;6.643356643500001;7.51;6.75;7.393333333;10.0;0;ALFA (1° e 2° ano);7.1875;2024;ALFA;0
RA-1299;Aluno-1299;10;Menino;7.069727777800001;8.502;7.638888889;7.51;6.5;7.11;5.0;-2;Fase 2 (5° e 6° ano);7.1875;2024;ALFA;1
RA-13;Aluno-13;18;Menino;6.902;7.9;7.4;7.5;4.7;8.056;5.0;-1;;;2022;7;1
RA-13;Aluno-13;18;Menino;;;;;;;10.0;0;Fase 8 (Universitários);;2023;FASE 8;0
RA-13;Aluno-13;19;Menino;;;0.0;;;;10.0;0;Fase 8 (Universitários);;2024;8D;0
RA-130;Aluno-130;16;Menina;5.624;8.3;4.7;5.0;4.1;6.5;5.0;-2;;;2022;4;1
RA-1300;Aluno-1300;8;Menina;7.623866666600001;8.502;8.75;2.51;9.0;8.613333333;5.0;-1;Fase 1 (3° e 4° ano);7.5;2024;ALFA;1
RA-1301;Aluno-1301;8;Menino;5.6345333333;9.502;2.9166666665000003;2.51;7.0;6.0;5.0;-1;Fase 1 (3° e 4° ano);7.5;2024;ALFA;1
RA-1302;Aluno-1302;8;Menino;5.758866666800001;10.002;5.416666667;2.51;4.0;4.996666667;10.0;0;ALFA (1° e 2° ano);6.25;2024;ALFA;0
RA-1303;Aluno-1303;8;Menina;8.8352;10.002;10.0;2.51;10.0;9.17;10.0;0;ALFA (1° e 2° ano);7.5;2024;ALFA;0
RA-1304;Aluno-1304;10;Menina;7.085119934500001;9.002;7.9575163395;8.135;6.0;6.493333333;5.0;-2;Fase 2 (5° e 6° ano);7.8125;2024;ALFA;1
RA-1305;Aluno-1305;10;Menina;6.685221929800001;8.502;8.710526316;2.51;4.75;8.053333333;5.0;-1;Fase 1 (3° e 4° ano);7.8125;2024;ALFA;1
RA-1306;Aluno-1306;8;Menina;8.503033333400001;9.002;10.0;8.135;9.75;7.946666667;5.0;-1;Fase 1 (3° e 4° ano);7.5;2024;ALFA;1
RA-1307;Aluno-1307;8;Menino;6.5940333333000005;10.002;5.833333333500001;6.255;5.5;5.383333333;10.0;0;ALFA (1° e 2° ano);6.25;2024;ALFA;0
RA-1308;Aluno-1308;9;Menina;6.876997101400001;10.002;7.445652174;7.51;6.0;5.933333333;5.0;-1;Fase 1 (3° e 4° ano);7.5;2024;ALFA;1
RA-1309;Aluno-1309;7;Menina;8.379199999899999;9.002;9.1666666665;7.51;7.5;8.223333333;10.0;0;ALFA (1° e 2° ano);7.5;2024;ALFA;0
RA-131;Aluno-131;15;Menina;7.174;8.8;9.0;5.6;5.6;7.75;5.0;-1;;;2022;4;1
RA-131;Aluno-131;16;Menina;5.952358333;8.3;7.8;5.0;2.2;6.8;5.0;-1;Fase 6 (2° EM);7.65625;2023;FASE 5;1
RA-131;Aluno-131;17;Menina;7.263155555633333;8.751;9.444444444666667;7.51;5.0;7.386666667;5.0;-2;Fase 7 (3° EM);7.708333333;2024;5F;1
RA-1310;Aluno-1310;7;Menina;8.3907833334;8.502;9.375;2.51;10.0;8.166666667;10.0;0;ALFA (1° e 2° ano);7.8125;2024;ALFA;0
RA-1311;Aluno-1311;8;Menino;6.4118666668;9.002;9.166666667;2.51;0.0;8.386666667;10.0;0;ALFA (1° e 2° ano);7.5;2024;ALFA;0
RA-1312;Aluno-1312;9;Menino;7.510200000000001;10.002;8.333333333;7.51;6.5;8.336666667;5.0;-1;Fase 1 (3° e 4° ano);6.25;2024;ALFA;1
RA-1313;Aluno-1313;8;Menino;8.0155333334;9.502;8.125;7.51;6.25;8.446666667;10.0;0;ALFA (1° e 2° ano);7.5;2024;ALFA;0
RA-1314;Aluno-1314;7;Menina;8.239799999999999;7.418;8.541666667;7.51;9.0;7.443333333;10.0;0;ALFA (1° e 2° ano);7.5;2024;ALFA;0
RA-1315;Aluno-1315;7;Menino;8.3510666667;6.834;8.3333333335;7.51;9.0;8.5;10.0;0;ALFA (1° e 2° ano);7.5;2024;ALFA;0
RA-1316;Aluno-1316;9;Menina;7.59291123;9.002;8.20855615;7.51;7.75;7.5;5.0;-1;Fase 1 (3° e 4° ano);7.5;2024;ALFA;1
RA-1317;Aluno-1317;9;Menina;7.665638502700001;7.502;7.0721925135;7.51;10.0;7.5;5.0;-1;Fase 1 (3° e 4° ano);7.5;2024;ALFA;1
RA-1318;Aluno-1318;8;Menina;6.823383155100001;8.502;7.6871657755000005;7.51;5.0;7.33;5.0;-1;Fase 1 (3° e 4° ano);7.1875;2024;ALFA;1
RA-1319;Aluno-1319;9;Menino;7.201526797300001;8.502;5.7516339865;7.51;8.5;7.5;5.0;-1;Fase 1 (3° e 4° ano);7.5;2024;ALFA;1
RA-132;Aluno-132;14;Menina;8.355;10.0;8.8;5.6;7.7;8.458;10.0;0;;;2022;4;0
RA-132;Aluno-132;15;Menina;7.350625;7.5;8.7;2.52;6.5;7.715;10.0;0;Fase 5 (1° EM);7.65625;2023;FASE 5;0
RA-132;Aluno-132;16;Menina;8.4746321428;8.334;8.380952380666665;7.51;8.333333333333334;8.44;10.0;0;Fase 6 (2° EM);8.59375;2024;6A;0
RA-1320;Aluno-1320;10;Menino;7.8845333333;9.002;9.1666666665;7.51;8.25;7.5;5.0;-1;Fase 1 (3° e 4° ano);7.5;2024;ALFA;1
RA-1321;Aluno-1321;7;Menino;7.95295;9.002;8.875;6.885;8.75;5.915;10.0;0;ALFA (1° e 2° ano);6.5625;2024;ALFA;0
RA-1322;Aluno-1322;8;Menina;8.47795;9.502;9.0;7.51;7.5;8.165;10.0;0;ALFA (1° e 2° ano);8.4375;2024;ALFA;0
RA-1323;Aluno-1323;9;Menino;7.487366666700001;10.002;9.0833333335;7.51;7.0;6.66;5.0;-1;Fase 1 (3° e 4° ano);6.875;2024;ALFA;1
RA-1324;Aluno-1324;9;Menino;8.332450000000001;10.002;10.0;7.51;8.5;8.0;5.0;-1;Fase 1 (3° e 4° ano);7.8125;2024;ALFA;1
RA-1325;Aluno-1325;8;Menino;8.9824954545;9.002;9.5227272725;7.51;10.0;7.915;10.0;0;ALFA (1° e 2° ano);8.4375;2024;ALFA;0
RA-1326;Aluno-1326;8;Menina;7.6397833333000005;9.002;9.2916666665;7.51;4.5;7.245;10.0;0;ALFA (1° e 2° ano);7.8125;2024;ALFA;0
RA-1327;Aluno-1327;7;Menina;8.264116666700001;9.002;9.3333333335;7.51;7.5;7.325;10.0;0;ALFA (1° e 2° ano);7.8125;2024;ALFA;0
RA-1328;Aluno-1328;8;Menina;8.0588666667;8.502;8.2083333335;7.51;10.0;7.83;5.0;-1;Fase 1 (3° e 4° ano);7.5;2024;ALFA;1
RA-1329;Aluno-1329;8;Menino;7.98945;9.502;10.0;7.51;6.5;6.66;10.0;0;ALFA (1° e 2° ano);6.5625;2024;ALFA;0
RA-133;Aluno-133;15;Menina;6.875;7.9;7.1;7.5;5.6;7.625;5.0;-1;;;2022;4;1
RA-133;Aluno-133;16;Menina;6.168416667;7.5;7.9;2.52;5.3;6.505;5.0;-1;Fase 6 (2° EM);7.1875;2023;FASE 5;1
RA-1330;Aluno-1330;8;Menina;8.944616666700002;10.002;9.3333333335;7.51;9.5;7.915;10.0;0;ALFA (1° e 2° ano);8.4375;2024;ALFA;0
RA-1331;Aluno-1331;7;Menina;7.8522833333;9.002;7.291666666499999;7.51;7.25;7.245;10.0;0;ALFA (1° e 2° ano);8.4375;2024;ALFA;0
RA-1332;Aluno-1332;10;Menino;8.1040529412;8.502;9.411764706;7.51;8.25;7.665;5.0;-2;Fase 2 (5° e 6° ano);9.375;2024;ALFA;1
RA-1333;Aluno-1333;9;Menino;8.213199999999999;7.502;10.0;6.255;9.25;7.75;5.0;-1;Fase 1 (3° e 4° ano);9.375;2024;ALFA;1
RA-1334;Aluno-1334;9;Menino;8.350200000000001;10.002;10.0;5.625;9.0;7.75;5.0;-1;Fase 1 (3° e 4° ano);9.375;2024;ALFA;1
RA-1335;Aluno-1335;10;Menino;8.3217;9.002;9.75;7.51;8.75;7.665;5.0;-2;Fase 2 (5° e 6° ano);9.375;2024;ALFA;1
RA-1336;Aluno-1336;8;Menina;7.141365631500001;9.502;6.2008281575;2.51;9.5;7.75;5.0;-1;Fase 1 (3° e 4° ano);7.5;2024;ALFA;1
RA-1337;Aluno-1337;10;Menino;6.015144444400001;8.002;4.722222222;7.51;6.0;5.66;5.0;-2;Fase 2 (5° e 6° ano);6.875;2024;ALFA;1
RA-1338;Aluno-1338;8;Menino;6.1368428571;8.002;8.6607142855;7.51;3.0;5.33;5.0;-1;Fase 1 (3° e 4° ano);6.875;2024;ALFA;1
RA-1339;Aluno-1339;8;Menina;7.3547;8.502;10.0;6.885;8.75;5.33;5.0;-1;Fase 1 (3° e 4° ano);5.0;2024;ALFA;1
RA-134;Aluno-134;15;Menina;6.607;8.8;6.8;7.5;4.7;7.375;5.0;-1;;;2022;4;1
RA-1340;Aluno-1340;8;Menina;8.3422714286;9.502;8.392857143;7.51;10.0;7.0;10.0;0;ALFA (1° e 2° ano);5.625;2024;ALFA;0
RA-1341;Aluno-1341;9;Menino;7.862906349200001;10.002;9.246031746;7.51;10.0;6.0;5.0;-1;Fase 1 (3° e 4° ano);5.625;2024;ALFA;1
RA-1342;Aluno-1342;8;Menino;7.8185809524000005;9.502;9.761904762;7.51;9.0;5.575;5.0;-1;Fase 1 (3° e 4° ano);7.5;2024;ALFA;1
RA-1343;Aluno-1343;7;Menina;8.8262;8.002;10.0;7.51;9.75;8.5;10.0;0;ALFA (1° e 2° ano);6.25;2024;ALFA;0
RA-1344;Aluno-1344;8;Menina;9.3612;8.502;10.0;7.51;10.0;9.425;10.0;0;ALFA (1° e 2° ano);8.75;2024;ALFA;0
RA-1345;Aluno-1345;9;Menino;7.2340128655000004;8.502;9.4590643275;7.51;6.25;6.83;5.0;-1;Fase 1 (3° e 4° ano);6.25;2024;ALFA;1
RA-1346;Aluno-1346;8;Menino;7.3701047619;9.502;8.0595238095;7.51;5.5;6.66;10.0;0;ALFA (1° e 2° ano);6.25;2024;ALFA;0
RA-1347;Aluno-1347;9;Menino;6.153842857100001;8.502;8.7857142855;2.51;5.0;6.165;5.0;-1;Fase 1 (3° e 4° ano);5.625;2024;ALFA;1
RA-1348;Aluno-1348;8;Menino;7.9604662539;7.502;8.5913312695;7.51;9.0;7.83;5.0;-1;Fase 1 (3° e 4° ano);8.75;2024;ALFA;1
RA-1349;Aluno-1349;10;Menino;7.855727777800001;8.002;8.388888889;7.51;8.5;7.915;5.0;-1;Fase 1 (3° e 4° ano);8.4375;2024;ALFA;1
RA-135;Aluno-135;15;Menina;7.692;8.3;7.8;5.6;8.6;8.583;5.0;-1;;;2022;4;1
RA-1350;Aluno-1350;10;Menina;8.335450000000002;8.502;10.0;8.755;8.5;7.83;5.0;-2;Fase 2 (5° e 6° ano);8.4375;2024;ALFA;1
RA-1351;Aluno-1351;9;Menino;8.1861038462;9.002;9.230769231;8.13;8.75;7.665;5.0;-1;Fase 1 (3° e 4° ano);8.4375;2024;ALFA;1
RA-1352;Aluno-1352;9;Menino;8.289950000000001;10.002;9.5;8.13;8.5;7.665;5.0;-1;Fase 1 (3° e 4° ano);8.4375;2024;ALFA;1
RA-1353;Aluno-1353;10;Menina;6.454700000000001;8.002;9.5;7.51;3.0;6.08;5.0;-1;Fase 1 (3° e 4° ano);6.875;2024;ALFA;1
RA-1354;Aluno-1354;10;Menina;7.353427272700001;9.502;8.3636363635;7.51;6.0;7.335;5.0;-1;Fase 1 (3° e 4° ano);8.125;2024;ALFA;1
RA-1355;Aluno-1355;10;Menino;7.202245454500001;10.002;6.5227272725;7.51;7.0;7.17;5.0;-1;Fase 1 (3° e 4° ano);8.125;2024;ALFA;1
RA-1356;Aluno-1356;8;Menina;7.8695888889;9.002;9.4444444445;7.51;5.5;7.085;10.0;0;ALFA (1° e 2° ano);8.125;2024;ALFA;0
RA-1357;Aluno-1357;9;Menino;7.1807;8.002;7.5;7.51;6.75;7.335;5.0;-1;Fase 1 (3° e 4° ano);8.125;2024;ALFA;1
RA-1358;Aluno-1358;7;Menina;6.552990476200001;9.168;7.380952381;5.01;4.0;6.17;10.0;0;ALFA (1° e 2° ano);6.25;2024;ALFA;0
RA-1359;Aluno-1359;7;Menina;7.2102;8.502;9.0;5.635;6.0;6.17;10.0;0;ALFA (1° e 2° ano);5.625;2024;ALFA;0
RA-136;Aluno-136;15;Menino;6.478;10.0;6.3;7.5;4.6;6.667;5.0;-1;;;2022;4;1
RA-1360;Aluno-1360;8;Menino;6.8480623189;8.502;7.0018115945;7.51;5.0;6.42;10.0;0;ALFA (1° e 2° ano);5.625;2024;ALFA;0
RA-1361;Aluno-1361;8;Menina;8.738700000000001;9.502;9.375;5.635;10.0;8.0;10.0;0;ALFA (1° e 2° ano);7.5;2024;ALFA;0
RA-1362;Aluno-1362;7;Menino;7.709200000000001;10.002;6.875;5.635;8.5;6.915;10.0;0;ALFA (1° e 2° ano);6.875;2024;ALFA;0
RA-1363;Aluno-1363;7;Menina;7.690800000000001;7.418;10.0;5.635;6.5;6.99;10.0;0;ALFA (1° e 2° ano);6.875;2024;ALFA;0
RA-1364;Aluno-1364;9;Menino;7.570033333300001;8.002;8.4166666665;7.51;8.75;6.99;5.0;-1;Fase 1 (3° e 4° ano);6.875;2024;ALFA;1
RA-1365;Aluno-1365;9;Menino;7.3700333333;9.002;9.7916666665;6.26;6.5;6.99;5.0;-1;Fase 1 (3° e 4° ano);6.875;2024;ALFA;1
RA-1366;Aluno-1366;8;Menina;6.919852173900001;9.002;6.6032608695;7.51;6.5;6.99;5.0;-1;Fase 1 (3° e 4° ano);7.5;2024;ALFA;1
RA-1367;Aluno-1367;8;Menina;8.427286956500001;10.002;8.3804347825;7.51;8.75;7.5;10.0;0;ALFA (1° e 2° ano);7.5;2024;ALFA;0
RA-1368;Aluno-1368;8;Menino;8.6012;7.002;10.0;7.51;9.5;7.5;10.0;0;ALFA (1° e 2° ano);7.5;2024;ALFA;0
RA-1369;Aluno-1369;7;Menina;8.052286956500001;8.502;8.6304347825;6.26;8.0;7.5;10.0;0;ALFA (1° e 2° ano);7.5;2024;ALFA;0
RA-137;Aluno-137;17;Menina;7.056;7.5;8.9;5.0;7.3;7.792;2.5;-3;;;2022;4;1
RA-137;Aluno-137;17;Menina;5.937025;7.1;6.3;2.52;6.0;6.88;5.0;-2;Fase 7 (3° EM);6.40625;2023;FASE 5;1
RA-137;Aluno-137;18;Menina;6.576761183366667;9.585;7.582972583;5.005;6.833333333333333;6.276666667;5.0;-2;Fase 7 (3° EM);4.791666667;2024;5F;1
RA-1370;Aluno-1370;9;Menino;8.0456444444;10.002;8.722222222;7.51;9.0;7.5;5.0;-1;Fase 1 (3° e 4° ano);7.5;2024;ALFA;1
RA-1371;Aluno-1371;11;Menina;6.4843521739;7.502;6.9782608695;7.51;4.5;7.5;5.0;-1;Fase 1 (3° e 4° ano);6.875;2024;ALFA;1
RA-1372;Aluno-1372;8;Menina;7.9632000000000005;9.502;10.0;8.13;4.75;7.5;10.0;0;ALFA (1° e 2° ano);7.5;2024;ALFA;0
RA-1373;Aluno-1373;9;Menina;7.577286956500001;9.502;8.8804347825;7.51;6.75;7.5;5.0;-1;Fase 1 (3° e 4° ano);7.5;2024;ALFA;1
RA-1374;Aluno-1374;9;Menino;7.3707652174;9.502;9.347826087;7.51;5.25;7.5;5.0;-1;Fase 1 (3° e 4° ano);7.5;2024;ALFA;1
RA-1375;Aluno-1375;9;Menino;8.101200000000002;9.502;10.0;7.51;8.25;7.5;5.0;-1;Fase 1 (3° e 4° ano);7.5;2024;ALFA;1
RA-1376;Aluno-1376;9;Menino;8.2742769231;9.002;9.6153846155;7.51;9.75;7.5;5.0;-1;Fase 1 (3° e 4° ano);7.5;2024;ALFA;1
RA-1377;Aluno-1377;8;Menino;7.8987;9.002;10.0;8.13;5.5;6.99;10.0;0;ALFA (1° e 2° ano);6.875;2024;ALFA;0
RA-1378;Aluno-1378;10;Menina;7.6703428571;9.002;9.2857142855;8.13;6.75;7.5;5.0;-1;Fase 1 (3° e 4° ano);7.5;2024;ALFA;1
RA-1379;Aluno-1379;8;Menino;6.638292105300001;9.502;8.6842105265;3.755;7.25;5.16;5.0;-1;Fase 1 (3° e 4° ano);5.9375;2024;ALFA;1
RA-138;Aluno-138;15;Menino;6.738;9.6;8.0;5.6;5.6;6.375;5.0;-1;;;2022;4;1
RA-138;Aluno-138;16;Menino;6.784075;10.0;7.9;6.26;4.3;7.4175;5.0;-2;Fase 6 (2° EM);7.34375;2023;FASE 4;1
RA-138;Aluno-138;17;Menino;7.3860274169;9.585;8.751803751666666;7.51;5.833333333333333;7.443333333;5.0;-2;Fase 7 (3° EM);7.708333333;2024;5F;1
RA-1380;Aluno-1380;8;Menino;7.964342230600001;9.502;8.784461152999999;4.385;8.0;7.5;10.0;0;ALFA (1° e 2° ano);7.1875;2024;ALFA;0
RA-1381;Aluno-1381;8;Menina;9.038200000000002;9.502;10.0;8.13;9.5;7.5;10.0;0;ALFA (1° e 2° ano);8.75;2024;ALFA;0
RA-1382;Aluno-1382;9;Menina;7.834830952400001;8.502;9.761904762;7.51;7.5;7.5;5.0;-1;Fase 1 (3° e 4° ano);7.8125;2024;ALFA;1
RA-1383;Aluno-1383;8;Menina;8.3720803259;8.502;9.2606516295;7.51;8.5;7.5;10.0;0;ALFA (1° e 2° ano);7.1875;2024;ALFA;0
RA-1384;Aluno-1384;10;Menino;6.221984461100001;8.002;7.5689223055;7.51;5.0;5.16;5.0;-2;Fase 2 (5° e 6° ano);6.25;2024;ALFA;1
RA-1385;Aluno-1385;8;Menino;7.7262;10.002;10.0;4.385;8.0;7.5;5.0;-1;Fase 1 (3° e 4° ano);6.875;2024;ALFA;1
RA-1386;Aluno-1386;8;Menina;7.803580952400001;9.002;9.761904762;7.51;7.25;7.5;5.0;-1;Fase 1 (3° e 4° ano);7.5;2024;ALFA;1
RA-1387;Aluno-1387;8;Menina;7.8030796992;9.502;8.759398496;7.51;8.0;7.5;5.0;-1;Fase 1 (3° e 4° ano);7.5;2024;ALFA;1
RA-1388;Aluno-1388;8;Menina;7.015057142799999;9.002;8.214285713999999;6.88;5.0;7.67;5.0;-1;Fase 1 (3° e 4° ano);7.5;2024;ALFA;1
RA-1389;Aluno-1389;7;Menina;8.980533333299999;9.002;9.7916666665;6.88;10.0;8.42;10.0;0;ALFA (1° e 2° ano);7.5;2024;ALFA;0
RA-139;Aluno-139;17;Menino;3.738;7.1;3.5;5.0;1.4;3.917;2.5;-3;;;2022;4;1
RA-1390;Aluno-1390;7;Menina;8.4930333333;9.502;9.7916666665;5.005;8.25;8.42;10.0;0;ALFA (1° e 2° ano);7.5;2024;ALFA;0
RA-1391;Aluno-1391;7;Menino;8.8435333333;8.502;9.2916666665;7.51;10.0;8.17;10.0;0;ALFA (1° e 2° ano);7.5;2024;ALFA;0
RA-1392;Aluno-1392;9;Menino;5.4262;9.002;5.625;7.51;0.0;7.0;5.0;-1;Fase 1 (3° e 4° ano);7.5;2024;ALFA;1
RA-1393;Aluno-1393;7;Menina;7.2597000000000005;9.502;7.5;3.755;5.0;8.42;10.0;0;ALFA (1° e 2° ano);7.5;2024;ALFA;0
RA-1394;Aluno-1394;10;Menina;7.503255555500002;9.502;8.6944444445;7.51;5.75;8.003333333;5.0;-1;Fase 2 (5° e 6° ano);8.125;2024;1A;1
RA-1395;Aluno-1395;9;Menina;8.5997833334;9.502;10.0;7.51;7.75;7.836666667;10.0;0;Fase 1 (3° e 4° ano);7.8125;2024;1A;0
RA-1396;Aluno-1396;11;Menina;7.8477;9.502;10.0;7.51;6.5;7.67;5.0;-1;Fase 2 (5° e 6° ano);8.125;2024;1A;1
RA-1397;Aluno-1397;10;Menina;7.8280333334000005;9.002;10.0;6.26;7.0;7.946666667;5.0;-1;Fase 2 (5° e 6° ano);8.125;2024;1A;1
RA-1398;Aluno-1398;11;Menina;7.989700527000001;6.918;9.555335968;7.51;8.0;8.616666667;5.0;-1;Fase 2 (5° e 6° ano);8.125;2024;1B;1
RA-1399;Aluno-1399;11;Menina;7.438578787899999;9.002;9.7727272725;5.005;6.0;8.166666667;5.0;-1;Fase 2 (5° e 6° ano);7.5;2024;1B;1
RA-14;Aluno-14;21;Menino;6.793;7.9;8.3;7.5;4.0;7.75;5.0;-1;;;2022;7;1
RA-14;Aluno-14;21;Menino;;;;;;;10.0;0;Fase 8 (Universitários);;2023;FASE 8;0
RA-14;Aluno-14;22;Menino;;;0.0;;;;10.0;0;Fase 8 (Universitários);;2024;8E;0
RA-140;Aluno-140;14;Menina;7.407;7.9;7.6;6.9;5.7;7.667;10.0;0;;;2022;4;0
RA-1400;Aluno-1400;9;Menino;7.622839525700001;8.418;6.6501976285;7.51;7.25;7.5;10.0;0;Fase 1 (3° e 4° ano);7.5;2024;1B;0
RA-1401;Aluno-1401;13;Menino;8.1188277778;6.918;8.888888889;7.51;10.0;8.085;5.0;-2;Fase 3 (7° e 8° ano);7.8125;2024;1C;1
RA-1402;Aluno-1402;10;Menina;8.588040909100002;10.002;9.5454545455;7.51;7.25;8.17;10.0;0;Fase 1 (3° e 4° ano);8.4375;2024;1D;0
RA-1403;Aluno-1403;11;Menina;8.257421861500001;9.002;9.3073593075;7.51;8.75;8.255;5.0;-1;Fase 2 (5° e 6° ano);8.4375;2024;1D;1
RA-1404;Aluno-1404;9;Menina;8.3971318182;8.502;9.090909091;7.51;7.5;8.17;10.0;0;Fase 1 (3° e 4° ano);8.4375;2024;1D;0
RA-1405;Aluno-1405;10;Menina;8.4749727273;8.002;8.6363636365;7.51;8.75;8.17;10.0;0;Fase 1 (3° e 4° ano);8.125;2024;1D;0
RA-1406;Aluno-1406;10;Menina;7.8186772727000005;8.002;8.8636363635;7.51;7.5;8.255;5.0;-1;Fase 2 (5° e 6° ano);8.4375;2024;1D;1
RA-1407;Aluno-1407;10;Menino;7.546086363600001;10.002;9.318181818;7.51;5.75;7.5;5.0;-1;Fase 2 (5° e 6° ano);7.8125;2024;1D;1
RA-1408;Aluno-1408;11;Menino;7.626768181800001;10.002;8.409090909;7.51;6.75;7.5;5.0;-1;Fase 2 (5° e 6° ano);8.4375;2024;1D;1
RA-1409;Aluno-1409;10;Menino;7.863131818100001;10.002;9.0909090905;7.51;7.25;7.5;5.0;-1;Fase 2 (5° e 6° ano);8.4375;2024;1D;1
RA-141;Aluno-141;14;Menino;7.118;9.2;8.2;5.6;5.7;5.917;10.0;0;;;2022;4;0
RA-141;Aluno-141;15;Menino;6.719791667;9.6;8.4;5.63;4.5;7.0425;5.0;-1;Fase 5 (1° EM);7.03125;2023;FASE 4;1
RA-1410;Aluno-1410;11;Menino;7.5319272727;9.002;8.1136363635;7.51;6.25;8.165;5.0;-1;Fase 2 (5° e 6° ano);8.75;2024;1E;1
RA-1411;Aluno-1411;11;Menino;6.886950000000001;9.002;9.5;6.26;2.75;7.835;5.0;-1;Fase 2 (5° e 6° ano);8.4375;2024;1E;1
RA-1412;Aluno-1412;10;Menino;9.204671861500001;10.002;9.3073593075;7.51;9.75;8.835;10.0;0;Fase 1 (3° e 4° ano);8.75;2024;1E;0
RA-1413;Aluno-1413;12;Menino;7.747564718600001;9.002;8.593073593;7.51;7.25;7.92;5.0;-2;Fase 3 (7° e 8° ano);8.4375;2024;1E;1
RA-1414;Aluno-1414;10;Menina;8.840007359300001;9.502;9.2965367965;6.885;8.5;8.835;10.0;0;Fase 1 (3° e 4° ano);8.75;2024;1E;0
RA-1415;Aluno-1415;10;Menina;7.3712454546;8.002;9.7727272725;6.26;6.75;7.056666667;5.0;-1;Fase 2 (5° e 6° ano);7.291666667;2024;1G;1
RA-1416;Aluno-1416;12;Menina;7.375503030400001;8.502;8.2765151515;7.51;7.75;6.386666667;5.0;-1;Fase 2 (5° e 6° ano);7.916666667;2024;1G;1
RA-1417;Aluno-1417;10;Menino;7.7436242424;9.002;9.337121212;7.51;9.0;6.5;5.0;-1;Fase 2 (5° e 6° ano);6.25;2024;1G;1
RA-1418;Aluno-1418;11;Menino;7.7352909091000015;8.502;9.128787879;7.51;8.25;6.833333333;5.0;-1;Fase 2 (5° e 6° ano);7.916666667;2024;1G;1
RA-1419;Aluno-1419;10;Menina;8.7536999999;8.502;10.0;7.51;7.5;8.783333333;10.0;0;Fase 1 (3° e 4° ano);8.958333333;2024;1H;0
RA-142;Aluno-142;14;Menina;7.457;6.7;8.6;5.6;6.3;7.583;10.0;0;;;2022;4;0
RA-1420;Aluno-1420;12;Menino;5.6558;7.918;5.520833333500001;6.26;4.5;5.44;5.0;-2;Fase 3 (7° e 8° ano);6.458333333;2024;1H;1
RA-1421;Aluno-1421;11;Menino;7.126922222200001;9.002;6.777777778;7.51;7.5;7.163333333;5.0;-1;Fase 2 (5° e 6° ano);6.875;2024;1H;1
RA-1422;Aluno-1422;11;Menina;7.0132;9.502;7.5;7.51;4.75;7.7475;5.0;-1;Fase 2 (5° e 6° ano);8.125;2024;1J;1
RA-1423;Aluno-1423;11;Menino;6.403450000000001;8.502;5.3125;7.51;5.75;6.5425;5.0;-1;Fase 2 (5° e 6° ano);7.8125;2024;1J;1
RA-1424;Aluno-1424;12;Menina;7.5543388889;9.002;8.9444444445;7.51;7.25;6.915;5.0;-1;Fase 2 (5° e 6° ano);7.8125;2024;1J;1
RA-1425;Aluno-1425;12;Menino;6.8290988095000005;9.002;6.7976190475;7.51;7.0;5.92;5.0;-1;Fase 2 (5° e 6° ano);7.34375;2024;1J;1
RA-1426;Aluno-1426;11;Menina;5.8367476190000005;9.502;5.845238095;7.51;2.75;5.8325;5.0;-1;Fase 2 (5° e 6° ano);7.5;2024;1J;1
RA-1427;Aluno-1427;11;Menina;8.425325;9.502;10.0;7.51;8.0;8.6675;5.0;-1;Fase 2 (5° e 6° ano);8.90625;2024;1J;1
RA-1428;Aluno-1428;10;Menino;8.006108496800001;8.502;8.8562091505;7.51;8.0;8.085;5.0;-1;Fase 2 (5° e 6° ano);9.166666667;2024;1L;1
RA-1429;Aluno-1429;11;Menino;8.041811111100001;9.502;8.888888889;7.51;7.75;8.085;5.0;-1;Fase 2 (5° e 6° ano);8.958333333;2024;1L;1
RA-143;Aluno-143;13;Menino;8.638;8.3;9.9;5.6;7.9;9.5;10.0;1;;;2022;4;0
RA-143;Aluno-143;1900-01-14 00:00:00;Menino;7.794358333;8.3;9.6;2.52;6.5;8.3375;10.0;1;Fase 4 (9° ano);8.28125;2023;FASE 5;0
RA-143;Aluno-143;15;Menino;7.449366666666667;10.002;9.92;6.885;2.6333333333333333;7.5;10.0;2;Fase 5 (1° EM);7.5;2024;7E;0
RA-1430;Aluno-1430;11;Menino;7.864033333300001;8.502;10.0;7.51;6.25;8.085;5.0;-1;Fase 2 (5° e 6° ano);8.958333333;2024;1L;1
RA-1431;Aluno-1431;11;Menina;7.9147292443;9.002;7.7432712215;7.51;8.0;9.09;5.0;-1;Fase 2 (5° e 6° ano);7.96875;2024;1M;1
RA-1432;Aluno-1432;10;Menina;8.774075000000002;10.002;10.0;7.51;9.5;8.505;5.0;-1;Fase 2 (5° e 6° ano);9.21875;2024;1M;1
RA-1433;Aluno-1433;10;Menina;8.1939895962;8.502;9.068322981;7.51;8.75;8.505;5.0;-1;Fase 2 (5° e 6° ano);8.28125;2024;1M;1
RA-1434;Aluno-1434;10;Menino;8.2775982919;8.502;7.9813664595;6.26;9.0;9.76;5.0;-1;Fase 2 (5° e 6° ano);9.53125;2024;1M;1
RA-1435;Aluno-1435;10;Menino;7.7196166667;9.502;7.833333333500001;7.51;7.5;6.165;10.0;0;Fase 1 (3° e 4° ano);7.1875;2024;1M;0
RA-1436;Aluno-1436;11;Menina;7.589914648100001;7.418;8.674948240500001;7.51;8.0;7.17;5.0;-1;Fase 2 (5° e 6° ano);8.28125;2024;1M;1
RA-1437;Aluno-1437;11;Menina;7.982890217400001;8.502;9.347826087;7.51;8.0;7.92;5.0;-1;Fase 2 (5° e 6° ano);8.28125;2024;1M;1
RA-1438;Aluno-1438;10;Menina;8.176825000000001;10.002;9.0;7.51;7.0;9.175;5.0;-1;Fase 2 (5° e 6° ano);8.90625;2024;1M;1
RA-1439;Aluno-1439;11;Menina;8.507700000000002;7.502;10.0;7.51;8.5;9.345;5.0;-1;Fase 2 (5° e 6° ano);9.375;2024;1M;1
RA-144;Aluno-144;14;Menina;8.181;7.5;9.3;5.0;7.9;8.292;10.0;0;;;2022;4;0
RA-144;Aluno-144;14;Menina;4.990333333;0.0;5.2;2.52;4.4;6.0;10.0;1;Fase 4 (9° ano);6.25;2023;FASE 5;0
RA-1440;Aluno-1440;10;Menina;7.469102691500001;9.002;9.544513457499999;7.51;4.5;8.17;5.0;-1;Fase 2 (5° e 6° ano);8.75;2024;1M;1
RA-1441;Aluno-1441;9;Menino;8.961646169800002;9.502;9.109730849;7.51;8.5;9.005;10.0;0;Fase 1 (3° e 4° ano);9.375;2024;1M;0
RA-1442;Aluno-1442;13;Menino;7.135189648100001;8.002;8.674948240500001;7.51;7.25;5.745;5.0;-2;Fase 3 (7° e 8° ano);7.5;2024;1M;1
RA-1443;Aluno-1443;13;Menina;6.921633333300001;6.918;7.5;6.26;6.75;7.415;5.0;-2;Fase 3 (7° e 8° ano);7.708333333;2024;1N;1
RA-1444;Aluno-1444;11;Menino;6.610588888900001;8.502;5.277777778;7.51;6.0;7.415;5.0;-1;Fase 2 (5° e 6° ano);7.708333333;2024;1N;1
RA-1445;Aluno-1445;10;Menina;7.842866666700001;9.502;9.5;7.51;7.25;7.5;5.0;-1;Fase 2 (5° e 6° ano);7.916666667;2024;1N;1
RA-1446;Aluno-1446;9;Menino;5.9004061924;8.002;6.6501976285;6.26;0.0;7.075;10.0;0;Fase 1 (3° e 4° ano);7.291666667;2024;1N;0
RA-1447;Aluno-1447;11;Menina;7.5402350878;9.502;9.7368421055;7.51;5.25;7.75;5.0;-1;Fase 2 (5° e 6° ano);7.916666667;2024;1N;1
RA-1448;Aluno-1448;13;Menina;7.466126406900001;9.002;9.5346320345;7.51;6.0;7.29;5.0;-2;Fase 3 (7° e 8° ano);7.5;2024;1P;1
RA-1449;Aluno-1449;10;Menina;7.214341666700001;7.418;8.3333333335;7.51;6.75;7.04;5.0;-1;Fase 2 (5° e 6° ano);7.96875;2024;1R;1
RA-145;Aluno-145;16;Menino;5.846;0.0;6.3;8.1;5.2;7.25;5.0;-2;;;2022;4;1
RA-145;Aluno-145;17;Menino;;7.9;9.0;;6.2;7.4625;2.5;-3;Fase 7 (3° EM);7.96875;2023;FASE 4;1
RA-1450;Aluno-1450;9;Menino;7.405235714200002;9.502;8.571428571;7.51;3.5;7.5425;10.0;0;Fase 1 (3° e 4° ano);7.8125;2024;1R;0
RA-1451;Aluno-1451;11;Menina;7.560479761900002;10.002;8.8095238095;7.51;6.0;7.7525;5.0;-1;Fase 2 (5° e 6° ano);7.96875;2024;1R;1
RA-1452;Aluno-1452;12;Menino;8.6268666667;9.002;10.0;7.51;7.75;8.17;10.0;0;Fase 2 (5° e 6° ano);7.916666667;2024;2A;0
RA-1453;Aluno-1453;12;Menina;7.1234857143;8.502;7.8214285715;6.25;6.5;7.67;5.0;-1;Fase 3 (7° e 8° ano);7.5;2024;2A;1
RA-1454;Aluno-1454;10;Menina;7.7042238095;8.002;5.880952381;7.51;7.75;8.28;10.0;0;Fase 2 (5° e 6° ano);7.708333333;2024;2A;0
RA-1455;Aluno-1455;12;Menina;6.6442555555;8.002;7.777777778;7.51;3.5;7.833333333;5.0;-1;Fase 3 (7° e 8° ano);7.708333333;2024;2A;1
RA-1456;Aluno-1456;11;Menino;8.492914285800001;9.502;9.511904762;7.51;7.75;7.946666667;10.0;0;Fase 2 (5° e 6° ano);7.5;2024;2A;0
RA-1457;Aluno-1457;12;Menina;6.0197761904;3.498;8.0357142855;7.51;2.75;7.663333333;5.0;-1;Fase 3 (7° e 8° ano);7.291666667;2024;2B;1
RA-1458;Aluno-1458;12;Menina;5.879073684200001;8.751;7.280701754500001;7.51;3.25;5.213333333;5.0;-1;Fase 3 (7° e 8° ano);6.041666667;2024;2B;1
RA-1459;Aluno-1459;12;Menino;6.665390476100001;8.002;8.2976190475;7.51;3.75;7.273333333;5.0;-1;Fase 3 (7° e 8° ano);7.5;2024;2C;1
RA-146;Aluno-146;15;Menina;7.947;8.3;9.2;7.5;7.9;8.208;5.0;-1;;;2022;4;1
RA-146;Aluno-146;1900-01-16 00:00:00;Menina;7.584483333;6.2;9.5;5.0;7.9;8.2125;5.0;-1;Fase 6 (2° EM);8.4375;2023;FASE 5;1
RA-146;Aluno-146;17;Menina;8.134554885333333;8.751;9.514316093333333;5.635;9.333333333333334;8.304;5.0;-2;Fase 7 (3° EM);7.65625;2024;5D;1
RA-1460;Aluno-1460;12;Menino;6.784805263200001;9.502;7.460526316;7.51;3.25;6.27;10.0;0;Fase 2 (5° e 6° ano);6.875;2024;2C;0
RA-1461;Aluno-1461;12;Menina;6.871961904800001;10.002;9.273809524;7.51;2.75;7.33;5.0;-1;Fase 3 (7° e 8° ano);7.5;2024;2C;1
RA-1462;Aluno-1462;13;Menina;7.6243666666;8.502;10.0;7.51;6.5;7.053333333;5.0;-1;Fase 3 (7° e 8° ano);8.125;2024;2D;1
RA-1463;Aluno-1463;12;Menino;9.074561111000001;8.502;9.722222222;7.51;10.0;8.113333333;10.0;0;Fase 2 (5° e 6° ano);9.0625;2024;2D;0
RA-1464;Aluno-1464;13;Menina;7.288424359;8.002;7.794871795;7.51;6.25;7.61;5.0;-1;Fase 3 (7° e 8° ano);9.0625;2024;2D;1
RA-1465;Aluno-1465;12;Menino;7.3344666666;7.418;8.75;7.51;5.75;7.833333333;5.0;-1;Fase 3 (7° e 8° ano);8.75;2024;2D;1
RA-1466;Aluno-1466;12;Menino;8.213723809600001;10.002;7.380952381;7.51;7.5;8.056666667;10.0;0;Fase 2 (5° e 6° ano);8.75;2024;2D;0
RA-1467;Aluno-1467;12;Menino;8.836711278200001;9.002;9.022556391;7.51;9.25;8.28;10.0;0;Fase 2 (5° e 6° ano);8.75;2024;2D;0
RA-1468;Aluno-1468;12;Menina;8.1281028822;8.502;8.972431078;7.51;7.0;7.443333333;10.0;0;Fase 2 (5° e 6° ano);8.4375;2024;2D;0
RA-1469;Aluno-1469;13;Menino;7.459755555500001;8.502;9.4444444445;7.51;4.75;8.223333333;5.0;-1;Fase 3 (7° e 8° ano);8.75;2024;2D;1
RA-147;Aluno-147;14;Menina;7.541;8.3;7.7;7.5;6.1;7.25;10.0;0;;;2022;4;0
RA-147;Aluno-147;15;Menina;5.5425;0.0;7.0;5.63;4.5;7.46;5.0;-1;Fase 5 (1° EM);6.875;2023;FASE 4;1
RA-147;Aluno-147;16;Menina;7.400477922133334;8.334;9.277056277;7.51;6.166666666666667;7.386666667;5.0;-1;Fase 6 (2° EM);7.5;2024;5F;1
RA-1470;Aluno-1470;12;Menina;5.967421532000001;8.002;6.35610766;6.26;5.0;5.4125;5.0;-1;Fase 3 (7° e 8° ano);6.875;2024;2G;1
RA-1471;Aluno-1471;13;Menino;7.404455434800001;10.002;7.195652174;7.51;7.5;7.2425;5.0;-1;Fase 3 (7° e 8° ano);7.65625;2024;2G;1
RA-1472;Aluno-1472;11;Menino;8.773575000000001;8.502;10.0;7.51;8.75;8.1275;10.0;0;Fase 2 (5° e 6° ano);7.96875;2024;2G;0
RA-1473;Aluno-1473;13;Menino;6.689320600500001;9.502;8.4368530025;5.625;5.25;6.415;5.0;-1;Fase 3 (7° e 8° ano);6.5625;2024;2G;1
RA-1474;Aluno-1474;11;Menina;7.384207505200001;8.002;7.960662526;5.625;7.5;6.2875;10.0;0;Fase 2 (5° e 6° ano);6.71875;2024;2H;0
RA-1475;Aluno-1475;10;Menina;7.413901754400001;9.002;8.070175439;7.51;5.0;6.993333333;10.0;0;Fase 2 (5° e 6° ano);7.5;2024;2I;0
RA-1476;Aluno-1476;11;Menina;8.80795;9.502;10.0;5.635;8.5;8.7525;10.0;0;Fase 2 (5° e 6° ano);8.4375;2024;2K;0
RA-1477;Aluno-1477;11;Menino;7.0514989130000005;8.002;8.010869565;7.51;5.0;6.2875;10.0;0;Fase 2 (5° e 6° ano);6.40625;2024;2K;0
RA-1478;Aluno-1478;11;Menino;6.7210333334;8.002;6.666666667;6.255;4.25;7.1225;10.0;0;Fase 2 (5° e 6° ano);6.875;2024;2K;0
RA-1479;Aluno-1479;12;Menino;6.615766239300001;8.502;6.1965811965;7.51;4.25;6.0325;10.0;0;Fase 2 (5° e 6° ano);7.1875;2024;2K;0
RA-148;Aluno-148;14;Menino;7.894;9.2;7.9;10.0;5.3;7.708;10.0;0;;;2022;4;0
RA-1480;Aluno-1480;12;Menino;7.09445;8.502;8.875;7.51;5.5;6.9975;5.0;-1;Fase 3 (7° e 8° ano);7.1875;2024;2K;1
RA-1481;Aluno-1481;12;Menina;6.860721739100001;8.502;8.782608695499999;7.51;4.75;6.8275;5.0;-1;Fase 3 (7° e 8° ano);6.875;2024;2K;1
RA-1482;Aluno-1482;14;Menino;5.2257;8.502;5.0;7.51;0.0;6.8725;5.0;-1;Fase 3 (7° e 8° ano);7.5;2024;2K;1
RA-1483;Aluno-1483;11;Menino;7.311433695700001;9.502;7.913043478500001;7.51;6.5;5.7475;10.0;0;Fase 2 (5° e 6° ano);5.78125;2024;2K;0
RA-1484;Aluno-1484;14;Menina;7.754200000000001;9.002;10.0;6.26;7.0;7.89;5.0;-1;Fase 3 (7° e 8° ano);7.5;2024;2L;1
RA-1485;Aluno-1485;13;Menino;6.7386875776999995;9.002;7.7432712215;5.625;5.0;7.386666667;5.0;-1;Fase 3 (7° e 8° ano);7.5;2024;2L;1
RA-1486;Aluno-1486;11;Menino;6.865474509900001;8.002;5.431372549;6.26;5.75;7.056666667;10.0;0;Fase 2 (5° e 6° ano);7.916666667;2024;2L;0
RA-1487;Aluno-1487;13;Menina;8.0267434782;10.002;9.5652173915;6.26;8.25;7.833333333;5.0;-1;Fase 3 (7° e 8° ano);7.708333333;2024;2L;1
RA-1488;Aluno-1488;11;Menina;6.7668935818000016;8.002;7.111801242;7.51;3.5;6.716666667;10.0;0;Fase 2 (5° e 6° ano);7.5;2024;2L;0
RA-1489;Aluno-1489;12;Menino;5.9842289855000015;9.002;5.793478261000001;6.26;5.0;5.663333333;5.0;-1;Fase 3 (7° e 8° ano);6.666666667;2024;2L;1
RA-149;Aluno-149;15;Menina;6.323;9.2;6.5;7.5;5.0;6.125;5.0;-1;;;2022;4;1
RA-149;Aluno-149;1900-01-16 00:00:00;Menina;5.622266667;8.8;4.2;2.52;4.7;7.2925;5.0;-2;Fase 6 (2° EM);7.5;2023;FASE 4;1
RA-149;Aluno-149;17;Menina;5.7316173854;9.585;4.104378593666667;6.26;3.8333333333333335;6.626;5.0;-2;Fase 7 (3° EM);7.34375;2024;5D;1
RA-1490;Aluno-1490;12;Menina;7.3725768116;8.502;9.5652173915;6.26;7.75;6.333333333;5.0;-1;Fase 3 (7° e 8° ano);6.666666667;2024;2L;1
RA-1491;Aluno-1491;12;Menino;7.5072;9.002;6.25;7.51;6.5;7.78;10.0;0;Fase 2 (5° e 6° ano);7.5;2024;2L;0
RA-1492;Aluno-1492;9;Menino;8.479020512900002;8.002;8.8141025645;7.51;8.0;8.45;10.0;1;Fase 1 (3° e 4° ano);8.75;2024;2L;0
RA-1493;Aluno-1493;12;Menino;6.378661323900001;8.502;7.8468899525;7.51;4.0;5.946666667;5.0;-1;Fase 3 (7° e 8° ano);7.1875;2024;2M;1
RA-1494;Aluno-1494;11;Menina;5.8748823529;0.0;6.7794117645;7.51;4.25;5.84;10.0;0;Fase 2 (5° e 6° ano);7.5;2024;2M;0
RA-1495;Aluno-1495;11;Menina;8.4845030302;9.002;8.318181818;7.51;8.25;8.223333333;10.0;0;Fase 2 (5° e 6° ano);8.75;2024;2M;0
RA-1496;Aluno-1496;12;Menina;6.7799738095;9.002;5.714285714500001;7.51;4.25;6.773333333;10.0;0;Fase 2 (5° e 6° ano);7.8125;2024;2M;0
RA-1497;Aluno-1497;12;Menina;5.2423787879;0.0;5.0227272725;7.51;2.0;6.996666667;10.0;0;Fase 2 (5° e 6° ano);6.875;2024;2M;0
RA-1498;Aluno-1498;13;Menina;7.147881818200001;8.502;7.840909091;7.51;7.0;6.33;5.0;-1;Fase 3 (7° e 8° ano);8.125;2024;2M;1
RA-1499;Aluno-1499;12;Menina;7.914800000000001;8.418;9.25;6.885;6.5;7.11;10.0;0;Fase 2 (5° e 6° ano);8.125;2024;2N;0
RA-15;Aluno-15;18;Menino;7.783;8.8;10.0;7.5;7.3;7.292;5.0;-1;;;2022;7;1
RA-150;Aluno-150;16;Menina;6.962;9.6;6.3;6.9;6.9;7.333;5.0;-2;;;2022;4;1
RA-1500;Aluno-1500;11;Menino;7.360450000100002;9.502;8.3333333335;6.885;3.5;7.556666667;10.0;0;Fase 2 (5° e 6° ano);8.4375;2024;2N;0
RA-1501;Aluno-1501;11;Menina;8.04495;9.502;10.0;7.51;5.0;7.5;10.0;0;Fase 2 (5° e 6° ano);8.4375;2024;2N;0
RA-1502;Aluno-1502;12;Menina;6.886091025600001;8.002;7.628205128;7.51;5.25;7.39;5.0;-1;Fase 3 (7° e 8° ano);7.8125;2024;2N;1
RA-1503;Aluno-1503;13;Menina;6.991699999900001;7.502;10.0;7.51;2.75;7.723333333;5.0;-1;Fase 3 (7° e 8° ano);8.958333333;2024;2P;1
RA-1504;Aluno-1504;12;Menina;6.057060605999999;7.5;4.6136363634999995;5.63;6.75;6.94;5.0;-1;Fase 3 (7° e 8° ano);5.833333333;2024;2P;1
RA-1505;Aluno-1505;13;Menino;6.7199171717;9.502;7.5252525255;7.51;3.75;6.943333333;5.0;-1;Fase 3 (7° e 8° ano);8.75;2024;2P;1
RA-1506;Aluno-1506;11;Menina;7.151855844200001;8.002;8.3874458875;7.51;3.5;7.886666667;10.0;0;Fase 2 (5° e 6° ano);6.458333333;2024;2R;0
RA-1507;Aluno-1507;12;Menino;5.046077056300001;6.918;4.448051948;7.51;5.0;3.776666667;5.0;-1;Fase 3 (7° e 8° ano);4.583333333;2024;2R;1
RA-1508;Aluno-1508;10;Menina;8.1804207793;7.502;7.2294372295;7.51;9.25;8.166666667;10.0;0;Fase 2 (5° e 6° ano);7.5;2024;2R;0
RA-1509;Aluno-1509;11;Menino;7.560230303200001;8.502;6.5151515155;7.51;7.5;7.446666667;10.0;0;Fase 2 (5° e 6° ano);6.666666667;2024;2R;0
RA-151;Aluno-151;16;Menina;7.563;8.8;7.5;6.9;8.3;7.958;5.0;-2;;;2022;4;1
RA-151;Aluno-151;17;Menina;6.892541667;0.0;7.8;7.52;7.9;8.1725;5.0;-2;Fase 7 (3° EM);8.59375;2023;FASE 5;1
RA-1510;Aluno-1510;11;Menina;9.464745454400001;10.002;9.7727272725;7.51;10.0;9.003333333;10.0;0;Fase 2 (5° e 6° ano);9.583333333;2024;2R;0
RA-1511;Aluno-1511;11;Menina;8.9217077641;10.002;9.3271221535;7.51;8.75;8.556666667;10.0;0;Fase 2 (5° e 6° ano);8.4375;2024;2U;0
RA-1512;Aluno-1512;10;Menina;8.10445;9.502;10.0;7.51;5.5;7.61;10.0;0;Fase 2 (5° e 6° ano);7.8125;2024;2U;0
RA-1513;Aluno-1513;12;Menina;6.5509171717;8.502;7.5252525255;7.51;3.75;7.223333333;5.0;-1;Fase 3 (7° e 8° ano);7.5;2024;2U;1
RA-1514;Aluno-1514;12;Menina;7.520576262600001;9.002;7.979797980000001;7.51;5.5;7.273333333;10.0;0;Fase 2 (5° e 6° ano);7.1875;2024;2U;0
RA-1515;Aluno-1515;12;Menina;5.832133333300001;6.418;6.6666666665;6.255;3.5;6.72;5.0;-1;Fase 3 (7° e 8° ano);6.875;2024;2U;1
RA-1516;Aluno-1516;13;Menina;7.217066033133334;9.585;5.404288499000001;9.38;4.666666666666667;7.5475;10.0;3;Fase 3 (7° e 8° ano);7.96875;2024;3A;0
RA-1517;Aluno-1517;15;Menino;6.240744444466667;9.168;4.305555555666667;9.38;4.666666666666667;6.7075;5.0;-1;Fase 4 (9° ano);7.5;2024;3A;1
RA-1518;Aluno-1518;15;Menina;5.721382142866666;7.084;5.714285714333333;9.38;1.75;6.5825;5.0;-1;Fase 4 (9° ano);7.65625;2024;3A;1
RA-1519;Aluno-1519;15;Menino;7.210222117800001;9.585;5.560902255666666;8.755;4.833333333333333;7.5025;10.0;3;Fase 3 (7° e 8° ano);7.96875;2024;3A;0
RA-152;Aluno-152;16;Menina;6.712;8.3;7.0;7.5;6.5;6.292;5.0;-2;;;2022;4;1
RA-152;Aluno-152;16;Menina;6.30695;7.9;7.7;2.52;4.5;7.71;5.0;-2;Fase 6 (2° EM);7.8125;2023;FASE 4;1
RA-152;Aluno-152;17;Menina;6.5837938596;7.5;7.337719298333333;5.63;5.166666666666667;7.443333333;5.0;-2;Fase 7 (3° EM);7.8125;2024;5L;1
RA-1520;Aluno-1520;14;Menina;7.0026462121333335;8.334;9.060606060666666;8.75;3.75;7.3325;5.0;-1;Fase 4 (9° ano);7.65625;2024;3B;1
RA-1521;Aluno-1521;14;Menina;5.065788844333333;7.5;6.157902555;2.51;3.1666666666666665;5.4525;5.0;-1;Fase 4 (9° ano);6.09375;2024;3B;1
RA-1522;Aluno-1522;13;Menino;8.3261;8.751;10.0;9.38;7.0;7.1275;10.0;0;Fase 3 (7° e 8° ano);6.875;2024;3B;0
RA-1523;Aluno-1523;11;Menino;8.67371279;6.666;9.283272283333334;8.755;8.166666666666666;8.755;10.0;1;Fase 2 (5° e 6° ano);8.90625;2024;3B;0
RA-1524;Aluno-1524;14;Menina;5.5473805555333335;7.917;2.777777777666667;7.51;4.0;6.9175;5.0;-1;Fase 4 (9° ano);7.65625;2024;3B;1
RA-1525;Aluno-1525;13;Menino;7.778263492033334;7.917;8.293650793666666;5.63;7.0;7.553333333;10.0;0;Fase 3 (7° e 8° ano);8.541666667;2024;3C;0
RA-1526;Aluno-1526;13;Menina;7.9798;9.168;10.0;8.75;3.75;8.1275;10.0;0;Fase 3 (7° e 8° ano);8.125;2024;3D;0
RA-1527;Aluno-1527;13;Menino;8.631675000000001;9.168;10.0;7.51;8.0;7.835;10.0;0;Fase 3 (7° e 8° ano);7.96875;2024;3D;0
RA-1528;Aluno-1528;13;Menino;7.622584090933335;9.168;7.787878788;7.51;5.666666666666667;7.335;10.0;0;Fase 3 (7° e 8° ano);7.96875;2024;3D;0
RA-1529;Aluno-1529;14;Menina;6.710079487200001;6.666;7.435897436;7.51;5.5;6.964;5.0;-1;Fase 4 (9° ano);8.125;2024;3F;1
RA-153;Aluno-153;14;Menina;7.535;7.9;8.2;5.0;6.6;7.708;10.0;0;;;2022;4;0
RA-153;Aluno-153;15;Menina;7.289966667;9.2;7.4;2.52;6.4;7.71;10.0;0;Fase 5 (1° EM);8.125;2023;FASE 5;0
RA-153;Aluno-153;16;Menina;4.78185;8.751;0.0;6.5675;0.0;7.5;10.0;2;Fase 5 (1° EM);7.5;2024;7E;0
RA-1530;Aluno-1530;13;Menino;4.6391535714200005;0.0;2.5238095237666665;8.13;2.8333333333333335;5.258;10.0;0;Fase 3 (7° e 8° ano);7.03125;2024;3F;0
RA-1531;Aluno-1531;14;Menino;7.0491790134;8.751;7.9726867336666665;7.505;5.833333333333333;7.14;5.0;-1;Fase 4 (9° ano);7.34375;2024;3F;1
RA-1532;Aluno-1532;15;Menino;4.548544781066667;0.0;3.9057239053333332;7.51;2.0;6.832;5.0;-1;Fase 4 (9° ano);7.5;2024;3H;1
RA-1533;Aluno-1533;14;Menina;9.089828985533336;9.168;9.710144927666667;8.135;9.5;8.3375;10.0;0;Fase 3 (7° e 8° ano);8.5;2024;3I;0
RA-1534;Aluno-1534;13;Menina;7.188366666666667;7.917;9.666666666666666;8.135;1.1666666666666667;8.0825;10.0;0;Fase 3 (7° e 8° ano);8.0;2024;3I;0
RA-1535;Aluno-1535;13;Menina;7.109390969933334;8.751;5.103121516333333;7.51;5.833333333333333;7.9175;10.0;0;Fase 3 (7° e 8° ano);7.125;2024;3I;0
RA-1536;Aluno-1536;15;Menina;7.653744444466668;9.168;8.722222222333334;8.135;7.0;7.4575;5.0;-1;Fase 4 (9° ano);7.875;2024;3I;1
RA-1537;Aluno-1537;14;Menina;8.176263231333333;9.168;8.33064949;8.135;8.666666666666666;8.67;5.0;-1;Fase 4 (9° ano);8.125;2024;3I;1
RA-1538;Aluno-1538;13;Menino;7.9631703704333345;9.168;7.935185184999999;8.13;7.166666666666667;7.106666667;10.0;1;Fase 2 (5° e 6° ano);7.916666667;2024;3K;0
RA-1539;Aluno-1539;13;Menina;7.709588888900001;6.667;9.027777777666666;6.885;6.833333333333333;7.056666667;10.0;0;Fase 3 (7° e 8° ano);7.708333333;2024;3K;0
RA-154;Aluno-154;15;Menino;6.073;8.3;6.1;6.3;4.0;6.833;5.0;-1;;;2022;4;1
RA-1540;Aluno-1540;14;Menina;5.696233333333334;8.334;5.0;7.51;2.6666666666666665;6.83;5.0;-1;Fase 4 (9° ano);7.125;2024;3M;1
RA-1541;Aluno-1541;13;Menino;8.337;9.168;8.633333333333333;6.88;8.166666666666666;7.736;10.0;0;Fase 3 (7° e 8° ano);8.25;2024;3M;0
RA-1542;Aluno-1542;16;Menina;6.0886079922;7.501;6.304873294333333;8.135;3.1666666666666665;6.966;5.0;-2;Fase 5 (1° EM);7.375;2024;3M;1
RA-1543;Aluno-1543;14;Menino;6.754584615400001;7.5;8.076923077;7.51;5.0;7.066;5.0;-1;Fase 4 (9° ano);7.25;2024;3M;1
RA-1544;Aluno-1544;14;Menina;6.905568627466667;8.334;8.674509804;6.885;5.833333333333333;6.598;5.0;-1;Fase 4 (9° ano);6.625;2024;3M;1
RA-1545;Aluno-1545;12;Menina;7.296598575533334;7.501;6.210826211;8.13;8.166666666666666;6.165;10.0;0;Fase 3 (7° e 8° ano);6.25;2024;3N;0
RA-1546;Aluno-1546;14;Menino;6.900662108266667;8.334;6.374643874666667;8.75;4.666666666666667;6.17;10.0;0;Fase 3 (7° e 8° ano);7.5;2024;3N;0
RA-1547;Aluno-1547;14;Menina;6.748480626800001;7.917;6.467236467333334;8.13;6.666666666666667;6.335;5.0;-1;Fase 4 (9° ano);7.5;2024;3N;1
RA-1548;Aluno-1548;13;Menina;6.482499715066667;8.334;5.2421652420000004;7.51;4.833333333333333;5.665;10.0;0;Fase 3 (7° e 8° ano);7.5;2024;3N;0
RA-1549;Aluno-1549;15;Menino;6.514862200466668;9.585;7.441394335666668;7.51;4.166666666666667;6.325;5.0;-2;Fase 5 (1° EM);7.1875;2024;3N;1
RA-155;Aluno-155;16;Menino;7.051;10.0;8.3;7.5;5.2;6.833;5.0;-2;;;2022;4;1
RA-155;Aluno-155;17;Menino;6.318991667;7.9;8.1;5.0;4.4;6.5875;5.0;-2;Fase 7 (3° EM);7.03125;2023;FASE 5;1
RA-155;Aluno-155;18;Menino;;;0.0;;;;10.0;0;Fase 8 (Universitários);;2024;8F;0
RA-1550;Aluno-1550;15;Menino;6.064236111066667;9.585;5.222222222;7.51;4.333333333333333;6.2025;5.0;-1;Fase 4 (9° ano);7.03125;2024;3P;1
RA-1551;Aluno-1551;15;Menino;5.9717087542;9.585;4.7710437709999995;7.51;3.5;6.79;5.0;-2;Fase 5 (1° EM);7.5;2024;3P;1
RA-1552;Aluno-1552;13;Menino;7.443301282066667;9.585;9.743589743666666;7.51;3.1666666666666665;7.165;10.0;0;Fase 3 (7° e 8° ano);7.1875;2024;3P;0
RA-1553;Aluno-1553;13;Menino;7.641184313700001;8.334;9.003921568666668;7.51;4.333333333333333;7.78;10.0;0;Fase 3 (7° e 8° ano);8.333333333;2024;3R;0
RA-1554;Aluno-1554;15;Menino;6.941692592633334;6.666;9.629629629666667;8.76;4.0;7.22;5.0;-2;Fase 5 (1° EM);7.291666667;2024;3R;1
RA-1555;Aluno-1555;13;Menino;7.4827333334;8.334;10.0;6.255;3.0;8.056666667;10.0;0;Fase 3 (7° e 8° ano);8.125;2024;3R;0
RA-1556;Aluno-1556;14;Menino;6.666811111166668;7.917;5.222222222333333;7.51;4.0;7.44;10.0;0;Fase 3 (7° e 8° ano);7.916666667;2024;3U;0
RA-1557;Aluno-1557;14;Menina;8.228500000033334;9.585;8.916666666666666;7.51;7.0;7.72;10.0;0;Fase 3 (7° e 8° ano);7.916666667;2024;3U;0
RA-1558;Aluno-1558;16;Menino;7.643772047733333;9.168;8.705360238666666;8.755;5.5;8.302;5.0;-1;Fase 5 (1° EM);8.5;2024;4A;1
RA-1559;Aluno-1559;15;Menina;6.330428437666668;7.917;5.2929755216666665;6.885;4.666666666666667;7.604;5.0;-1;Fase 5 (1° EM);8.375;2024;4A;1
RA-156;Aluno-156;15;Menino;7.357;10.0;8.3;9.4;4.4;7.792;5.0;-1;;;2022;4;1
RA-1560;Aluno-1560;14;Menina;8.4721031746;9.168;9.206349206333334;5.635;8.166666666666666;8.336;10.0;1;Fase 3 (7° e 8° ano);8.5;2024;4A;0
RA-1561;Aluno-1561;16;Menino;7.9402206349333335;9.585;9.174603174666666;5.0;9.0;7.734;5.0;-1;Fase 5 (1° EM);8.0;2024;4A;1
RA-1562;Aluno-1562;16;Menina;5.458833333333334;6.25;8.666666666666666;5.01;0.5;6.8725;5.0;-2;Fase 6 (2° EM);6.25;2024;4B;1
RA-1563;Aluno-1563;15;Menina;7.604211111133335;8.751;8.305555555666666;7.51;7.0;8.46;5.0;-1;Fase 5 (1° EM);7.25;2024;4B;1
RA-1564;Aluno-1564;15;Menino;5.0761468806000005;8.334;4.942067736333334;6.885;2.1666666666666665;5.2875;5.0;-1;Fase 5 (1° EM);5.75;2024;4B;1
RA-1565;Aluno-1565;16;Menino;5.816448179266667;0.0;8.102240896333333;7.51;5.5;6.0375;5.0;-1;Fase 5 (1° EM);6.375;2024;4B;1
RA-1566;Aluno-1566;17;Menina;7.759243871133334;9.168;9.247219355666667;7.51;6.5;8.335;5.0;-2;Fase 6 (2° EM);7.75;2024;4B;1
RA-1567;Aluno-1567;16;Menina;7.913942087533334;8.334;8.771043771;7.51;8.166666666666666;8.335;5.0;-2;Fase 6 (2° EM);7.75;2024;4B;1
RA-1568;Aluno-1568;15;Menina;7.8003261438000004;9.168;7.493464052333334;7.51;8.166666666666666;8.5025;5.0;-1;Fase 5 (1° EM);8.0;2024;4B;1
RA-1569;Aluno-1569;17;Menina;5.7191555556;6.666;7.111111111333334;6.26;2.1666666666666665;6.9175;5.0;-2;Fase 6 (2° EM);6.875;2024;4B;1
RA-157;Aluno-157;12;Menina;8.317;7.5;10.0;6.3;7.7;8.292;10.0;1;;;2022;4;0
RA-157;Aluno-157;13;Menina;7.879008333;7.1;9.9;2.52;6.8;8.63;10.0;2;Fase 3 (7° e 8° ano);8.59375;2023;FASE 5;0
RA-157;Aluno-157;14;Menina;8.950566666733334;8.334;10.0;6.26;9.666666666666666;8.726666667;10.0;1;Fase 4 (9° ano);8.125;2024;5N;0
RA-1570;Aluno-1570;16;Menina;7.894084175066667;9.585;7.542087542;7.51;8.333333333333334;8.6725;5.0;-1;Fase 5 (1° EM);7.75;2024;4B;1
RA-1571;Aluno-1571;16;Menino;7.2484555556;8.334;9.111111111333335;5.005;5.666666666666667;8.545;5.0;-1;Fase 5 (1° EM);7.5;2024;4B;1
RA-1572;Aluno-1572;15;Menina;8.080345634866667;9.168;9.841269841333334;7.51;7.5;8.393333333;5.0;-1;Fase 5 (1° EM);7.65625;2024;4C;1
RA-1573;Aluno-1573;16;Menino;6.743847969266667;9.168;6.120448179333334;6.26;5.0;8.556666667;5.0;-1;Fase 5 (1° EM);7.65625;2024;4C;1
RA-1574;Aluno-1574;16;Menina;7.777244180000001;8.751;8.399470899666667;7.51;7.333333333333333;8.616666667;5.0;-1;Fase 5 (1° EM);7.8125;2024;4C;1
RA-1575;Aluno-1575;16;Menina;7.318459391466667;9.168;8.624338624;6.885;5.333333333333333;8.28;5.0;-1;Fase 5 (1° EM);7.65625;2024;4C;1
RA-1576;Aluno-1576;16;Menina;7.4636202380666665;8.334;9.523809523666666;5.635;6.666666666666667;8.44;5.0;-1;Fase 5 (1° EM);6.40625;2024;4C;1
RA-1577;Aluno-1577;16;Menino;6.305585581933334;10.002;4.993386243333333;7.51;4.333333333333333;7.273333333;5.0;-1;Fase 5 (1° EM);7.34375;2024;4C;1
RA-1578;Aluno-1578;13;Menina;7.880605848;8.334;6.761695906666667;7.51;7.333333333333333;8.636;10.0;1;Fase 3 (7° e 8° ano);7.5;2024;4F;0
RA-1579;Aluno-1579;16;Menina;7.894385710733333;8.751;9.090261886999999;5.635;7.166666666666667;9.272;5.0;-2;Fase 6 (2° EM);8.5;2024;4F;1
RA-158;Aluno-158;17;Menina;7.302;7.9;9.8;5.6;6.6;8.125;2.5;-3;;;2022;4;1
RA-158;Aluno-158;1900-01-14 00:00:00;Menina;7.297425;7.1;9.0;2.52;6.0;7.545;10.0;1;Fase 4 (9° ano);8.28125;2023;FASE 5;0
RA-158;Aluno-158;15;Menina;6.855159259266667;8.334;7.796296296333334;6.26;4.0;6.745;10.0;0;Fase 5 (1° EM);6.875;2024;5M;0
RA-1580;Aluno-1580;16;Menino;7.790523996266667;8.751;9.049953314666666;7.51;6.166666666666667;9.168;5.0;-1;Fase 5 (1° EM);7.875;2024;4F;1
RA-1581;Aluno-1581;16;Menino;6.9787022855;8.334;7.834844760666667;6.26;6.333333333333333;7.386666667;5.0;-1;Fase 5 (1° EM);7.083333333;2024;4H;1
RA-1582;Aluno-1582;15;Menino;6.472788888966667;8.334;8.069444444333334;6.255;4.5;6.666666667;5.0;-1;Fase 5 (1° EM);6.666666667;2024;4H;1
RA-1583;Aluno-1583;15;Menina;7.8197579711000005;7.917;7.753623188333333;6.26;8.166666666666666;9.006666667;5.0;-1;Fase 5 (1° EM);9.166666667;2024;4H;1
RA-1584;Aluno-1584;15;Menina;7.429837830666667;8.334;9.153439153333332;7.51;5.5;8.1675;5.0;-1;Fase 5 (1° EM);7.8125;2024;4L;1
RA-1585;Aluno-1585;15;Menina;6.730367016866668;10.002;6.775210084333334;7.51;4.0;7.7925;5.0;-1;Fase 5 (1° EM);7.65625;2024;4L;1
RA-1586;Aluno-1586;15;Menina;6.555764327466668;10.002;6.128654970666666;5.01;5.666666666666667;7.54;5.0;-1;Fase 5 (1° EM);6.875;2024;4L;1
RA-1587;Aluno-1587;16;Menina;7.34055;9.168;10.0;7.51;3.75;8.2075;5.0;-2;Fase 6 (2° EM);7.8125;2024;4L;1
RA-1588;Aluno-1588;14;Menina;7.303823728133333;7.917;8.640618640666666;7.51;4.0;7.415;10.0;0;Fase 4 (9° ano);7.5;2024;4L;0
RA-1589;Aluno-1589;15;Menina;5.260851851866667;0.0;6.259259259333334;7.51;2.5;7.54;5.0;-1;Fase 5 (1° EM);7.5;2024;4M;1
RA-159;Aluno-159;15;Menina;6.49;8.3;8.1;5.6;4.7;6.458;5.0;-1;;;2022;4;1
RA-159;Aluno-159;16;Menina;6.805033333;7.9;8.1;2.52;6.3;7.8775;5.0;-2;Fase 6 (2° EM);8.125;2023;FASE 4;1
RA-1590;Aluno-1590;15;Menina;8.1907875086;7.917;8.267770876333332;7.51;8.666666666666666;8.806;5.0;-1;Fase 5 (1° EM);10.0;2024;4N;1
RA-1591;Aluno-1591;16;Menina;6.1707952862;7.083;6.430976431;7.51;3.5;7.064;5.0;-2;Fase 6 (2° EM);8.125;2024;4N;1
RA-1592;Aluno-1592;15;Menina;6.812545479666667;7.917;6.854727398333334;7.51;5.5;7.432;5.0;-1;Fase 5 (1° EM);8.125;2024;4N;1
RA-1593;Aluno-1593;15;Menino;6.638525017333334;6.249;4.868875086666667;6.26;6.5;8.538;5.0;-1;Fase 5 (1° EM);9.0625;2024;4N;1
RA-1594;Aluno-1594;16;Menino;5.731267287800001;9.585;6.112836439;6.26;3.0;5.996;5.0;-2;Fase 6 (2° EM);6.25;2024;4N;1
RA-1595;Aluno-1595;14;Menino;6.6599304233000005;8.334;7.949735449666666;6.26;2.3333333333333335;7.021666667;10.0;0;Fase 4 (9° ano);7.395833333;2024;4R;0
RA-1596;Aluno-1596;17;Menina;7.261016666766667;8.751;10.0;7.51;3.3333333333333335;8.226666667;5.0;-2;Fase 6 (2° EM);8.229166667;2024;4R;1
RA-1597;Aluno-1597;16;Menina;6.7187063492;7.5;8.412698412666666;7.51;2.8333333333333335;8.28;5.0;-1;Fase 5 (1° EM);8.125;2024;4R;1
RA-1598;Aluno-1598;15;Menina;8.4656285714;9.585;8.857142857;7.51;7.5;8.236;10.0;0;Fase 5 (1° EM);8.375;2024;5B;0
RA-1599;Aluno-1599;17;Menina;7.6059333333333345;8.334;9.666666666666666;7.51;6.5;7.566;5.0;-2;Fase 7 (3° EM);7.75;2024;5B;1
RA-16;Aluno-16;19;Menino;6.112;7.9;8.3;5.0;3.5;6.333;5.0;-1;;;2022;7;1
RA-160;Aluno-160;15;Menina;6.746;7.5;7.2;5.6;5.3;8.25;5.0;-1;;;2022;4;1
RA-160;Aluno-160;16;Menina;6.598266667;8.8;8.3;2.52;5.0;7.46;5.0;-1;Fase 6 (2° EM);8.125;2023;FASE 5;1
RA-160;Aluno-160;17;Menina;6.855108333266668;8.334;7.416666666666667;6.26;5.666666666666667;7.723333333;5.0;-1;Fase 6 (2° EM);7.34375;2024;5L;1
RA-1600;Aluno-1600;17;Menina;6.750618518533334;8.751;8.425925926;6.26;5.666666666666667;6.03;5.0;-2;Fase 7 (3° EM);7.25;2024;5B;1
RA-1601;Aluno-1601;17;Menina;7.2431;8.751;7.0;7.51;6.5;8.335;5.0;-1;Fase 6 (2° EM);7.5;2024;5C;1
RA-1602;Aluno-1602;15;Menina;8.041889814800001;7.917;8.782407407333332;7.51;7.166666666666667;7.875;10.0;0;Fase 5 (1° EM);7.34375;2024;5C;0
RA-1603;Aluno-1603;16;Menina;7.836518518466668;7.5;9.259259258999998;7.51;8.333333333333334;7.835;5.0;-1;Fase 6 (2° EM);7.5;2024;5C;1
RA-1604;Aluno-1604;16;Menino;8.0118555556;9.168;7.777777778;7.51;8.5;8.88;5.0;-1;Fase 6 (2° EM);8.125;2024;5C;1
RA-1605;Aluno-1605;16;Menino;4.920488888866667;0.0;5.0694444443333335;7.51;2.5;7.028;5.0;-1;Fase 6 (2° EM);7.5;2024;5D;1
RA-1606;Aluno-1606;17;Menina;5.8216796296;8.334;5.148148148;7.51;2.5;7.132;5.0;-2;Fase 7 (3° EM);7.8125;2024;5D;1
RA-1607;Aluno-1607;16;Menino;4.899894444466667;5.833;6.222222222333333;5.635;0.0;6.762;5.0;-1;Fase 6 (2° EM);6.5625;2024;5D;1
RA-1608;Aluno-1608;15;Menino;7.072539814866667;8.751;7.199074074333335;7.51;5.0;6.83;10.0;0;Fase 5 (1° EM);6.40625;2024;5D;0
RA-1609;Aluno-1609;17;Menina;7.577233333233334;8.334;9.666666666666666;7.51;6.0;7.943333333;5.0;-2;Fase 7 (3° EM);7.708333333;2024;5F;1
RA-161;Aluno-161;11;Menina;7.957;7.9;9.1;5.6;6.9;8.083;10.0;2;;;2022;4;0
RA-161;Aluno-161;14;Menina;6.250166667;0.0;7.3;2.52;5.8;7.795;10.0;1;Fase 4 (9° ano);8.125;2023;FASE 5;0
RA-161;Aluno-161;15;Menina;7.258445588333334;8.751;7.965686274666666;6.26;4.0;7.836666667;10.0;0;Fase 5 (1° EM);7.96875;2024;5L;0
RA-1610;Aluno-1610;17;Menino;6.7023729275666675;9.168;7.753697970666667;7.51;5.166666666666667;6.106666667;5.0;-2;Fase 7 (3° EM);7.291666667;2024;5F;1
RA-1611;Aluno-1611;17;Menino;6.4589186218000005;7.083;8.361426442;7.51;4.5;5.886666667;5.0;-2;Fase 7 (3° EM);7.5;2024;5F;1
RA-1612;Aluno-1612;18;Menino;7.014528571366666;6.666;8.523809523666666;7.51;6.166666666666667;6.94;5.0;-2;Fase 7 (3° EM);7.708333333;2024;5F;1
RA-1613;Aluno-1613;17;Menina;6.085471428700001;8.334;7.1428571430000005;7.51;3.0;6.216666667;5.0;-2;Fase 7 (3° EM);7.291666667;2024;5G;1
RA-1614;Aluno-1614;16;Menino;6.787898989933334;7.5;6.574494949666668;7.51;6.5;7.11;5.0;-1;Fase 6 (2° EM);7.5;2024;5L;1
RA-1615;Aluno-1615;15;Menina;8.417533333333333;7.917;9.833333333333334;7.51;8.333333333333334;7.4575;10.0;0;Fase 5 (1° EM);7.5;2024;5M;0
RA-1616;Aluno-1616;17;Menina;7.147738235266668;8.334;8.436274509666667;7.51;6.166666666666667;7.12;5.0;-1;Fase 6 (2° EM);7.1875;2024;5M;1
RA-1617;Aluno-1617;16;Menina;4.926285714266666;0.0;5.571428571333333;7.51;3.25;6.1175;5.0;-1;Fase 6 (2° EM);6.875;2024;5M;1
RA-1618;Aluno-1618;17;Menino;7.0487660130666665;8.334;7.908496732000001;7.51;6.333333333333333;6.83;5.0;-1;Fase 6 (2° EM);7.5;2024;5M;1
RA-1619;Aluno-1619;15;Menino;7.393951851866667;7.501;9.259259259333334;7.51;4.25;7.205;10.0;1;Fase 4 (9° ano);7.5;2024;5M;0
RA-162;Aluno-162;14;Menina;7.215;6.7;8.5;7.5;5.5;6.542;10.0;0;;;2022;4;0
RA-1620;Aluno-1620;16;Menino;6.652766666666667;8.751;6.666666666666667;7.51;5.166666666666667;7.05;5.0;-1;Fase 6 (2° EM);7.5;2024;5N;1
RA-1621;Aluno-1621;17;Menina;8.107033333366667;7.917;10.0;6.26;8.333333333333334;8.446666667;5.0;-1;Fase 6 (2° EM);8.333333333;2024;5N;1
RA-1622;Aluno-1622;16;Menina;8.429066666633334;8.334;10.0;7.51;9.666666666666666;7.89;5.0;-1;Fase 6 (2° EM);8.333333333;2024;5N;1
RA-1623;Aluno-1623;17;Menino;7.7609537037333345;9.168;8.518518518666667;6.26;6.0;7.666;10.0;0;Fase 6 (2° EM);7.8125;2024;6A;0
RA-1624;Aluno-1624;18;Menina;7.743213492066667;7.917;9.460317460333334;7.51;7.5;7.636;5.0;-1;Fase 7 (3° EM);7.8125;2024;6A;1
RA-1625;Aluno-1625;17;Menino;6.888194089266667;7.5;7.112887113;7.51;4.333333333333333;6.896;10.0;0;Fase 6 (2° EM);7.1875;2024;6A;0
RA-1626;Aluno-1626;16;Menina;8.541085606066668;8.751;9.696969697;7.51;7.333333333333333;8.404;10.0;0;Fase 6 (2° EM);8.28125;2024;6A;0
RA-1627;Aluno-1627;17;Menina;7.481547222200001;7.083;7.777777777666667;7.51;7.833333333333333;8.172;5.0;-1;Fase 7 (3° EM);7.65625;2024;6A;1
RA-1628;Aluno-1628;16;Menina;7.500131368600001;8.334;8.509823509666667;7.51;5.833333333333333;6.798;10.0;0;Fase 6 (2° EM);6.875;2024;6A;0
RA-1629;Aluno-1629;17;Menina;7.560550529133334;9.585;8.645502645666667;7.51;7.25;7.266;5.0;-1;Fase 7 (3° EM);7.1875;2024;6A;1
RA-163;Aluno-163;15;Menina;6.797;8.8;7.9;5.6;6.7;6.5;5.0;-1;;;2022;4;1
RA-1630;Aluno-1630;16;Menino;8.583133333333334;8.334;9.833333333333334;7.51;7.333333333333333;8.702;10.0;0;Fase 6 (2° EM);8.25;2024;6L;0
RA-1631;Aluno-1631;17;Menino;8.186433333333333;9.585;10.0;7.51;7.166666666666667;8.468;5.0;-1;Fase 7 (3° EM);8.5;2024;6L;1
RA-1632;Aluno-1632;16;Menino;8.389333333333335;9.168;10.0;7.51;6.666666666666667;8.066;10.0;0;Fase 6 (2° EM);7.75;2024;6L;0
RA-1633;Aluno-1633;21;Menino;;;0.0;;;;10.0;0;Fase 8 (Universitários);;2024;8B;0
RA-1634;Aluno-1634;21;Menina;;;0.0;;;;10.0;0;Fase 8 (Universitários);;2024;8B;0
RA-1635;Aluno-1635;20;Menina;;;0.0;;;;10.0;0;Fase 8 (Universitários);;2024;8D;0
RA-1636;Aluno-1636;20;Menina;;;0.0;;;;10.0;0;Fase 8 (Universitários);;2024;8E;0
RA-1637;Aluno-1637;23;Menino;INCLUIR;;0.0;;;;10.0;1;Fase 8 (Universitários);;2024;9;0
RA-1638;Aluno-1638;22;Menina;INCLUIR;;0.0;;;;10.0;1;Fase 8 (Universitários);;2024;9;0
RA-1639;Aluno-1639;21;Menino;INCLUIR;;0.0;;;;10.0;1;Fase 8 (Universitários);;2024;9;0
RA-164;Aluno-164;16;Menino;6.776;8.3;7.3;5.6;6.5;7.208;5.0;-2;;;2022;4;1
RA-164;Aluno-164;16;Menino;5.638666667;0.0;8.2;2.52;5.8;6.9625;5.0;-1;Fase 6 (2° EM);6.875;2023;FASE 5;1
RA-164;Aluno-164;17;Menino;6.837125731066667;9.585;8.084795321666666;6.26;5.666666666666667;6.886666667;5.0;-2;Fase 7 (3° EM);6.25;2024;5L;1
RA-1640;Aluno-1640;23;Menina;INCLUIR;;0.0;;;;10.0;1;Fase 8 (Universitários);;2024;9;0
RA-1641;Aluno-1641;21;Menino;INCLUIR;;0.0;;;;10.0;1;Fase 8 (Universitários);;2024;9;0
RA-1642;Aluno-1642;23;Menino;INCLUIR;;0.0;;;;10.0;1;Fase 8 (Universitários);;2024;9;0
RA-1643;Aluno-1643;22;Menino;INCLUIR;;0.0;;;;10.0;1;Fase 8 (Universitários);;2024;9;0
RA-1644;Aluno-1644;21;Menino;INCLUIR;;0.0;;;;10.0;1;Fase 8 (Universitários);;2024;9;0
RA-1645;Aluno-1645;23;Menino;INCLUIR;;0.0;;;;10.0;1;Fase 8 (Universitários);;2024;9;0
RA-1646;Aluno-1646;21;Menino;INCLUIR;;0.0;;;;10.0;1;Fase 8 (Universitários);;2024;9;0
RA-1647;Aluno-1647;22;Menina;INCLUIR;;0.0;;;;10.0;1;Fase 8 (Universitários);;2024;9;0
RA-1648;Aluno-1648;22;Menino;INCLUIR;;0.0;;;;10.0;1;Fase 8 (Universitários);;2024;9;0
RA-1649;Aluno-1649;23;Menino;INCLUIR;;0.0;;;;10.0;1;Fase 8 (Universitários);;2024;9;0
RA-165;Aluno-165;14;Menina;8.063;7.1;9.8;5.6;7.6;7.5;10.0;0;;;2022;4;0
RA-165;Aluno-165;1900-01-15 00:00:00;Menina;7.583433333;6.7;9.2;2.52;7.3;7.795;10.0;0;Fase 5 (1° EM);8.125;2023;FASE 5;0
RA-165;Aluno-165;16;Menina;8.4627502436;7.5;9.431042884999998;7.51;8.5;7.893333333;10.0;0;Fase 5 (1° EM);7.96875;2024;5L;0
RA-1650;Aluno-1650;22;Menino;INCLUIR;;0.0;;;;10.0;1;Fase 8 (Universitários);;2024;9;0
RA-1651;Aluno-1651;22;Menino;INCLUIR;;0.0;;;;10.0;1;Fase 8 (Universitários);;2024;9;0
RA-1652;Aluno-1652;22;Menina;INCLUIR;;0.0;;;;10.0;1;Fase 8 (Universitários);;2024;9;0
RA-1653;Aluno-1653;20;Menino;INCLUIR;;0.0;;;;10.0;1;Fase 8 (Universitários);;2024;9;0
RA-1654;Aluno-1654;22;Menino;INCLUIR;;0.0;;;;10.0;1;Fase 8 (Universitários);;2024;9;0
RA-1655;Aluno-1655;21;Menina;INCLUIR;;0.0;;;;10.0;1;Fase 8 (Universitários);;2024;9;0
RA-1656;Aluno-1656;22;Menino;INCLUIR;;0.0;;;;10.0;1;Fase 8 (Universitários);;2024;9;0
RA-1657;Aluno-1657;20;Menino;INCLUIR;;0.0;;;;10.0;1;Fase 8 (Universitários);;2024;9;0
RA-1658;Aluno-1658;21;Menino;INCLUIR;;0.0;;;;10.0;1;Fase 8 (Universitários);;2024;9;0
RA-1659;Aluno-1659;21;Menino;INCLUIR;;0.0;;;;10.0;1;Fase 8 (Universitários);;2024;9;0
RA-166;Aluno-166;14;Menino;8.253;9.2;9.0;6.3;8.1;7.542;10.0;0;;;2022;4;0
RA-166;Aluno-166;1900-01-15 00:00:00;Menino;8.105583333;7.5;8.9;6.26;8.1;7.4625;10.0;0;Fase 5 (1° EM);8.4375;2023;FASE 5;0
RA-166;Aluno-166;16;Menino;8.243183333333334;8.334;9.246;6.5725;8.266666666666667;7.5;10.0;1;Fase 6 (2° EM);7.5;2024;7E;0
RA-1660;Aluno-1660;24;Menina;INCLUIR;;0.0;;;;10.0;1;Fase 8 (Universitários);;2024;9;0
RA-1661;Aluno-1661;21;Menina;INCLUIR;;0.0;;;;10.0;1;Fase 8 (Universitários);;2024;9;0
RA-167;Aluno-167;16;Menina;7.798;9.2;9.7;5.6;7.9;7.833;5.0;-2;;;2022;4;1
RA-167;Aluno-167;1900-01-17 00:00:00;Menina;7.806141667;8.8;9.9;5.0;7.9;7.8375;5.0;-2;Fase 7 (3° EM);7.96875;2023;FASE 5;1
RA-167;Aluno-167;18;Menina;8.033470175466666;8.751;9.473684210666667;6.26;8.166666666666666;8.334;5.0;-1;Fase 7 (3° EM);8.375;2024;6L;1
RA-168;Aluno-168;15;Menina;6.917;7.9;8.3;6.3;5.9;7.083;5.0;-1;;;2022;4;1
RA-168;Aluno-168;15;Menina;6.483083333;0.0;9.6;6.89;4.7;6.4225;10.0;0;Fase 5 (1° EM);6.5625;2023;FASE 5;0
RA-169;Aluno-169;15;Menina;5.159;7.5;5.1;6.3;3.2;4.792;5.0;-1;;;2022;4;1
RA-17;Aluno-17;20;Menino;8.068;8.8;10.0;7.5;7.8;8.292;5.0;-1;;;2022;7;1
RA-17;Aluno-17;1900-01-21 00:00:00;Menino;;;;;;;10.0;0;Fase 8 (Universitários);;2023;FASE 8;0
RA-17;Aluno-17;22;Menino;;;0.0;;;;10.0;0;Fase 8 (Universitários);;2024;8E;0
RA-170;Aluno-170;14;Menina;7.007;8.3;9.2;5.6;4.9;5.792;10.0;0;;;2022;4;0
RA-170;Aluno-170;15;Menina;7.062433333;8.8;8.9;2.52;7.2;7.6725;5.0;-2;Fase 5 (1° EM);6.875;2023;FASE 3;1
RA-170;Aluno-170;16;Menina;7.646383333300001;9.168;8.5;5.635;8.0;8.028333333;5.0;-1;Fase 5 (1° EM);7.604166667;2024;4R;1
RA-171;Aluno-171;16;Menino;6.581;7.5;6.8;7.5;5.5;6.875;5.0;-2;;;2022;4;1
RA-171;Aluno-171;17;Menino;6.293083333;7.5;7.2;5.0;5.2;6.755;5.0;-2;Fase 7 (3° EM);7.1875;2023;FASE 5;1
RA-171;Aluno-171;18;Menino;7.3289333333333335;7.5;7.833333333333333;5.635;8.333333333333334;7.598;5.0;-1;Fase 7 (3° EM);7.625;2024;6L;1
RA-172;Aluno-172;14;Menina;8.673;9.2;8.9;9.4;7.3;8.917;10.0;0;;;2022;4;0
RA-172;Aluno-172;15;Menina;;0.0;;3.77;;;10.0;2;Fase 5 (1° EM);;2023;FASE 7;0
RA-172;Aluno-172;16;Menina;8.128766666666667;8.751;9.8;6.57;6.933333333333334;7.5;10.0;1;Fase 6 (2° EM);7.5;2024;7E;0
RA-173;Aluno-173;17;Menino;7.816;8.3;9.2;6.9;7.9;9.25;2.5;-3;;;2022;4;1
RA-173;Aluno-173;17;Menino;7.757466667;9.2;8.5;6.26;8.1;7.8775;5.0;-2;Fase 7 (3° EM);8.125;2023;FASE 5;1
RA-173;Aluno-173;18;Menino;;;0.0;;;;10.0;0;Fase 8 (Universitários);;2024;8F;0
RA-174;Aluno-174;15;Menina;6.075;7.9;6.2;7.5;4.4;6.042;5.0;-1;;;2022;4;1
RA-174;Aluno-174;16;Menina;6.1242;7.9;5.6;5.0;5.1;7.2125;5.0;-2;Fase 6 (2° EM);7.5;2023;FASE 4;1
RA-175;Aluno-175;15;Menina;6.75;8.3;9.2;5.6;5.9;5.833;5.0;-1;;;2022;4;1
RA-175;Aluno-175;1900-01-16 00:00:00;Menina;6.569516667;8.8;9.2;2.52;4.8;7.085;5.0;-1;Fase 6 (2° EM);7.1875;2023;FASE 5;1
RA-175;Aluno-175;17;Menina;8.024136842133334;10.002;9.473684210666667;6.26;8.5;7.766;5.0;-1;Fase 7 (3° EM);7.5;2024;6L;1
RA-176;Aluno-176;13;Menina;8.427;9.6;9.1;5.6;6.9;9.083;10.0;0;;;2022;3;0
RA-176;Aluno-176;14;Menina;8.316833333;9.6;9.5;2.52;8.0;9.0025;10.0;0;Fase 4 (9° ano);8.125;2023;FASE 4;0
RA-176;Aluno-176;15;Menina;8.828632575733334;9.585;9.545454545333333;6.26;8.833333333333334;8.545;10.0;1;Fase 4 (9° ano);8.59375;2024;5C;0
RA-177;Aluno-177;13;Menina;7.424;7.9;8.8;4.4;6.8;6.958;10.0;0;;;2022;3;0
RA-178;Aluno-178;13;Menina;7.025;0.0;8.8;4.4;6.3;8.458;10.0;0;;;2022;3;0
RA-178;Aluno-178;1900-01-14 00:00:00;Menina;7.406658333;7.9;8.7;2.52;5.9;8.42;10.0;0;Fase 4 (9° ano);7.65625;2023;FASE 4;0
RA-178;Aluno-178;16;Menina;7.234168831200001;9.585;8.739177489333334;6.26;4.166666666666667;6.53;10.0;0;Fase 5 (1° EM);7.625;2024;5A;0
RA-179;Aluno-179;12;Menino;7.993;7.5;9.2;7.5;6.1;8.042;10.0;0;;;2022;3;0
RA-179;Aluno-179;12;Menino;8.437641667;8.8;9.4;7.52;6.4;8.9225;10.0;0;Fase 3 (7° e 8° ano);8.59375;2023;FASE 3;0
RA-179;Aluno-179;13;Menino;8.932712280733334;9.168;9.407894737;9.38;8.166666666666666;8.44;10.0;1;Fase 3 (7° e 8° ano);8.75;2024;4A;0
RA-18;Aluno-18;19;Menino;7.226;6.3;8.7;6.3;9.0;6.875;5.0;-1;;;2022;7;1
RA-180;Aluno-180;12;Menino;8.442;9.2;8.3;6.3;8.1;8.625;10.0;0;;;2022;3;0
RA-180;Aluno-180;13;Menino;8.283216667;9.2;9.4;2.52;8.0;8.92;10.0;1;Fase 3 (7° e 8° ano);8.4375;2023;FASE 4;0
RA-180;Aluno-180;14;Menino;8.801463636333335;9.168;9.431818181666666;7.51;8.5;8.674;10.0;2;Fase 3 (7° e 8° ano);8.125;2024;5A;0
RA-181;Aluno-181;13;Menina;8.623;9.2;9.5;8.8;6.8;8.458;10.0;0;;;2022;3;0
RA-181;Aluno-181;1900-01-14 00:00:00;Menina;7.671208333;9.6;8.3;2.52;6.8;8.2525;10.0;0;Fase 4 (9° ano);7.96875;2023;FASE 4;0
RA-181;Aluno-181;15;Menina;7.439841414133334;7.5;8.737373737333334;6.26;4.333333333333333;8.436;10.0;0;Fase 5 (1° EM);7.625;2024;5A;0
RA-182;Aluno-182;16;Menina;6.328;7.5;8.0;7.5;4.1;6.958;2.5;-3;;;2022;3;1
RA-183;Aluno-183;13;Menina;7.3;8.3;8.8;7.5;3.8;7.25;10.0;0;;;2022;3;0
RA-183;Aluno-183;14;Menina;7.586241667;7.9;9.7;2.52;7.7;8.795;5.0;-1;Fase 4 (9° ano);7.96875;2023;FASE 3;1
RA-183;Aluno-183;15;Menina;8.266902371533334;7.917;9.249011857666666;6.26;7.5;8.372;10.0;0;Fase 4 (9° ano);8.25;2024;4A;0
RA-184;Aluno-184;16;Menino;7.28;8.8;7.7;7.5;7.2;8.0;2.5;-3;;;2022;3;1
RA-184;Aluno-184;13;Menino;8.430241667;7.9;9.5;7.52;7.1;8.5025;10.0;1;Fase 3 (7° e 8° ano);8.59375;2023;FASE 4;0
RA-184;Aluno-184;14;Menino;8.471456704266666;8.751;8.696741854666667;6.26;8.166666666666666;9.004;10.0;1;Fase 4 (9° ano);7.96875;2024;5D;0
RA-185;Aluno-185;15;Menino;6.615;7.9;7.7;7.5;4.5;6.875;5.0;-2;;;2022;3;1
RA-186;Aluno-186;13;Menina;7.832;8.3;8.5;7.5;6.6;7.5;10.0;0;;;2022;3;0
RA-186;Aluno-186;1900-01-14 00:00:00;Menina;7.817541667;7.5;9.7;2.52;6.9;8.46;10.0;0;Fase 4 (9° ano);7.96875;2023;FASE 4;0
RA-186;Aluno-186;15;Menina;8.325963636333334;7.917;9.640151515;6.26;7.166666666666667;8.672;10.0;1;Fase 4 (9° ano);8.125;2024;5B;0
RA-187;Aluno-187;12;Menina;7.928;8.8;8.9;7.5;5.8;7.917;10.0;0;;;2022;3;0
RA-187;Aluno-187;13;Menina;7.809875;7.5;9.9;2.52;6.9;8.255;10.0;0;Fase 3 (7° e 8° ano);7.96875;2023;FASE 3;0
RA-187;Aluno-187;14;Menina;8.568424074066666;8.751;9.537037037;5.635;7.833333333333333;9.06;10.0;0;Fase 4 (9° ano);8.4375;2024;4C;0
RA-188;Aluno-188;14;Menino;5.307;0.0;6.1;7.5;2.7;7.583;5.0;-1;;;2022;3;1
RA-189;Aluno-189;14;Menino;7.629;10.0;9.7;5.0;7.2;7.333;5.0;-1;;;2022;3;1
RA-189;Aluno-189;14;Menino;7.727325;7.9;9.4;2.52;6.5;8.3775;10.0;0;Fase 4 (9° ano);8.28125;2023;FASE 4;0
RA-189;Aluno-189;15;Menino;8.586533333333334;10.002;10.0;6.255;8.166666666666666;8.2;10.0;0;Fase 5 (1° EM);6.875;2024;5A;0
RA-19;Aluno-19;19;Menina;7.665;7.9;9.5;7.5;8.0;7.0;5.0;-1;;;2022;7;1
RA-19;Aluno-19;19;Menina;7.710866667;7.9;9.4;5.63;7.8;8.1725;5.0;-1;Fase 8 (Universitários);7.75;2023;FASE 7;1
RA-19;Aluno-19;20;Menina;;;0.0;;;;10.0;0;Fase 8 (Universitários);;2024;8F;0
RA-190;Aluno-190;13;Menina;7.335;6.7;6.9;8.8;6.3;7.25;10.0;0;;;2022;3;0
RA-190;Aluno-190;14;Menina;6.934158333;7.9;9.5;2.52;5.7;7.9575;5.0;-1;Fase 4 (9° ano);7.65625;2023;FASE 3;1
RA-191;Aluno-191;13;Menino;8.74;10.0;9.4;8.8;7.2;8.5;10.0;0;;;2022;3;0
RA-191;Aluno-191;14;Menino;7.263666667;0.0;9.7;2.52;7.8;8.4625;10.0;0;Fase 4 (9° ano);8.125;2023;FASE 4;0
RA-191;Aluno-191;15;Menino;7.7887;7.5;9.571;5.945;6.3999999999999995;7.5;10.0;2;Fase 5 (1° EM);7.5;2024;7E;0
RA-192;Aluno-192;15;Menino;4.932;8.8;3.6;7.5;2.7;4.708;5.0;-2;;;2022;3;1
RA-192;Aluno-192;16;Menino;6.616016667;8.8;6.2;5.0;6.5;7.3775;5.0;-2;Fase 6 (2° EM);7.1875;2023;FASE 4;1
RA-192;Aluno-192;17;Menino;6.882960606066668;8.334;6.363636363666667;7.51;7.166666666666667;6.9;5.0;-2;Fase 7 (3° EM);7.125;2024;5B;1
RA-193;Aluno-193;12;Menino;8.155;9.2;8.9;5.6;6.7;8.5;10.0;0;;;2022;3;0
RA-193;Aluno-193;13;Menino;7.718566667;8.3;9.4;2.52;6.5;8.17;10.0;1;Fase 3 (7° e 8° ano);8.125;2023;FASE 4;0
RA-193;Aluno-193;14;Menino;8.465046969666668;8.751;9.848484848333333;6.26;7.0;8.7525;10.0;1;Fase 4 (9° ano);8.4375;2024;5C;0
RA-194;Aluno-194;14;Menina;4.265;0.0;6.2;5.0;3.2;3.75;5.0;-1;;;2022;3;1
RA-195;Aluno-195;13;Menina;8.017;8.8;9.2;5.0;6.3;8.25;10.0;0;;;2022;3;0
RA-195;Aluno-195;1900-01-14 00:00:00;Menina;7.60205;7.1;9.2;2.52;6.0;8.79;10.0;0;Fase 4 (9° ano);8.4375;2023;FASE 4;0
RA-195;Aluno-195;15;Menina;8.4690496032;7.5;9.682539682666667;6.26;7.833333333333333;8.965;10.0;1;Fase 4 (9° ano);7.96875;2024;5C;0
RA-196;Aluno-196;12;Menino;8.124;9.2;9.1;7.5;5.1;8.625;10.0;0;;;2022;3;0
RA-196;Aluno-196;13;Menino;7.560991667;7.9;9.0;2.52;6.2;8.2125;10.0;1;Fase 3 (7° e 8° ano);8.28125;2023;FASE 4;0
RA-196;Aluno-196;14;Menino;8.823550937933334;8.751;9.689754689666666;7.51;8.0;8.9225;10.0;1;Fase 4 (9° ano);8.75;2024;5C;0
RA-197;Aluno-197;13;Menina;8.218;8.8;9.7;4.4;7.3;8.292;10.0;0;;;2022;3;0
RA-197;Aluno-197;13;Menina;7.967608333;8.3;9.8;2.52;7.2;8.46;10.0;1;Fase 3 (7° e 8° ano);7.96875;2023;FASE 4;0
RA-197;Aluno-197;14;Menina;8.568238636333334;7.5;9.848484848333333;6.26;8.333333333333334;8.795;10.0;0;Fase 5 (1° EM);7.96875;2024;5C;0
RA-198;Aluno-198;13;Menino;5.554;0.0;6.2;5.0;4.6;5.958;10.0;0;;;2022;3;0
RA-199;Aluno-199;13;Menino;7.564;8.3;7.1;7.5;7.5;6.458;10.0;0;;;2022;3;0
RA-199;Aluno-199;1900-01-14 00:00:00;Menino;7.892341667;9.2;7.6;7.51;8.5;8.505;5.0;-1;Fase 4 (9° ano);7.96875;2023;FASE 3;1
RA-199;Aluno-199;15;Menino;7.419398245666667;8.334;7.554824561666667;6.88;7.166666666666667;8.206;5.0;-1;Fase 5 (1° EM);8.125;2024;4A;1
RA-2;Aluno-2;17;Menina;7.055;8.8;5.2;6.3;6.8;6.778;10.0;0;;;2022;7;0
RA-2;Aluno-2;18;Menina;;;;;;;10.0;0;Fase 8 (Universitários);;2023;FASE 8;0
RA-2;Aluno-2;19;Menina;;;0.0;;;;10.0;0;Fase 8 (Universitários);;2024;8E;0
RA-20;Aluno-20;19;Menina;7.535;7.1;10.0;6.3;7.8;7.167;5.0;-1;;;2022;7;1
RA-200;Aluno-200;15;Menino;5.705;7.9;5.6;4.4;5.5;4.917;5.0;-2;;;2022;3;1
RA-200;Aluno-200;16;Menino;5.661166667;9.6;4.5;2.52;4.3;7.17;5.0;-2;Fase 6 (2° EM);7.5;2023;FASE 4;1
RA-201;Aluno-201;15;Menina;7.078;7.9;7.3;7.5;6.5;7.542;5.0;-2;;;2022;3;1
RA-202;Aluno-202;14;Menina;5.201;0.0;5.2;4.4;5.4;6.917;5.0;-1;;;2022;3;1
RA-202;Aluno-202;1900-01-15 00:00:00;Menina;6.791641667;8.8;7.9;2.52;5.9;8.005;5.0;-1;Fase 5 (1° EM);7.96875;2023;FASE 4;1
RA-202;Aluno-202;16;Menina;7.3512154762;8.334;7.880952381;6.26;7.5;7.75;5.0;-1;Fase 6 (2° EM);7.65625;2024;5C;1
RA-203;Aluno-203;14;Menina;5.669;8.8;4.3;7.5;2.8;6.875;5.0;-1;;;2022;3;1
RA-204;Aluno-204;13;Menina;6.943;7.9;6.7;4.4;7.4;5.708;10.0;0;;;2022;3;0
RA-204;Aluno-204;1900-01-14 00:00:00;Menina;7.557558333;8.8;7.9;2.52;7.1;8.045;10.0;0;Fase 4 (9° ano);8.28125;2023;FASE 4;0
RA-204;Aluno-204;15;Menina;7.838218894866668;9.168;6.827094474333333;6.26;7.5;8.5875;10.0;0;Fase 4 (9° ano);7.125;2024;4B;0
RA-205;Aluno-205;14;Menino;5.372;9.6;3.8;7.5;4.1;4.833;5.0;-1;;;2022;3;1
RA-205;Aluno-205;1900-01-15 00:00:00;Menino;6.857625;9.6;7.6;4.38;6.6;7.09;5.0;-1;Fase 5 (1° EM);7.03125;2023;FASE 4;1
RA-206;Aluno-206;12;Menina;7.101;8.3;8.8;7.5;5.0;5.167;10.0;0;;;2022;3;0
RA-207;Aluno-207;16;Menino;4.936;0.0;4.8;7.5;5.8;5.708;2.5;-3;;;2022;3;1
RA-208;Aluno-208;14;Menino;6.667;7.5;7.1;7.5;6.1;6.417;5.0;-1;;;2022;3;1
RA-209;Aluno-209;14;Menino;4.499;0.0;4.8;5.6;6.0;3.75;5.0;-1;;;2022;3;1
RA-21;Aluno-21;18;Menino;6.945;9.6;9.2;7.5;3.8;7.25;5.0;-1;;;2022;7;1
RA-21;Aluno-21;19;Menino;;;;;;;10.0;0;Fase 8 (Universitários);;2023;FASE 8;0
RA-21;Aluno-21;20;Menino;;;0.0;;;;10.0;0;Fase 8 (Universitários);;2024;8E;0
RA-210;Aluno-210;14;Menino;4.44;0.0;5.1;7.5;3.4;4.417;5.0;-1;;;2022;3;1
RA-211;Aluno-211;13;Menino;8.465;9.2;8.8;7.5;7.6;8.458;10.0;0;;;2022;3;0
RA-211;Aluno-211;14;Menino;8.024791667;9.6;9.4;2.52;7.1;8.71;10.0;0;Fase 4 (9° ano);7.65625;2023;FASE 4;0
RA-211;Aluno-211;15;Menino;8.283601875933334;9.585;9.379509379666667;7.51;7.0;7.866;10.0;0;Fase 5 (1° EM);7.25;2024;5A;0
RA-212;Aluno-212;14;Menino;7.268;9.6;8.4;7.5;6.2;6.958;5.0;-1;;;2022;3;1
RA-213;Aluno-213;13;Menino;7.209;9.6;8.7;7.5;3.5;6.833;10.0;0;;;2022;3;0
RA-214;Aluno-214;15;Menino;4.87;0.0;6.1;7.5;4.3;5.125;5.0;-2;;;2022;3;1
RA-215;Aluno-215;13;Menina;7.172;6.7;5.8;7.5;7.8;6.542;10.0;0;;;2022;3;0
RA-215;Aluno-215;14;Menina;7.166475;8.8;6.6;2.52;6.9;7.7125;10.0;0;Fase 4 (9° ano);7.96875;2023;FASE 4;0
RA-215;Aluno-215;15;Menina;7.045258874400002;7.084;6.455627705333334;6.26;5.666666666666667;7.432;10.0;0;Fase 5 (1° EM);8.0;2024;5B;0
RA-216;Aluno-216;13;Menina;7.502;7.9;8.5;7.5;7.0;5.583;10.0;0;;;2022;3;0
RA-217;Aluno-217;15;Menina;7.397;7.9;8.5;7.5;7.1;7.292;5.0;-2;;;2022;3;1
RA-217;Aluno-217;1900-01-15 00:00:00;Menina;6.96965;8.3;8.6;2.52;5.6;8.5025;5.0;-1;Fase 5 (1° EM);8.4375;2023;FASE 4;1
RA-217;Aluno-217;17;Menina;7.4209164502;8.334;8.917748917666666;6.26;7.833333333333333;6.994;5.0;-1;Fase 6 (2° EM);7.125;2024;5A;1
RA-218;Aluno-218;14;Menina;6.1;6.3;7.3;7.5;4.0;6.125;5.0;-1;;;2022;3;1
RA-218;Aluno-218;15;Menina;5.811541667;0.0;6.7;2.52;6.7;7.88;5.0;-1;Fase 5 (1° EM);7.96875;2023;FASE 4;1
RA-219;Aluno-219;16;Menino;5.942;8.8;6.9;7.5;3.5;6.375;2.5;-3;;;2022;3;1
RA-22;Aluno-22;17;Menina;7.474;8.3;7.4;8.1;6.7;8.833;5.0;-1;;;2022;6;1
RA-220;Aluno-220;13;Menina;7.028;0.0;8.1;7.5;6.5;7.833;10.0;0;;;2022;3;0
RA-220;Aluno-220;14;Menina;7.102016667;8.8;7.6;2.52;6.1;7.5475;10.0;0;Fase 4 (9° ano);7.1875;2023;FASE 4;0
RA-220;Aluno-220;15;Menina;7.6987770562666675;8.751;8.198051948;6.26;6.833333333333333;7.332;10.0;0;Fase 5 (1° EM);7.25;2024;5B;0
RA-221;Aluno-221;14;Menino;6.892;9.6;8.5;7.5;5.2;6.0;5.0;-1;;;2022;3;1
RA-221;Aluno-221;15;Menino;6.959916667;9.6;9.0;5.0;5.0;7.38;5.0;-2;Fase 5 (1° EM);7.1875;2023;FASE 3;1
RA-222;Aluno-222;15;Menina;5.604;7.1;4.6;7.5;6.2;4.917;5.0;-2;;;2022;3;1
RA-223;Aluno-223;13;Menina;4.966;0.0;4.6;7.5;3.1;5.583;10.0;0;;;2022;3;0
RA-223;Aluno-223;14;Menina;5.089833333;0.0;4.5;7.52;3.8;7.1725;5.0;-1;Fase 4 (9° ano);7.5;2023;FASE 3;1
RA-224;Aluno-224;13;Menino;5.671;9.6;4.3;7.5;2.6;4.875;10.0;0;;;2022;3;0
RA-225;Aluno-225;14;Menino;5.918;8.3;5.3;7.5;5.0;5.708;5.0;-1;;;2022;3;1
RA-226;Aluno-226;14;Menina;6.549;7.5;6.1;7.5;6.8;6.208;5.0;-1;;;2022;3;1
RA-227;Aluno-227;12;Menino;6.471;9.2;6.4;7.5;3.3;5.833;10.0;0;;;2022;3;0
RA-227;Aluno-227;1900-01-12 00:00:00;Menino;7.722125;9.6;7.5;5.63;6.9;7.4625;10.0;0;Fase 3 (7° e 8° ano);8.28125;2023;FASE 3;0
RA-227;Aluno-227;13;Menino;8.074015455333335;9.585;8.097577276666668;9.38;6.5;7.54;10.0;0;Fase 3 (7° e 8° ano);7.5;2024;3A;0
RA-228;Aluno-228;15;Menina;6.196;7.5;6.7;7.5;4.8;6.417;5.0;-2;;;2022;3;1
RA-229;Aluno-229;12;Menino;8.62;10.0;9.4;7.5;6.9;8.5;10.0;0;;;2022;3;0
RA-229;Aluno-229;1900-01-13 00:00:00;Menino;8.207591667;9.2;9.8;2.52;7.8;8.42;10.0;1;Fase 3 (7° e 8° ano);8.28125;2023;FASE 4;0
RA-229;Aluno-229;14;Menino;8.852545634933334;9.585;9.841269841333334;5.635;8.833333333333334;8.8375;10.0;1;Fase 4 (9° ano);8.28125;2024;5C;0
RA-23;Aluno-23;17;Menino;7.677;8.3;8.2;8.1;6.7;8.556;5.0;-1;;;2022;6;1
RA-23;Aluno-23;1900-01-17 00:00:00;Menino;;;;;;;10.0;1;Fase 7 (3° EM);;2023;FASE 8;0
RA-23;Aluno-23;19;Menino;;;0.0;;;;10.0;0;Fase 8 (Universitários);;2024;8E;0
RA-230;Aluno-230;14;Menino;6.328;7.9;5.1;7.5;5.7;6.75;5.0;-1;;;2022;3;1
RA-231;Aluno-231;14;Menino;6.116;8.8;7.4;7.5;3.8;5.333;5.0;-1;;;2022;3;1
RA-232;Aluno-232;12;Menino;4.245;0.0;4.9;7.5;0.0;4.542;10.0;0;;;2022;3;0
RA-233;Aluno-233;14;Menino;6.051;7.9;7.4;7.5;3.8;5.5;5.0;-1;;;2022;3;1
RA-234;Aluno-234;13;Menino;6.719;10.0;7.6;5.6;4.3;5.583;10.0;0;;;2022;3;0
RA-234;Aluno-234;13;Menino;6.248741667;6.7;8.0;2.52;5.6;5.595;10.0;0;Fase 3 (7° e 8° ano);4.84375;2023;FASE 3;0
RA-235;Aluno-235;14;Menina;6.79;8.3;7.3;7.5;6.3;6.417;5.0;-1;;;2022;3;1
RA-236;Aluno-236;12;Menina;7.11;9.6;7.5;7.5;3.7;7.208;10.0;0;;;2022;3;0
RA-236;Aluno-236;13;Menina;7.337116667;10.0;7.5;7.52;4.5;7.2975;10.0;0;Fase 3 (7° e 8° ano);7.1875;2023;FASE 3;0
RA-236;Aluno-236;14;Menina;6.980833740133334;9.168;7.890668700666666;6.26;4.5;6.362;10.0;0;Fase 4 (9° ano);6.875;2024;4F;0
RA-237;Aluno-237;14;Menina;8.084;10.0;9.0;7.5;7.8;8.417;5.0;-1;;;2022;3;1
RA-237;Aluno-237;15;Menina;7.436566667;8.3;9.5;2.52;6.7;8.96;5.0;-1;Fase 5 (1° EM);8.125;2023;FASE 4;1
RA-237;Aluno-237;16;Menina;7.931384271366667;8.751;9.689754689666666;6.26;7.666666666666667;8.336666667;5.0;-1;Fase 6 (2° EM);7.916666667;2024;5F;1
RA-238;Aluno-238;14;Menina;6.331;8.8;6.4;5.0;5.1;7.208;5.0;-1;;;2022;3;1
RA-239;Aluno-239;15;Menina;4.572;0.0;3.7;7.5;3.7;5.958;5.0;-2;;;2022;3;1
RA-239;Aluno-239;16;Menina;6.411333333;0.0;8.4;5.0;7.0;7.6275;5.0;-2;Fase 6 (2° EM);8.125;2023;FASE 4;1
RA-239;Aluno-239;17;Menina;6.782180868800001;8.751;6.361737677333333;5.635;6.666666666666667;8.502;2.5;-3;Fase 7 (3° EM);7.875;2024;4F;1
RA-24;Aluno-24;17;Menina;8.087;9.2;7.9;6.9;8.6;9.111;5.0;-1;;;2022;6;1
RA-240;Aluno-240;13;Menina;6.943;7.1;8.1;5.0;4.7;7.042;10.0;0;;;2022;3;0
RA-240;Aluno-240;1900-01-14 00:00:00;Menina;6.337966667;7.1;6.7;2.52;4.8;6.9175;10.0;0;Fase 4 (9° ano);6.875;2023;FASE 4;0
RA-241;Aluno-241;14;Menino;8.468;10.0;10.0;7.5;7.7;9.125;5.0;-1;;;2022;3;1
RA-241;Aluno-241;1900-01-15 00:00:00;Menino;7.016;0.0;9.9;2.52;7.5;9.545;5.0;-1;Fase 5 (1° EM);8.75;2023;FASE 4;1
RA-241;Aluno-241;16;Menino;8.311616666733334;10.002;9.891666667;7.1975;6.816666666666667;7.5;10.0;2;Fase 5 (1° EM);7.5;2024;7E;0
RA-242;Aluno-242;13;Menino;8.673;9.6;9.7;5.6;8.2;8.708;10.0;0;;;2022;3;0
RA-242;Aluno-242;14;Menino;8.221841667;7.1;9.7;2.52;7.9;9.3775;10.0;0;Fase 4 (9° ano);8.59375;2023;FASE 4;0
RA-242;Aluno-242;15;Menino;8.2887;9.585;9.621;6.26;7.650000000000001;7.5;10.0;2;Fase 5 (1° EM);7.5;2024;7E;0
RA-243;Aluno-243;15;Menina;6.982;7.1;8.7;5.0;6.0;7.875;5.0;-2;;;2022;3;1
RA-244;Aluno-244;12;Menina;8.51;7.5;9.4;6.3;7.8;9.208;10.0;0;;;2022;3;0
RA-244;Aluno-244;13;Menina;7.044333333;0.0;8.8;2.52;7.3;8.8325;10.0;1;Fase 3 (7° e 8° ano);8.125;2023;FASE 4;0
RA-244;Aluno-244;14;Menina;8.7225;7.5;10.0;6.26;9.5;8.17;10.0;1;Fase 4 (9° ano);8.125;2024;5G;0
RA-245;Aluno-245;14;Menino;8.656;10.0;9.9;7.5;8.4;9.25;5.0;-1;;;2022;3;1
RA-245;Aluno-245;1900-01-15 00:00:00;Menino;7.171166667;0.0;10.0;2.52;8.1;9.5875;5.0;-1;Fase 5 (1° EM);8.75;2023;FASE 4;1
RA-245;Aluno-245;16;Menino;8.452633333266668;9.168;9.953333333;6.885;8.033333333333333;7.5;10.0;2;Fase 5 (1° EM);7.5;2024;7E;0
RA-246;Aluno-246;13;Menino;8.639;8.3;9.4;7.5;7.6;9.167;10.0;0;;;2022;3;0
RA-246;Aluno-246;1900-01-14 00:00:00;Menino;8.256766667;8.8;9.9;4.39;6.8;8.9175;10.0;0;Fase 4 (9° ano);8.125;2023;FASE 4;0
RA-246;Aluno-246;15;Menino;4.7404;8.334;0.0;6.57;0.0;7.5;10.0;2;Fase 5 (1° EM);7.5;2024;7E;0
RA-247;Aluno-247;13;Menina;7.72;8.3;8.2;7.5;5.8;7.875;10.0;0;;;2022;3;0
RA-247;Aluno-247;13;Menina;7.221958333;0.0;8.5;7.52;7.2;7.5425;10.0;0;Fase 3 (7° e 8° ano);8.28125;2023;FASE 3;0
RA-247;Aluno-247;14;Menina;6.646485739800001;0.0;8.306595365666666;6.26;4.333333333333333;8.5875;10.0;0;Fase 4 (9° ano);7.75;2024;4B;0
RA-248;Aluno-248;13;Menino;7.429;9.2;7.6;7.5;5.2;7.292;10.0;0;;;2022;3;0
RA-249;Aluno-249;14;Menino;5.097;6.7;7.4;5.0;2.9;4.292;5.0;-1;;;2022;3;1
RA-249;Aluno-249;1900-01-15 00:00:00;Menino;5.444625;0.0;8.2;5.0;4.9;6.545;5.0;-2;Fase 5 (1° EM);5.15625;2023;FASE 3;1
RA-249;Aluno-249;16;Menino;6.125104328999999;7.083;6.645021645;5.0;5.0;7.064;5.0;-2;Fase 6 (2° EM);6.75;2024;4F;1
RA-25;Aluno-25;17;Menina;7.979;8.3;8.3;8.8;6.9;9.667;5.0;-1;;;2022;6;1
RA-25;Aluno-25;18;Menina;;;;;;;10.0;0;Fase 8 (Universitários);;2023;FASE 8;0
RA-25;Aluno-25;19;Menina;;;0.0;;;;10.0;0;Fase 8 (Universitários);;2024;8E;0
RA-250;Aluno-250;12;Menina;7.958;8.3;8.6;7.5;6.6;7.625;10.0;0;;;2022;3;0
RA-250;Aluno-250;13;Menina;7.598208333;0.0;9.3;5.63;8.3;8.625;10.0;0;Fase 3 (7° e 8° ano);7.96875;2023;FASE 3;0
RA-250;Aluno-250;14;Menina;9.049892592566668;9.168;9.629629629666667;6.88;9.166666666666666;8.95;10.0;0;Fase 4 (9° ano);8.958333333;2024;4H;0
RA-251;Aluno-251;15;Menino;7.022;10.0;8.1;5.6;6.3;6.625;5.0;-2;;;2022;3;1
RA-251;Aluno-251;1900-01-15 00:00:00;Menino;6.665208333;9.6;8.0;2.52;5.3;7.835;5.0;-1;Fase 5 (1° EM);7.34375;2023;FASE 4;1
RA-251;Aluno-251;16;Menino;6.7135006212;8.751;8.612836439;5.63;4.5;7.326666667;5.0;-1;Fase 6 (2° EM);6.875;2024;5N;1
RA-252;Aluno-252;14;Menino;4.277;9.2;2.8;7.5;0.9;3.875;5.0;-1;;;2022;3;1
RA-253;Aluno-253;15;Menino;4.312;9.2;3.6;5.0;1.8;3.75;5.0;-2;;;2022;3;1
RA-254;Aluno-254;14;Menino;6.715;10.0;7.4;5.6;5.3;6.917;5.0;-1;;;2022;3;1
RA-254;Aluno-254;15;Menino;;9.6;8.8;;5.9;7.71;5.0;-1;Fase 5 (1° EM);7.8125;2023;FASE 4;1
RA-255;Aluno-255;14;Menino;4.563;7.5;3.8;5.0;1.3;5.542;5.0;-1;;;2022;3;1
RA-256;Aluno-256;12;Menina;7.192;8.8;8.5;5.0;5.2;6.708;10.0;0;;;2022;3;0
RA-257;Aluno-257;14;Menina;5.149;0.0;6.4;5.6;3.6;6.708;5.0;-1;;;2022;3;1
RA-258;Aluno-258;12;Menina;6.926;10.0;7.3;5.6;4.8;6.125;10.0;0;;;2022;3;0
RA-258;Aluno-258;13;Menina;6.429063888866667;7.084;6.944444444333333;7.51;2.5;6.732;10.0;0;Fase 3 (7° e 8° ano);7.34375;2024;3H;0
RA-259;Aluno-259;16;Menino;4.182;8.8;2.9;7.5;0.9;4.625;2.5;-3;;;2022;3;1
RA-26;Aluno-26;17;Menino;8.677;9.6;8.8;10.0;8.0;10.0;5.0;-1;;;2022;6;1
RA-26;Aluno-26;1900-01-18 00:00:00;Menino;;0.0;;7.52;;;5.0;-1;Fase 8 (Universitários);;2023;FASE 7;1
RA-26;Aluno-26;19;Menino;;;0.0;;;;10.0;0;Fase 8 (Universitários);;2024;8F;0
RA-260;Aluno-260;13;Menina;7.44;10.0;8.2;7.5;5.0;6.458;10.0;0;;;2022;3;0
RA-260;Aluno-260;1900-01-13 00:00:00;Menina;8.080008333;9.2;9.9;7.52;6.1;7.4175;10.0;0;Fase 3 (7° e 8° ano);7.34375;2023;FASE 3;0
RA-260;Aluno-260;15;Menina;8.448920634933334;8.751;9.674603174666666;7.51;7.0;8.502;10.0;0;Fase 4 (9° ano);7.875;2024;4F;0
RA-261;Aluno-261;14;Menina;6.763;8.8;7.2;5.6;5.8;7.042;5.0;-1;;;2022;3;1
RA-262;Aluno-262;15;Menino;4.786;0.0;5.8;5.6;3.4;5.625;5.0;-2;;;2022;3;1
RA-262;Aluno-262;1900-01-16 00:00:00;Menino;4.406458333;0.0;3.7;5.0;3.8;6.05;5.0;-2;Fase 6 (2° EM);7.03125;2023;FASE 4;1
RA-262;Aluno-262;17;Menino;5.806145462066667;7.917;4.854560643666667;7.51;4.166666666666667;6.296;5.0;-2;Fase 6 (2° EM);7.0;2024;4F;1
RA-263;Aluno-263;15;Menina;5.319;5.8;5.6;7.5;3.7;4.417;5.0;-2;;;2022;3;1
RA-264;Aluno-264;15;Menina;7.087;10.0;9.2;5.6;5.8;6.625;5.0;-2;;;2022;3;1
RA-265;Aluno-265;13;Menino;7.926;8.3;7.7;7.5;6.9;7.917;10.0;0;;;2022;3;0
RA-265;Aluno-265;14;Menino;;8.3;8.7;;7.0;7.88;10.0;0;Fase 4 (9° ano);7.96875;2023;FASE 4;0
RA-266;Aluno-266;16;Menina;5.987;7.5;5.8;5.6;6.0;6.583;2.5;-3;;;2022;3;1
RA-267;Aluno-267;15;Menina;6.012;10.0;7.4;5.0;3.3;6.292;5.0;-2;;;2022;3;1
RA-267;Aluno-267;16;Menina;;7.9;7.7;;2.7;6.505;5.0;-2;Fase 6 (2° EM);4.6875;2023;FASE 4;1
RA-267;Aluno-267;17;Menina;5.8963067819666675;10.002;8.285533910333333;6.26;2.0;6.273333333;5.0;-2;Fase 7 (3° EM);4.583333333;2024;5G;1
RA-268;Aluno-268;14;Menina;6.695;9.2;6.7;6.3;5.7;7.208;5.0;-1;;;2022;3;1
RA-269;Aluno-269;13;Menino;8.231;9.2;8.6;6.3;8.9;7.25;10.0;0;;;2022;3;0
RA-269;Aluno-269;14;Menino;8.116041667;9.6;9.0;2.52;7.4;8.7975;10.0;0;Fase 4 (9° ano);8.59375;2023;FASE 4;0
RA-269;Aluno-269;15;Menino;8.4773;9.168;9.6;7.505;8.200000000000001;7.5;10.0;2;Fase 5 (1° EM);7.5;2024;7E;0
RA-27;Aluno-27;17;Menino;7.124;0.0;7.6;8.1;8.0;9.111;5.0;-1;;;2022;6;1
RA-27;Aluno-27;1900-01-17 00:00:00;Menino;7.921266667;6.7;7.7;6.89;6.9;8.8825;10.0;0;Fase 7 (3° EM);8.625;2023;FASE 7;0
RA-27;Aluno-27;18;Menino;;;0.0;;;;10.0;0;Fase 8 (Universitários);;2024;8F;0
RA-270;Aluno-270;13;Menina;8.226;8.3;8.4;6.9;7.9;8.125;10.0;0;;;2022;3;0
RA-270;Aluno-270;14;Menina;7.982633333;9.2;9.0;2.52;6.6;9.1275;10.0;0;Fase 4 (9° ano);8.75;2023;FASE 4;0
RA-270;Aluno-270;15;Menina;4.79255;9.168;0.0;6.2575;0.0;7.5;10.0;2;Fase 5 (1° EM);7.5;2024;7E;0
RA-271;Aluno-271;15;Menina;7.255;9.2;8.5;5.6;7.1;6.958;5.0;-2;;;2022;3;1
RA-271;Aluno-271;16;Menina;6.140333333;0.0;9.3;2.52;5.9;7.7125;5.0;-2;Fase 6 (2° EM);8.125;2023;FASE 4;1
RA-271;Aluno-271;17;Menina;7.400633333333334;9.168;8.958333333333334;6.26;7.333333333333333;6.7475;5.0;-1;Fase 6 (2° EM);7.5;2024;5M;1
RA-272;Aluno-272;14;Menino;6.361;9.2;5.7;7.5;5.1;6.417;5.0;-1;;;2022;3;1
RA-273;Aluno-273;14;Menina;5.679;9.2;5.3;7.5;3.0;5.833;5.0;-1;;;2022;3;1
RA-273;Aluno-273;14;Menina;6.337116667;7.9;7.4;2.52;5.0;7.6275;5.0;-1;Fase 4 (9° ano);7.8125;2023;FASE 3;1
RA-273;Aluno-273;16;Menina;6.5991307798;9.168;7.323153899;6.26;4.5;6.896;5.0;-1;Fase 5 (1° EM);8.125;2024;4N;1
RA-274;Aluno-274;11;Menina;7.946;7.9;8.3;7.5;8.1;7.0;10.0;1;;;2022;3;0
RA-274;Aluno-274;12;Menina;8.137625;7.5;9.5;5.63;7.5;8.295;10.0;1;Fase 3 (7° e 8° ano);7.65625;2023;FASE 4;0
RA-274;Aluno-274;13;Menina;8.651029629666667;8.334;9.648148147999999;5.635;9.333333333333334;8.226666667;10.0;2;Fase 3 (7° e 8° ano);8.125;2024;5L;0
RA-275;Aluno-275;15;Menino;6.665;9.6;6.9;7.5;4.6;6.667;5.0;-2;;;2022;3;1
RA-276;Aluno-276;14;Menina;5.527;7.1;5.7;5.6;4.3;5.125;5.0;-1;;;2022;3;1
RA-276;Aluno-276;1900-01-14 00:00:00;Menina;6.690458333;6.3;8.5;2.52;5.5;6.585;10.0;0;Fase 4 (9° ano);7.03125;2023;FASE 4;0
RA-277;Aluno-277;14;Menino;7.411;7.1;8.8;7.5;7.4;7.208;5.0;-1;;;2022;3;1
RA-277;Aluno-277;1900-01-15 00:00:00;Menino;7.7284;8.3;9.9;7.52;5.5;8.7525;5.0;-1;Fase 5 (1° EM);8.125;2023;FASE 4;1
RA-277;Aluno-277;16;Menino;8.0689833334;8.334;9.741666667;6.5725;6.8999999999999995;7.5;10.0;2;Fase 5 (1° EM);7.5;2024;7E;0
RA-278;Aluno-278;12;Menino;7.741;8.8;9.2;5.6;6.0;7.417;10.0;0;;;2022;3;0
RA-278;Aluno-278;13;Menino;7.1935;0.0;9.8;5.63;5.6;8.3775;10.0;1;Fase 3 (7° e 8° ano);8.75;2023;FASE 4;0
RA-278;Aluno-278;14;Menino;8.907314492800001;9.168;9.855072463666666;7.51;9.333333333333334;7.946666667;10.0;1;Fase 4 (9° ano);8.125;2024;5N;0
RA-279;Aluno-279;13;Menino;8.815;9.2;9.9;6.3;9.1;8.208;10.0;0;;;2022;3;0
RA-279;Aluno-279;14;Menino;9.006266667;8.8;10.0;6.27;8.9;9.2125;10.0;0;Fase 4 (9° ano);8.75;2023;FASE 4;0
RA-279;Aluno-279;15;Menino;9.113133333366667;9.168;10.0;7.51;9.333333333333334;8.726666667;10.0;1;Fase 4 (9° ano);8.333333333;2024;5N;0
RA-28;Aluno-28;17;Menina;6.242;7.9;6.1;7.5;5.0;6.333;5.0;-1;;;2022;6;1
RA-280;Aluno-280;13;Menina;8.046;7.5;9.2;7.5;7.1;7.333;10.0;0;;;2022;3;0
RA-280;Aluno-280;1900-01-14 00:00:00;Menina;8.189225;6.7;9.5;7.52;6.5;8.7125;10.0;0;Fase 4 (9° ano);8.28125;2023;FASE 4;0
RA-280;Aluno-280;15;Menina;8.822714492700001;7.917;9.855072463666666;6.26;9.333333333333334;8.67;10.0;1;Fase 4 (9° ano);8.333333333;2024;5N;0
RA-281;Aluno-281;13;Menina;6.806;6.7;6.9;7.5;5.9;5.625;10.0;0;;;2022;3;0
RA-282;Aluno-282;13;Menina;6.618;8.8;6.8;7.5;4.0;5.625;10.0;0;;;2022;3;0
RA-283;Aluno-283;14;Menino;7.131;9.6;8.8;7.5;5.6;6.625;5.0;-1;;;2022;3;1
RA-283;Aluno-283;15;Menino;7.549025;8.3;9.5;7.52;6.8;7.5025;5.0;-2;Fase 5 (1° EM);7.03125;2023;FASE 3;1
RA-283;Aluno-283;16;Menino;7.9444309524;8.751;9.761904762;6.885;8.0;7.736;5.0;-2;Fase 6 (2° EM);7.8125;2024;4N;1
RA-284;Aluno-284;13;Menino;5.939;6.7;5.1;5.6;3.8;5.958;10.0;0;;;2022;3;0
RA-285;Aluno-285;16;Menina;5.063;9.2;4.1;7.5;2.8;5.75;2.5;-3;;;2022;3;1
RA-285;Aluno-285;17;Menina;5.380358333;8.3;4.6;2.52;4.7;7.13;2.5;-3;Fase 7 (3° EM);7.65625;2023;FASE 4;1
RA-286;Aluno-286;15;Menina;5.424;7.1;5.8;6.3;3.0;5.625;5.0;-2;;;2022;3;1
RA-286;Aluno-286;15;Menina;5.713333333;0.0;7.5;5.0;4.7;7.3375;5.0;-1;Fase 5 (1° EM);8.125;2023;FASE 4;1
RA-286;Aluno-286;16;Menina;5.123180882333333;6.666;4.031862745000001;6.26;3.1666666666666665;5.7825;5.0;-1;Fase 6 (2° EM);7.34375;2024;5M;1
RA-287;Aluno-287;17;Menina;3.7;7.9;3.4;5.0;1.1;4.292;2.5;-4;;;2022;3;1
RA-287;Aluno-287;18;Menina;3.745541667;0.0;4.8;2.52;3.9;5.375;2.5;-4;Fase 8 (Universitários);4.21875;2023;FASE 4;1
RA-288;Aluno-288;16;Menina;4.097;0.0;5.6;6.3;0.0;6.833;2.5;-3;;;2022;3;1
RA-289;Aluno-289;14;Menina;6.236;0.0;7.8;6.3;6.8;7.25;5.0;-1;;;2022;3;1
RA-29;Aluno-29;17;Menino;4.985;0.0;4.0;8.8;3.7;7.611;5.0;-1;;;2022;6;1
RA-29;Aluno-29;1900-01-18 00:00:00;Menino;;;;;;;10.0;0;Fase 8 (Universitários);;2023;FASE 8;0
RA-29;Aluno-29;19;Menino;;;0.0;;;;10.0;0;Fase 8 (Universitários);;2024;8E;0
RA-290;Aluno-290;17;Menina;4.929;10.0;3.9;6.3;1.7;6.042;2.5;-4;;;2022;3;1
RA-291;Aluno-291;13;Menino;8.122;8.3;8.2;6.9;8.0;7.792;10.0;0;;;2022;3;0
RA-291;Aluno-291;14;Menino;8.493058333;8.8;8.6;7.52;7.1;9.21;10.0;0;Fase 4 (9° ano);8.90625;2023;FASE 4;0
RA-291;Aluno-291;15;Menino;7.9319666667333335;8.751;9.737666667;6.26;6.166666666666667;7.5;10.0;2;Fase 5 (1° EM);7.5;2024;7E;0
RA-292;Aluno-292;16;Menino;4.837;7.9;3.7;7.5;1.8;6.292;2.5;-3;;;2022;3;1
RA-293;Aluno-293;13;Menino;4.875;8.8;2.9;7.5;2.3;3.333;10.0;0;;;2022;3;0
RA-294;Aluno-294;18;Menina;5.031;9.6;5.8;7.5;0.0;5.917;2.5;-5;;;2022;3;1
RA-295;Aluno-295;14;Menina;7.305;7.9;8.0;7.5;6.9;7.375;5.0;-1;;;2022;3;1
RA-295;Aluno-295;15;Menina;7.641016667;8.8;8.8;2.52;7.7;9.005;5.0;-1;Fase 5 (1° EM);9.0625;2023;FASE 4;1
RA-296;Aluno-296;15;Menina;4.665;8.8;3.6;7.5;2.8;3.833;5.0;-2;;;2022;3;1
RA-297;Aluno-297;13;Menina;7.478;7.1;7.9;6.3;6.6;7.417;10.0;0;;;2022;3;0
RA-298;Aluno-298;13;Menino;6.409;9.2;6.3;5.6;5.2;5.417;10.0;0;;;2022;3;0
RA-298;Aluno-298;14;Menino;6.824333333;9.6;8.6;2.52;5.5;7.7525;5.0;-1;Fase 4 (9° ano);7.5;2023;FASE 3;1
RA-299;Aluno-299;13;Menina;7.278;7.1;8.2;5.0;6.8;6.708;10.0;0;;;2022;3;0
RA-299;Aluno-299;14;Menina;6.796541667;0.0;9.6;2.52;6.1;8.005;10.0;0;Fase 4 (9° ano);7.96875;2023;FASE 4;0
RA-299;Aluno-299;15;Menina;8.177186956533333;8.751;8.963768115999999;6.26;8.166666666666666;7.5;10.0;1;Fase 4 (9° ano);7.5;2024;5N;0
RA-3;Aluno-3;17;Menina;6.591;0.0;7.9;5.6;5.6;7.556;10.0;0;;;2022;7;0
RA-30;Aluno-30;16;Menina;7.605;8.8;6.4;7.5;7.5;7.333;10.0;0;;;2022;6;0
RA-300;Aluno-300;14;Menino;5.557;5.4;6.9;6.3;3.1;5.875;5.0;-1;;;2022;3;1
RA-300;Aluno-300;15;Menino;5.616691667;5.0;7.5;2.52;4.5;6.5875;5.0;-2;Fase 5 (1° EM);6.40625;2023;FASE 3;1
RA-301;Aluno-301;13;Menina;6.802;8.8;5.8;5.6;6.3;6.042;10.0;0;;;2022;3;0
RA-301;Aluno-301;1900-01-14 00:00:00;Menina;6.760341667;9.2;5.4;7.52;5.2;6.465;10.0;0;Fase 4 (9° ano);6.71875;2023;FASE 4;0
RA-301;Aluno-301;15;Menina;8.410830701766667;9.168;7.4947368423333325;7.51;9.0;8.21;10.0;0;Fase 4 (9° ano);8.020833333;2024;4M;0
RA-302;Aluno-302;16;Menino;6.334;9.2;7.7;6.9;4.8;6.208;2.5;-3;;;2022;3;1
RA-302;Aluno-302;17;Menino;5.314333333;0.0;7.3;5.0;4.3;6.255;5.0;-2;Fase 7 (3° EM);7.5;2023;FASE 5;1
RA-303;Aluno-303;14;Menino;6.03;7.5;7.2;7.5;3.9;5.375;5.0;-1;;;2022;3;1
RA-303;Aluno-303;15;Menino;5.914291667;0.0;7.3;7.52;5.1;7.05;5.0;-2;Fase 5 (1° EM);7.65625;2023;FASE 3;1
RA-303;Aluno-303;16;Menino;6.2443426900666665;8.751;3.9520467836666664;7.51;5.666666666666667;7.535;5.0;-2;Fase 6 (2° EM);6.875;2024;4M;1
RA-304;Aluno-304;15;Menino;6.355;8.8;7.7;7.5;4.3;5.542;5.0;-2;;;2022;3;1
RA-304;Aluno-304;1900-01-15 00:00:00;Menino;6.241583333;0.0;8.8;5.0;5.7;7.835;5.0;-2;Fase 5 (1° EM);7.8125;2023;FASE 3;1
RA-304;Aluno-304;16;Menino;6.852411484600001;10.002;7.826890756333333;7.51;7.166666666666667;5.825;2.5;-3;Fase 6 (2° EM);6.875;2024;3N;1
RA-305;Aluno-305;14;Menino;6.058;7.9;6.6;7.5;4.8;5.208;5.0;-1;;;2022;3;1
RA-305;Aluno-305;15;Menino;6.394291667;0.0;8.9;7.52;5.2;7.75;5.0;-2;Fase 5 (1° EM);7.65625;2023;FASE 3;1
RA-305;Aluno-305;16;Menino;6.693026811600001;8.334;7.898550724666666;6.26;4.833333333333333;7.03;5.0;-1;Fase 5 (1° EM);7.8125;2024;4N;1
RA-306;Aluno-306;14;Menina;6.427;8.3;6.8;7.5;5.2;5.958;5.0;-1;;;2022;3;1
RA-306;Aluno-306;1900-01-15 00:00:00;Menina;5.732375;0.0;7.9;6.26;4.0;7.46;5.0;-1;Fase 5 (1° EM);7.34375;2023;FASE 4;1
RA-306;Aluno-306;16;Menina;6.1661539474;7.917;7.699561403666666;7.51;2.8333333333333335;6.4125;5.0;-1;Fase 6 (2° EM);7.34375;2024;5M;1
RA-307;Aluno-307;14;Menino;4.733;5.4;4.5;7.5;2.5;4.708;5.0;-1;;;2022;3;1
RA-307;Aluno-307;1900-01-15 00:00:00;Menino;6.047333333;0.0;6.5;7.52;6.3;7.46;5.0;-2;Fase 5 (1° EM);7.5;2023;FASE 3;1
RA-308;Aluno-308;13;Menino;6.93;7.9;7.4;6.9;5.0;6.167;10.0;0;;;2022;3;0
RA-308;Aluno-308;14;Menino;6.578558333;5.4;6.8;5.0;4.9;7.5025;10.0;0;Fase 4 (9° ano);7.03125;2023;FASE 4;0
RA-308;Aluno-308;15;Menino;7.489282456133334;7.083;8.714912280666667;5.635;6.5;7.1225;10.0;1;Fase 4 (9° ano);7.5;2024;5M;0
RA-309;Aluno-309;14;Menina;6.151;9.2;5.2;7.5;6.5;5.083;5.0;-1;;;2022;3;1
RA-31;Aluno-31;17;Menina;8.843;10.0;9.5;9.4;8.0;10.0;5.0;-1;;;2022;6;1
RA-31;Aluno-31;18;Menina;;;;;;;10.0;0;Fase 8 (Universitários);;2023;FASE 8;0
RA-31;Aluno-31;19;Menina;;;0.0;;;;10.0;0;Fase 8 (Universitários);;2024;8E;0
RA-310;Aluno-310;15;Menina;6.4;7.9;7.5;7.5;4.5;6.0;5.0;-2;;;2022;3;1
RA-311;Aluno-311;16;Menina;5.652;7.9;5.6;5.0;5.2;6.222;2.5;-3;;;2022;3;1
RA-312;Aluno-312;13;Menina;7.339;9.6;8.1;7.5;5.2;6.167;10.0;0;;;2022;3;0
RA-313;Aluno-313;14;Menina;5.8;7.5;7.0;5.0;4.1;5.889;5.0;-1;;;2022;3;1
RA-313;Aluno-313;14;Menina;7.011091667;9.2;8.7;2.52;3.9;7.75;10.0;0;Fase 4 (9° ano);7.65625;2023;FASE 4;0
RA-313;Aluno-313;15;Menina;7.2528500000000005;8.751;9.666666666666666;5.63;4.833333333333333;8.1675;5.0;-1;Fase 5 (1° EM);7.8125;2024;4L;1
RA-314;Aluno-314;13;Menina;6.1;5.4;5.4;5.0;5.3;6.0;10.0;0;;;2022;3;0
RA-315;Aluno-315;13;Menina;5.672;6.7;5.1;7.5;3.0;5.056;10.0;0;;;2022;3;0
RA-315;Aluno-315;1900-01-14 00:00:00;Menina;5.977708333;0.0;6.8;5.0;6.3;7.8375;5.0;-1;Fase 4 (9° ano);7.96875;2023;FASE 3;1
RA-315;Aluno-315;15;Menina;6.0768703704;0.0;5.918518518666667;7.51;6.833333333333333;7.6275;5.0;-1;Fase 5 (1° EM);7.5;2024;4M;1
RA-316;Aluno-316;14;Menina;7.889;10.0;10.0;6.9;6.1;8.389;5.0;-1;;;2022;3;1
RA-316;Aluno-316;14;Menina;8.436908333;10.0;9.5;7.52;5.7;8.96;10.0;0;Fase 4 (9° ano);8.59375;2023;FASE 4;0
RA-316;Aluno-316;15;Menina;8.708925;9.168;10.0;7.51;8.0;8.3775;10.0;0;Fase 5 (1° EM);7.65625;2024;5M;0
RA-317;Aluno-317;13;Menino;7.04;8.8;5.6;7.5;6.8;5.944;10.0;0;;;2022;3;0
RA-318;Aluno-318;14;Menina;6.527;8.3;6.9;6.9;5.8;6.111;5.0;-1;;;2022;3;1
RA-318;Aluno-318;15;Menina;6.856575;7.9;8.1;6.26;4.9;7.71;5.0;-1;Fase 5 (1° EM);7.96875;2023;FASE 4;1
RA-318;Aluno-318;16;Menina;7.025000925866668;7.917;9.129629629666667;7.51;4.666666666666667;7.443333333;5.0;-1;Fase 6 (2° EM);7.34375;2024;5L;1
RA-319;Aluno-319;13;Menino;7.448;9.2;7.7;7.5;5.2;7.5;10.0;0;;;2022;3;0
RA-319;Aluno-319;1900-01-14 00:00:00;Menino;8.367208333;9.6;9.2;5.0;7.2;8.88;10.0;0;Fase 4 (9° ano);8.59375;2023;FASE 4;0
RA-319;Aluno-319;15;Menino;7.948699561466667;9.585;9.024122807;7.51;5.833333333333333;7.666666667;10.0;0;Fase 5 (1° EM);7.34375;2024;5L;0
RA-32;Aluno-32;16;Menina;7.37;8.8;5.2;8.8;6.1;7.944;10.0;0;;;2022;6;0
RA-32;Aluno-32;1900-01-17 00:00:00;Menina;6.716666667;0.0;8.2;3.77;7.9;6.8775;10.0;0;Fase 7 (3° EM);7.375;2023;FASE 7;0
RA-320;Aluno-320;14;Menina;7.897;8.8;10.0;6.9;6.4;8.667;5.0;-1;;;2022;3;1
RA-320;Aluno-320;14;Menina;8.393508333;9.2;9.9;7.52;5.5;8.96;10.0;0;Fase 4 (9° ano);8.59375;2023;FASE 4;0
RA-320;Aluno-320;15;Menina;8.442258333333335;9.168;10.0;7.51;6.666666666666667;8.3775;10.0;0;Fase 5 (1° EM);7.65625;2024;5M;0
RA-321;Aluno-321;12;Menina;7.792;9.2;9.1;5.6;5.2;8.278;10.0;0;;;2022;3;0
RA-321;Aluno-321;13;Menina;7.695233333;8.3;9.4;2.52;6.2;8.42;10.0;1;Fase 3 (7° e 8° ano);8.125;2023;FASE 4;0
RA-321;Aluno-321;14;Menina;8.125807932933334;7.917;9.534706331;6.26;7.166666666666667;7.776666667;10.0;1;Fase 4 (9° ano);8.125;2024;5N;0
RA-322;Aluno-322;13;Menina;6.859;7.1;8.1;5.0;4.7;6.778;10.0;0;;;2022;3;0
RA-322;Aluno-322;14;Menina;7.037808333;6.7;8.3;2.52;5.3;8.045;10.0;0;Fase 4 (9° ano);7.96875;2023;FASE 4;0
RA-323;Aluno-323;13;Menino;6.86;9.2;7.3;7.5;3.4;6.611;10.0;0;;;2022;3;0
RA-324;Aluno-324;10;Menina;8.27;10.0;9.3;6.9;6.8;8.611;10.0;0;;;2022;2;0
RA-324;Aluno-324;1900-01-11 00:00:00;Menina;7.6354;5.8;9.0;2.52;8.4;7.5875;10.0;0;Fase 2 (5° e 6° ano);8.125;2023;FASE 2;0
RA-325;Aluno-325;10;Menino;7.619;9.5;6.8;7.5;6.0;8.444;10.0;0;;;2022;2;0
RA-325;Aluno-325;11;Menino;6.243;0.0;7.1;5.0;5.6;7.0025;10.0;0;Fase 2 (5° e 6° ano);8.125;2023;FASE 2;0
RA-325;Aluno-325;12;Menino;8.385133333233336;9.168;9.866666666666667;7.51;7.0;7.553333333;10.0;0;Fase 3 (7° e 8° ano);8.333333333;2024;3C;0
RA-326;Aluno-326;12;Menina;8.22;10.0;9.7;5.0;9.0;8.944;5.0;-1;;;2022;2;1
RA-326;Aluno-326;13;Menina;8.65075;9.6;9.4;3.14;8.2;9.76;10.0;0;Fase 3 (7° e 8° ano);9.0625;2023;FASE 3;0
RA-326;Aluno-326;14;Menina;8.832389092333335;9.168;8.973112128333334;6.26;9.333333333333334;8.704;10.0;1;Fase 3 (7° e 8° ano);8.875;2024;4A;0
RA-327;Aluno-327;11;Menino;6.986;8.5;8.8;7.5;2.8;7.333;10.0;0;;;2022;2;0
RA-328;Aluno-328;12;Menino;6.823;10.0;7.0;7.5;5.3;7.5;5.0;-1;;;2022;2;1
RA-329;Aluno-329;11;Menino;6.313;7.4;6.9;4.4;5.0;5.778;10.0;0;;;2022;2;0
RA-33;Aluno-33;17;Menina;4.952;0.0;4.6;7.5;4.8;6.0;5.0;-1;;;2022;6;1
RA-330;Aluno-330;14;Menina;6.446;9.5;8.8;7.5;2.5;7.056;5.0;-2;;;2022;2;1
RA-330;Aluno-330;1900-01-15 00:00:00;Menina;6.084875;9.6;7.2;6.89;3.3;5.8275;5.0;-2;Fase 5 (1° EM);6.71875;2023;FASE 3;1
RA-331;Aluno-331;12;Menina;6.636;9.0;8.7;7.5;3.7;6.944;5.0;-1;;;2022;2;1
RA-331;Aluno-331;13;Menina;7.039791667;9.6;8.6;2.52;5.2;6.7975;10.0;0;Fase 3 (7° e 8° ano);7.03125;2023;FASE 3;0
RA-331;Aluno-331;14;Menina;6.231045707066668;8.751;7.735353535333334;8.755;3.5;5.62;5.0;-1;Fase 4 (9° ano);6.09375;2024;3B;1
RA-332;Aluno-332;13;Menino;7.883;9.5;9.0;8.1;7.5;8.5;5.0;-1;;;2022;2;1
RA-332;Aluno-332;1900-01-14 00:00:00;Menino;8.002591667;9.2;8.4;8.76;6.8;9.175;5.0;-1;Fase 4 (9° ano);8.28125;2023;FASE 3;1
RA-332;Aluno-332;15;Menino;8.421271701;9.585;7.605358505000001;9.38;7.0;8.706;10.0;1;Fase 3 (7° e 8° ano);8.625;2024;4A;0
RA-333;Aluno-333;14;Menino;5.249;8.0;5.8;3.8;2.9;6.722;5.0;-2;;;2022;2;1
RA-334;Aluno-334;11;Menina;7.961;6.9;9.2;4.4;8.0;8.722;10.0;0;;;2022;2;0
RA-335;Aluno-335;10;Menino;7.902;9.5;9.4;7.5;7.4;6.833;10.0;0;;;2022;2;0
RA-336;Aluno-336;13;Menino;6.787;9.5;8.5;4.4;5.1;7.889;5.0;-1;;;2022;2;1
RA-336;Aluno-336;14;Menino;5.887708333;0.0;7.5;6.89;5.1;7.255;5.0;-1;Fase 4 (9° ano);7.34375;2023;FASE 3;1
RA-336;Aluno-336;15;Menino;6.834286748466667;7.5;5.512100409000001;6.26;5.833333333333333;7.196;10.0;0;Fase 4 (9° ano);7.5;2024;4A;0
RA-337;Aluno-337;11;Menino;7.914;10.0;9.3;7.5;5.8;7.611;10.0;0;;;2022;2;0
RA-338;Aluno-338;12;Menino;6.837;8.5;7.3;7.5;5.8;7.611;5.0;-1;;;2022;2;1
RA-338;Aluno-338;1900-01-13 00:00:00;Menino;8.287441667;8.3;9.1;7.52;6.7;8.38;10.0;0;Fase 3 (7° e 8° ano);8.59375;2023;FASE 3;0
RA-338;Aluno-338;14;Menino;8.052795331466667;9.168;7.441643324;7.51;6.833333333333333;8.8375;10.0;0;Fase 4 (9° ano);7.625;2024;4B;0
RA-339;Aluno-339;11;Menina;8.488;6.9;9.9;7.5;8.1;8.889;10.0;0;;;2022;2;0
RA-339;Aluno-339;1900-01-12 00:00:00;Menina;7.377583333;0.0;8.9;7.52;7.1;8.255;10.0;0;Fase 3 (7° e 8° ano);7.8125;2023;FASE 3;0
RA-339;Aluno-339;13;Menina;7.711540746133334;7.5;7.155537064000001;5.635;8.166666666666666;7.668;10.0;1;Fase 3 (7° e 8° ano);8.0;2024;4A;0
RA-34;Aluno-34;17;Menino;6.259;9.6;4.8;8.1;3.8;7.278;5.0;-1;;;2022;6;1
RA-34;Aluno-34;1900-01-18 00:00:00;Menino;;;;;;;10.0;0;Fase 8 (Universitários);;2023;FASE 8;0
RA-340;Aluno-340;11;Menino;7.721;9.0;8.2;7.5;6.5;7.667;10.0;0;;;2022;2;0
RA-340;Aluno-340;1900-01-12 00:00:00;Menino;7.059666667;0.0;9.6;2.52;8.9;8.505;5.0;-1;Fase 3 (7° e 8° ano);9.166666667;2023;FASE 2;1
RA-340;Aluno-340;13;Menino;6.715437329466668;7.917;6.585769980666666;7.51;5.166666666666667;5.83;10.0;0;Fase 3 (7° e 8° ano);6.5625;2024;3D;0
RA-341;Aluno-341;12;Menino;6.854;8.0;7.7;7.5;5.8;7.5;5.0;-1;;;2022;2;1
RA-342;Aluno-342;14;Menina;6.941;9.0;6.7;7.5;6.6;7.5;5.0;-2;;;2022;2;1
RA-342;Aluno-342;15;Menina;7.539875;7.5;8.6;7.52;6.6;8.505;5.0;-2;Fase 5 (1° EM);7.96875;2023;FASE 3;1
RA-342;Aluno-342;16;Menina;6.757026587266667;8.751;7.728174603333334;6.26;4.5;7.723333333;5.0;-1;Fase 5 (1° EM);7.65625;2024;4C;1
RA-343;Aluno-343;14;Menino;6.9;9.5;7.4;7.5;5.9;7.167;5.0;-2;;;2022;2;1
RA-343;Aluno-343;1900-01-15 00:00:00;Menino;6.779591667;9.2;7.2;6.26;5.7;6.9225;5.0;-2;Fase 5 (1° EM);7.65625;2023;FASE 3;1
RA-344;Aluno-344;11;Menino;7.263;8.5;8.3;7.5;4.5;7.5;10.0;0;;;2022;2;0
RA-345;Aluno-345;13;Menino;5.75;9.5;5.4;5.6;3.6;6.667;5.0;-1;;;2022;2;1
RA-345;Aluno-345;1900-01-14 00:00:00;Menino;6.534766667;8.8;6.8;6.26;4.6;7.1725;5.0;-1;Fase 4 (9° ano);8.125;2023;FASE 3;1
RA-346;Aluno-346;10;Menino;8.143;10.0;9.1;7.5;7.0;7.889;10.0;0;;;2022;2;0
RA-346;Aluno-346;1900-01-11 00:00:00;Menino;7.305541667;0.0;9.4;8.14;6.2;7.84;10.0;1;Fase 2 (5° e 6° ano);7.96875;2023;FASE 3;0
RA-346;Aluno-346;12;Menino;7.761749603200001;10.002;9.149206349333333;2.51;6.166666666666667;8.2525;10.0;0;Fase 3 (7° e 8° ano);7.96875;2024;3A;0
RA-347;Aluno-347;12;Menina;7.908;9.0;10.0;5.6;8.5;8.0;5.0;-1;;;2022;2;1
RA-347;Aluno-347;13;Menina;7.61835;6.7;9.5;2.52;7.3;7.7925;10.0;0;Fase 3 (7° e 8° ano);7.8125;2023;FASE 3;0
RA-347;Aluno-347;14;Menina;8.384742583733333;8.751;9.673046251999999;6.885;7.666666666666667;7.766;10.0;1;Fase 3 (7° e 8° ano);8.0;2024;4A;0
RA-348;Aluno-348;12;Menino;5.864;9.0;8.7;7.5;1.8;5.833;5.0;-1;;;2022;2;1
RA-348;Aluno-348;1900-01-13 00:00:00;Menino;6.817866667;10.0;8.7;2.52;4.4;8.0075;5.0;-1;Fase 3 (7° e 8° ano);8.541666667;2023;FASE 2;1
RA-349;Aluno-349;12;Menino;5.658;9.5;7.7;7.5;3.7;3.944;5.0;-1;;;2022;2;1
RA-35;Aluno-35;17;Menina;8.965;10.0;9.6;9.4;8.5;10.0;5.0;-1;;;2022;6;1
RA-35;Aluno-35;18;Menina;;;;;;;10.0;0;Fase 8 (Universitários);;2023;FASE 8;0
RA-35;Aluno-35;19;Menina;;;0.0;;;;10.0;0;Fase 8 (Universitários);;2024;8E;0
RA-350;Aluno-350;11;Menina;8.206;10.0;8.8;7.5;6.5;8.611;10.0;0;;;2022;2;0
RA-350;Aluno-350;1900-01-12 00:00:00;Menina;7.972033333;10.0;9.7;2.52;9.0;7.92;5.0;-1;Fase 3 (7° e 8° ano);8.958333333;2023;FASE 2;1
RA-351;Aluno-351;14;Menino;6.622;9.0;7.2;7.5;4.0;8.111;5.0;-2;;;2022;2;1
RA-352;Aluno-352;11;Menino;7.834;9.0;8.1;5.6;7.0;8.389;10.0;0;;;2022;2;0
RA-352;Aluno-352;12;Menino;7.840341667;9.2;8.1;6.26;7.2;7.17;10.0;0;Fase 3 (7° e 8° ano);7.96875;2023;FASE 3;0
RA-352;Aluno-352;13;Menino;5.9794829346;8.334;4.453748006333333;6.26;3.1666666666666665;6.7925;10.0;1;Fase 3 (7° e 8° ano);6.375;2024;4B;0
RA-353;Aluno-353;11;Menina;8.264;7.0;10.0;7.5;7.5;8.444;10.0;0;;;2022;2;0
RA-353;Aluno-353;12;Menina;8.309016667;8.8;9.9;2.52;8.4;8.67;10.0;0;Fase 3 (7° e 8° ano);7.8125;2023;FASE 3;0
RA-354;Aluno-354;13;Menina;5.858;8.5;4.3;7.5;4.5;7.333;5.0;-1;;;2022;2;1
RA-355;Aluno-355;12;Menina;5.379;5.8;5.0;7.5;4.5;6.056;5.0;-1;;;2022;2;1
RA-356;Aluno-356;12;Menino;6.69;10.0;8.4;5.0;4.6;8.278;5.0;-1;;;2022;2;1
RA-356;Aluno-356;1900-01-13 00:00:00;Menino;6.452008333;9.2;8.5;2.52;3.4;6.5025;10.0;0;Fase 3 (7° e 8° ano);6.09375;2023;FASE 3;0
RA-356;Aluno-356;14;Menino;6.627336016533334;8.334;6.656346749333334;5.635;5.333333333333333;6.5375;10.0;1;Fase 3 (7° e 8° ano);5.25;2024;4B;0
RA-357;Aluno-357;12;Menino;7.836;8.0;9.6;7.5;8.5;7.778;5.0;-1;;;2022;2;1
RA-357;Aluno-357;13;Menino;8.2832;8.5;9.6;7.52;8.7;8.23;5.0;-1;Fase 3 (7° e 8° ano);8.75;2023;FASE 2;1
RA-357;Aluno-357;14;Menino;7.731569404200001;8.751;9.028180354333333;8.135;7.666666666666667;7.0825;5.0;-1;Fase 4 (9° ano);7.875;2024;3I;1
RA-358;Aluno-358;13;Menino;5.412;7.5;6.5;7.5;0.0;7.556;5.0;-1;;;2022;2;1
RA-359;Aluno-359;12;Menina;6.606;9.0;7.0;7.5;4.6;7.5;5.0;-1;;;2022;2;1
RA-359;Aluno-359;13;Menina;7.627125;9.6;9.2;2.52;5.8;8.255;10.0;0;Fase 3 (7° e 8° ano);7.65625;2023;FASE 3;0
RA-359;Aluno-359;14;Menina;7.492006349133335;9.168;7.162698412666667;6.26;5.5;8.333333333;10.0;1;Fase 3 (7° e 8° ano);7.5;2024;4C;0
RA-36;Aluno-36;17;Menina;7.876;9.2;9.0;6.9;6.8;8.944;5.0;-1;;;2022;6;1
RA-36;Aluno-36;18;Menina;;;;;;;10.0;0;Fase 8 (Universitários);;2023;FASE 8;0
RA-36;Aluno-36;19;Menina;;;0.0;;;;10.0;0;Fase 8 (Universitários);;2024;8E;0
RA-360;Aluno-360;12;Menina;7.075;9.5;8.5;7.5;5.2;7.5;5.0;-1;;;2022;2;1
RA-360;Aluno-360;13;Menina;5.790875;0.0;7.3;2.52;4.3;7.4225;10.0;0;Fase 3 (7° e 8° ano);7.34375;2023;FASE 3;0
RA-360;Aluno-360;14;Menina;6.293175689166667;8.334;5.618045113;5.0;5.833333333333333;6.993333333;5.0;-1;Fase 4 (9° ano);7.708333333;2024;3C;1
RA-361;Aluno-361;13;Menina;6.731;7.9;9.2;6.3;5.0;6.778;5.0;-1;;;2022;2;1
RA-362;Aluno-362;12;Menina;7.413;8.5;7.9;7.5;7.9;7.5;5.0;-1;;;2022;2;1
RA-362;Aluno-362;13;Menina;6.392625;0.0;7.5;7.52;5.1;7.0875;10.0;0;Fase 3 (7° e 8° ano);7.03125;2023;FASE 3;0
RA-363;Aluno-363;12;Menino;6.644;10.0;10.0;6.9;2.0;7.056;5.0;-1;;;2022;2;1
RA-363;Aluno-363;13;Menino;6.680833333;0.0;9.9;2.52;6.8;8.673333333;5.0;-1;Fase 3 (7° e 8° ano);8.541666667;2023;FASE 2;1
RA-363;Aluno-363;14;Menino;7.617803571466666;9.585;9.523809524;5.625;5.333333333333333;6.955;10.0;0;Fase 3 (7° e 8° ano);7.34375;2024;3D;0
RA-364;Aluno-364;11;Menino;8.75;9.5;10.0;7.5;8.8;8.167;10.0;0;;;2022;2;0
RA-364;Aluno-364;1900-01-12 00:00:00;Menino;7.734891667;8.8;9.0;6.89;5.8;7.505;10.0;0;Fase 3 (7° e 8° ano);7.03125;2023;FASE 3;0
RA-364;Aluno-364;13;Menino;8.2697037582;8.751;9.526143791;7.51;7.5;7.2075;10.0;0;Fase 3 (7° e 8° ano);7.96875;2024;3G;0
RA-365;Aluno-365;10;Menina;8.063;8.0;10.0;5.0;7.8;7.833;10.0;0;;;2022;2;0
RA-365;Aluno-365;10;Menina;8.6587;10.0;9.9;2.52;8.7;8.953333333;10.0;0;Fase 2 (5° e 6° ano);8.958333333;2023;FASE 2;0
RA-365;Aluno-365;11;Menina;8.526983333333334;9.585;10.0;7.51;6.666666666666667;8.202;10.0;1;Fase 2 (5° e 6° ano);8.4375;2024;3H;0
RA-366;Aluno-366;12;Menino;7.181;9.5;9.4;7.5;5.5;6.833;5.0;-1;;;2022;2;1
RA-367;Aluno-367;12;Menina;6.95;8.5;7.4;6.3;6.7;7.5;5.0;-1;;;2022;2;1
RA-367;Aluno-367;12;Menina;7.38685;8.8;8.7;2.52;5.9;7.7925;10.0;0;Fase 3 (7° e 8° ano);7.8125;2023;FASE 3;0
RA-367;Aluno-367;13;Menina;7.209434085200001;9.168;7.268170426;6.26;5.0;7.6275;10.0;1;Fase 3 (7° e 8° ano);6.875;2024;4B;0
RA-368;Aluno-368;13;Menino;6.969;8.0;7.9;5.0;7.3;7.5;5.0;-1;;;2022;2;1
RA-368;Aluno-368;1900-01-14 00:00:00;Menino;5.796458333;0.0;7.7;2.52;6.7;7.34;5.0;-1;Fase 4 (9° ano);7.03125;2023;FASE 3;1
RA-368;Aluno-368;15;Menino;6.782158333333333;7.917;6.166666666666667;7.51;7.0;6.7025;5.0;-1;Fase 4 (9° ano);7.65625;2024;3G;1
RA-369;Aluno-369;11;Menino;6.973;9.0;6.9;7.5;4.8;6.889;10.0;0;;;2022;2;0
RA-369;Aluno-369;1900-01-12 00:00:00;Menino;6.0197;10.0;4.1;5.0;4.0;7.726666667;5.0;-1;Fase 3 (7° e 8° ano);8.541666667;2023;FASE 2;1
RA-369;Aluno-369;13;Menino;5.667282265;8.751;4.908119658333334;7.51;1.6666666666666667;5.428;10.0;0;Fase 3 (7° e 8° ano);6.40625;2024;3H;0
RA-37;Aluno-37;17;Menina;4.95;0.0;5.4;5.0;5.9;5.222;5.0;-1;;;2022;6;1
RA-370;Aluno-370;12;Menina;7.066;8.5;8.2;5.0;7.2;7.611;5.0;-1;;;2022;2;1
RA-371;Aluno-371;10;Menina;8.112;9.5;8.0;6.9;8.4;7.667;10.0;0;;;2022;2;0
RA-372;Aluno-372;10;Menino;7.304;8.5;5.5;6.9;7.8;7.389;10.0;0;;;2022;2;0
RA-373;Aluno-373;11;Menino;7.503;6.4;9.5;5.0;7.3;6.944;10.0;0;;;2022;2;0
RA-373;Aluno-373;1900-01-12 00:00:00;Menino;6.805;0.0;9.7;2.52;8.4;7.84;5.0;-1;Fase 3 (7° e 8° ano);8.75;2023;FASE 2;1
RA-374;Aluno-374;12;Menina;7.747;9.0;9.8;7.5;6.9;7.944;5.0;-1;;;2022;2;1
RA-374;Aluno-374;13;Menina;7.533891667;8.8;8.3;5.63;5.4;7.9175;10.0;0;Fase 3 (7° e 8° ano);7.65625;2023;FASE 3;0
RA-375;Aluno-375;11;Menino;7.831;9.0;9.5;7.5;5.4;7.667;10.0;0;;;2022;2;0
RA-375;Aluno-375;12;Menino;7.070833333;0.0;9.9;5.0;7.9;8.283333333;5.0;-1;Fase 3 (7° e 8° ano);8.541666667;2023;FASE 2;1
RA-375;Aluno-375;13;Menino;7.970034615400001;9.585;9.443589743666667;7.51;6.833333333333333;6.432;10.0;0;Fase 3 (7° e 8° ano);7.1875;2024;3H;0
RA-376;Aluno-376;12;Menina;6.957;9.0;9.0;7.5;4.3;7.5;5.0;-1;;;2022;2;1
RA-376;Aluno-376;1900-01-13 00:00:00;Menina;7.1392;8.5;9.6;2.52;5.9;8.226666667;5.0;-1;Fase 3 (7° e 8° ano);7.916666667;2023;FASE 2;1
RA-376;Aluno-376;14;Menina;5.896573588800001;10.002;8.287284610666667;2.51;2.8333333333333335;6.325;5.0;-1;Fase 4 (9° ano);6.5625;2024;3G;1
RA-377;Aluno-377;12;Menina;6.743;9.0;7.7;5.6;6.2;6.833;5.0;-1;;;2022;2;1
RA-377;Aluno-377;13;Menina;7.205041667;9.6;7.6;5.0;4.8;7.6275;10.0;0;Fase 3 (7° e 8° ano);7.34375;2023;FASE 3;0
RA-377;Aluno-377;14;Menina;7.480115873000001;9.168;7.698412698333333;7.51;5.166666666666667;7.634;10.0;0;Fase 4 (9° ano);7.125;2024;4F;0
RA-378;Aluno-378;12;Menino;7.203;9.0;6.8;5.6;8.1;7.889;5.0;-1;;;2022;2;1
RA-379;Aluno-379;13;Menina;6.722;8.5;8.1;7.5;5.0;6.778;5.0;-1;;;2022;2;1
RA-38;Aluno-38;17;Menina;8.523;9.2;8.9;7.5;8.6;9.833;5.0;-1;;;2022;6;1
RA-38;Aluno-38;17;Menina;8.835333333;9.6;9.7;7.52;7.7;8.8825;10.0;0;Fase 7 (3° EM);8.75;2023;FASE 7;0
RA-38;Aluno-38;18;Menina;;;0.0;;;;10.0;0;Fase 8 (Universitários);;2024;8F;0
RA-380;Aluno-380;13;Menino;4.556;7.9;4.4;5.0;2.5;4.833;5.0;-1;;;2022;2;1
RA-380;Aluno-380;14;Menino;4.912375;0.0;6.4;2.52;4.5;6.5425;5.0;-1;Fase 4 (9° ano);6.71875;2023;FASE 3;1
RA-381;Aluno-381;13;Menino;6.454;9.0;8.3;6.9;3.3;6.944;5.0;-1;;;2022;2;1
RA-381;Aluno-381;1900-01-14 00:00:00;Menino;5.758041667;0.0;8.4;6.89;3.9;6.84;5.0;-1;Fase 4 (9° ano);7.34375;2023;FASE 3;1
RA-381;Aluno-381;15;Menino;5.940775;8.334;6.133333333333333;7.51;3.6666666666666665;6.1225;5.0;-2;Fase 5 (1° EM);6.71875;2024;3G;1
RA-382;Aluno-382;14;Menino;6.777;9.0;7.7;6.3;5.4;7.333;5.0;-2;;;2022;2;1
RA-382;Aluno-382;15;Menino;6.223833333;0.0;9.4;6.26;5.2;7.1725;5.0;-2;Fase 5 (1° EM);7.5;2023;FASE 3;1
RA-382;Aluno-382;16;Menino;5.805712280733333;9.168;6.324561403666666;5.63;3.0;6.43;5.0;-1;Fase 5 (1° EM);6.75;2024;4F;1
RA-383;Aluno-383;11;Menino;8.4;9.0;9.6;7.5;8.1;7.778;10.0;0;;;2022;2;0
RA-383;Aluno-383;12;Menino;7.5408;9.2;8.8;3.14;6.5;7.5;10.0;0;Fase 3 (7° e 8° ano);7.5;2023;FASE 3;0
RA-383;Aluno-383;13;Menino;8.036024386733335;9.168;8.600288600333334;7.51;5.833333333333333;8.47;10.0;1;Fase 3 (7° e 8° ano);7.875;2024;4F;0
RA-384;Aluno-384;12;Menina;7.558;9.0;8.4;6.3;8.1;8.0;5.0;-1;;;2022;2;1
RA-384;Aluno-384;1900-01-13 00:00:00;Menina;6.757958333;0.0;9.1;2.52;7.3;7.335;10.0;0;Fase 3 (7° e 8° ano);7.65625;2023;FASE 3;0
RA-384;Aluno-384;14;Menina;8.072200721466668;7.5;8.607503607333333;7.51;7.5;7.936;10.0;0;Fase 4 (9° ano);7.625;2024;4F;0
RA-385;Aluno-385;12;Menina;6.083;7.4;7.5;5.0;4.9;6.5;5.0;-1;;;2022;2;1
RA-386;Aluno-386;13;Menino;6.104;10.0;5.9;5.6;4.0;7.222;5.0;-1;;;2022;2;1
RA-386;Aluno-386;1900-01-14 00:00:00;Menino;5.758425;9.2;7.0;2.52;3.3;6.6325;5.0;-1;Fase 4 (9° ano);7.03125;2023;FASE 3;1
RA-387;Aluno-387;13;Menino;6.323;7.0;8.2;7.5;3.7;6.833;5.0;-1;;;2022;2;1
RA-387;Aluno-387;14;Menino;4.794333333;0.0;6.8;2.52;3.0;7.0075;5.0;-1;Fase 4 (9° ano);6.875;2023;FASE 3;1
RA-387;Aluno-387;15;Menino;6.125500000000001;7.5;7.166666666666667;7.51;4.333333333333333;5.9975;5.0;-1;Fase 4 (9° ano);6.25;2024;3G;1
RA-388;Aluno-388;14;Menina;6.654;7.9;8.5;5.6;4.5;7.722;5.0;-2;;;2022;2;1
RA-388;Aluno-388;15;Menina;5.630833333;0.0;7.4;5.63;4.2;7.835;5.0;-2;Fase 5 (1° EM);6.875;2023;FASE 3;1
RA-388;Aluno-388;16;Menina;5.965307936466667;7.5;6.349206349;7.51;4.333333333333333;5.764;5.0;-1;Fase 5 (1° EM);6.75;2024;4F;1
RA-389;Aluno-389;11;Menino;7.184;8.0;8.9;7.5;3.5;7.556;10.0;0;;;2022;2;0
RA-389;Aluno-389;1900-01-12 00:00:00;Menino;6.687;0.0;8.2;2.52;8.2;8.95;5.0;-1;Fase 3 (7° e 8° ano);8.75;2023;FASE 2;1
RA-389;Aluno-389;13;Menino;7.2079551282;9.585;6.674358974333333;8.76;5.166666666666667;6.745;10.0;0;Fase 3 (7° e 8° ano);6.5625;2024;3G;0
RA-39;Aluno-39;16;Menina;6.033;0.0;4.8;6.9;6.9;6.111;10.0;0;;;2022;6;0
RA-39;Aluno-39;17;Menina;8.710333333;9.6;9.1;7.52;7.8;8.7575;10.0;0;Fase 7 (3° EM);8.75;2023;FASE 7;0
RA-39;Aluno-39;18;Menina;;;0.0;;;;10.0;0;Fase 8 (Universitários);;2024;8F;0
RA-390;Aluno-390;12;Menina;6.776;7.4;8.8;6.3;4.7;7.722;5.0;-1;;;2022;2;1
RA-390;Aluno-390;1900-01-12 00:00:00;Menina;6.905741667;7.9;8.8;2.52;4.8;7.005;10.0;0;Fase 3 (7° e 8° ano);7.34375;2023;FASE 3;0
RA-390;Aluno-390;13;Menina;6.5472236842000004;7.5;6.080701754333333;8.755;4.166666666666667;6.08;10.0;0;Fase 3 (7° e 8° ano);6.5625;2024;3G;0
RA-391;Aluno-391;12;Menina;7.117;10.0;8.1;7.5;5.1;8.056;5.0;-1;;;2022;2;1
RA-391;Aluno-391;1900-01-13 00:00:00;Menina;6.5107;7.9;7.5;2.52;3.5;7.585;10.0;0;Fase 3 (7° e 8° ano);7.5;2023;FASE 3;0
RA-392;Aluno-392;14;Menino;6.418;9.5;8.8;5.6;4.8;6.778;5.0;-2;;;2022;2;1
RA-392;Aluno-392;15;Menino;6.567208333;9.6;9.5;2.52;4.6;7.17;5.0;-2;Fase 5 (1° EM);6.09375;2023;FASE 3;1
RA-392;Aluno-392;16;Menino;4.3639463364;9.585;5.414731682;5.635;1.0;3.545;5.0;-1;Fase 5 (1° EM);3.5;2024;4B;1
RA-393;Aluno-393;16;Menina;5.518;10.0;5.4;5.0;4.6;6.778;2.5;-4;;;2022;2;1
RA-394;Aluno-394;11;Menina;7.897;9.5;8.6;7.5;5.9;8.444;10.0;0;;;2022;2;0
RA-395;Aluno-395;11;Menina;7.683;9.0;8.9;7.5;4.9;8.333;10.0;0;;;2022;2;0
RA-395;Aluno-395;12;Menina;7.469175;9.2;8.6;2.52;6.0;7.9175;10.0;0;Fase 3 (7° e 8° ano);7.96875;2023;FASE 3;0
RA-395;Aluno-395;13;Menina;7.169905291000001;8.751;6.921693121666666;6.26;4.333333333333333;8.464;10.0;1;Fase 3 (7° e 8° ano);7.25;2024;4F;0
RA-396;Aluno-396;12;Menino;6.556;9.0;8.0;6.3;5.6;6.556;5.0;-1;;;2022;2;1
RA-397;Aluno-397;14;Menina;5.852;9.0;5.7;6.9;2.8;7.167;5.0;-2;;;2022;2;1
RA-397;Aluno-397;15;Menina;6.207083333;7.5;7.9;2.52;4.6;7.465;5.0;-1;Fase 5 (1° EM);7.1875;2023;FASE 4;1
RA-397;Aluno-397;16;Menina;6.807291921866668;7.918;7.885292942666666;5.63;5.666666666666667;7.398;5.0;-2;Fase 6 (2° EM);7.625;2024;4A;1
RA-398;Aluno-398;10;Menina;7.742;9.0;9.3;7.5;5.5;7.5;10.0;0;;;2022;2;0
RA-398;Aluno-398;1900-01-11 00:00:00;Menina;7.153766667;6.7;8.1;2.52;6.5;7.7925;10.0;1;Fase 2 (5° e 6° ano);7.5;2023;FASE 3;0
RA-398;Aluno-398;12;Menina;7.2457999999666685;7.083;5.733333333333333;7.51;8.0;6.553333333;10.0;0;Fase 3 (7° e 8° ano);7.291666667;2024;3U;0
RA-399;Aluno-399;12;Menina;6.58;6.8;9.3;5.6;4.3;7.5;5.0;-1;;;2022;2;1
RA-399;Aluno-399;1900-01-13 00:00:00;Menina;7.000033333;7.9;8.2;2.52;4.7;8.165;10.0;0;Fase 3 (7° e 8° ano);7.5;2023;FASE 3;0
RA-4;Aluno-4;17;Menino;5.951;8.8;4.5;5.6;5.0;5.278;10.0;0;;;2022;7;0
RA-40;Aluno-40;16;Menina;7.203;7.9;7.8;7.5;6.8;7.75;5.0;-1;;;2022;5;1
RA-40;Aluno-40;17;Menina;7.169975;7.5;8.2;7.52;5.9;7.755;5.0;-1;Fase 7 (3° EM);7.96875;2023;FASE 6;1
RA-40;Aluno-40;18;Menina;7.098051462066667;7.083;7.211257310000001;8.13;5.333333333333333;6.276666667;10.0;0;Fase 7 (3° EM);8.125;2024;7A;0
RA-400;Aluno-400;14;Menino;6.042;9.0;8.5;5.0;1.7;7.444;5.0;-2;;;2022;2;1
RA-400;Aluno-400;1900-01-14 00:00:00;Menino;6.529425;9.2;9.0;2.52;4.1;7.375;5.0;-1;Fase 4 (9° ano);7.65625;2023;FASE 3;1
RA-401;Aluno-401;12;Menina;6.645;6.9;9.6;7.5;4.3;6.722;5.0;-1;;;2022;2;1
RA-401;Aluno-401;12;Menina;6.363666667;4.0;8.1;2.52;7.3;7.116666667;5.0;-1;Fase 3 (7° e 8° ano);7.083333333;2023;FASE 2;1
RA-401;Aluno-401;14;Menina;6.728911403533334;6.666;6.839473684333334;6.885;4.833333333333333;6.915;10.0;0;Fase 3 (7° e 8° ano);6.5625;2024;3L;0
RA-402;Aluno-402;12;Menina;5.261;9.0;3.7;5.0;3.0;7.222;5.0;-1;;;2022;2;1
RA-402;Aluno-402;13;Menina;6.632716667;9.2;7.3;2.52;4.2;6.88;10.0;0;Fase 3 (7° e 8° ano);7.8125;2023;FASE 3;0
RA-402;Aluno-402;14;Menina;5.683064814833333;7.5;3.074074074;6.26;4.166666666666667;6.1175;10.0;0;Fase 4 (9° ano);6.354166667;2024;4M;0
RA-403;Aluno-403;12;Menino;7.455;9.5;9.3;7.5;6.3;7.5;5.0;-1;;;2022;2;1
RA-403;Aluno-403;1900-01-13 00:00:00;Menino;7.716366667;8.5;8.8;6.27;7.8;8.45;5.0;-1;Fase 3 (7° e 8° ano);7.291666667;2023;FASE 2;1
RA-403;Aluno-403;14;Menino;8.008488888833334;8.751;7.361111111;7.51;7.666666666666667;7.613333333;10.0;0;Fase 3 (7° e 8° ano);8.541666667;2024;3K;0
RA-404;Aluno-404;12;Menina;6.658;9.0;7.3;7.5;5.3;6.944;5.0;-1;;;2022;2;1
RA-404;Aluno-404;1900-01-13 00:00:00;Menina;6.7093;7.9;8.3;5.02;6.0;6.89;5.0;-1;Fase 3 (7° e 8° ano);6.875;2023;FASE 2;1
RA-404;Aluno-404;14;Menina;6.624588235266668;8.334;6.286274509666666;2.51;5.666666666666667;6.998;10.0;0;Fase 3 (7° e 8° ano);7.5;2024;3M;0
RA-405;Aluno-405;13;Menino;5.661;9.5;6.2;5.0;3.3;6.0;5.0;-1;;;2022;2;1
RA-406;Aluno-406;13;Menina;7.496;9.5;9.5;7.5;6.6;7.333;5.0;-1;;;2022;2;1
RA-407;Aluno-407;13;Menino;7.195;8.5;9.3;7.5;6.0;7.056;5.0;-1;;;2022;2;1
RA-407;Aluno-407;14;Menino;7.665083333;9.6;8.6;7.52;7.3;7.5;5.0;-1;Fase 4 (9° ano);7.8125;2023;FASE 3;1
RA-407;Aluno-407;15;Menino;7.0875128168;8.334;7.614522417333333;6.26;3.6666666666666665;7.875;10.0;0;Fase 4 (9° ano);7.96875;2024;4L;0
RA-408;Aluno-408;12;Menina;6.725;8.0;9.7;7.5;3.3;7.333;5.0;-1;;;2022;2;1
RA-408;Aluno-408;13;Menina;7.242133333;7.9;8.5;3.77;6.8;8.45;5.0;-1;Fase 3 (7° e 8° ano);8.333333333;2023;FASE 2;1
RA-408;Aluno-408;14;Menina;6.5276296297;7.5;4.981481481666667;7.51;4.833333333333333;6.776666667;10.0;0;Fase 3 (7° e 8° ano);7.083333333;2024;3K;0
RA-409;Aluno-409;11;Menina;8.15;7.9;9.7;7.5;7.8;7.5;10.0;0;;;2022;2;0
RA-409;Aluno-409;1900-01-12 00:00:00;Menina;7.621466667;8.4;9.5;2.52;8.0;8.73;5.0;-1;Fase 3 (7° e 8° ano);7.916666667;2023;FASE 2;1
RA-409;Aluno-409;13;Menina;8.225462962900002;9.585;9.231481481333333;7.51;7.166666666666667;7.223333333;10.0;0;Fase 3 (7° e 8° ano);7.916666667;2024;3K;0
RA-41;Aluno-41;17;Menino;5.581;9.2;6.1;5.0;5.6;4.375;5.0;-2;;;2022;5;1
RA-410;Aluno-410;14;Menino;5.675;7.4;6.5;6.3;2.0;7.444;5.0;-2;;;2022;2;1
RA-410;Aluno-410;1900-01-14 00:00:00;Menino;6.140808333;8.8;5.8;7.52;4.9;6.0425;5.0;-1;Fase 4 (9° ano);6.71875;2023;FASE 3;1
RA-411;Aluno-411;12;Menina;7.232;6.4;8.6;7.5;7.1;7.833;5.0;-1;;;2022;2;1
RA-411;Aluno-411;13;Menina;7.779983333;6.2;9.0;7.52;6.6;7.5425;10.0;0;Fase 3 (7° e 8° ano);7.8125;2023;FASE 3;0
RA-411;Aluno-411;14;Menina;7.279762962966667;7.083;9.148148147999999;5.635;4.833333333333333;7.4125;10.0;0;Fase 4 (9° ano);7.291666667;2024;4M;0
RA-412;Aluno-412;12;Menina;7.556;8.5;9.0;7.5;7.3;7.778;5.0;-1;;;2022;2;1
RA-412;Aluno-412;13;Menina;7.373891667;8.8;8.9;2.52;6.2;7.585;10.0;0;Fase 3 (7° e 8° ano);7.03125;2023;FASE 3;0
RA-412;Aluno-412;14;Menina;8.044378070166667;8.334;8.456140351;6.26;7.333333333333333;8.125;10.0;0;Fase 4 (9° ano);8.020833333;2024;4M;0
RA-413;Aluno-413;12;Menina;6.408;6.4;8.7;5.6;4.7;7.056;5.0;-1;;;2022;2;1
RA-413;Aluno-413;13;Menina;6.803633333;7.9;8.9;2.52;6.3;7.503333333;5.0;-1;Fase 3 (7° e 8° ano);7.291666667;2023;FASE 2;1
RA-414;Aluno-414;12;Menina;7.284;8.0;9.3;7.5;5.9;7.667;5.0;-1;;;2022;2;1
RA-414;Aluno-414;13;Menina;7.25025;0.0;9.5;7.52;6.5;7.585;10.0;0;Fase 3 (7° e 8° ano);7.8125;2023;FASE 3;0
RA-414;Aluno-414;14;Menina;7.187625925933334;7.917;8.429629629666666;7.51;6.0;5.67;10.0;0;Fase 3 (7° e 8° ano);6.25;2024;3L;0
RA-415;Aluno-415;11;Menina;7.695;8.0;8.3;7.5;6.2;8.056;10.0;0;;;2022;2;0
RA-415;Aluno-415;12;Menina;7.18805;7.1;8.2;7.52;3.7;7.8325;10.0;0;Fase 3 (7° e 8° ano);7.8125;2023;FASE 3;0
RA-416;Aluno-416;12;Menino;7.913;9.5;9.3;8.8;7.2;8.222;5.0;-1;;;2022;2;1
RA-416;Aluno-416;13;Menino;8.144425;9.2;9.8;2.52;7.6;8.3375;10.0;0;Fase 3 (7° e 8° ano);8.28125;2023;FASE 3;0
RA-416;Aluno-416;14;Menino;8.700808577033333;8.751;8.972709551666666;7.51;8.0;9.13;10.0;1;Fase 3 (7° e 8° ano);8.541666667;2024;4M;0
RA-417;Aluno-417;13;Menina;8.428;10.0;10.0;7.5;8.0;9.556;5.0;-1;;;2022;2;1
RA-417;Aluno-417;1900-01-13 00:00:00;Menina;8.257658333;5.4;9.7;7.52;7.8;8.2125;10.0;0;Fase 3 (7° e 8° ano);8.28125;2023;FASE 3;0
RA-417;Aluno-417;14;Menina;8.533628557533333;8.334;8.401559454333333;7.51;8.833333333333334;8.2925;10.0;0;Fase 4 (9° ano);8.4375;2024;4L;0
RA-418;Aluno-418;10;Menina;8.175;8.0;9.4;7.5;7.5;8.222;10.0;0;;;2022;2;0
RA-418;Aluno-418;1900-01-11 00:00:00;Menina;8.1686;8.8;10.0;2.52;8.1;8.045;10.0;1;Fase 2 (5° e 6° ano);8.125;2023;FASE 3;0
RA-418;Aluno-418;12;Menina;9.125183333366667;8.751;10.0;7.51;9.333333333333334;9.0475;10.0;1;Fase 3 (7° e 8° ano);8.229166667;2024;4M;0
RA-419;Aluno-419;12;Menina;7.359;7.5;9.2;5.6;6.9;8.389;5.0;-1;;;2022;2;1
RA-419;Aluno-419;1900-01-13 00:00:00;Menina;7.7261;6.7;9.5;2.52;7.6;7.875;10.0;0;Fase 3 (7° e 8° ano);8.125;2023;FASE 3;0
RA-419;Aluno-419;14;Menina;8.355707894766669;7.083;9.382456140666667;6.26;8.166666666666666;8.5475;10.0;1;Fase 3 (7° e 8° ano);8.020833333;2024;4M;0
RA-42;Aluno-42;15;Menino;6.72;8.3;7.9;5.6;4.8;6.083;10.0;0;;;2022;5;0
RA-42;Aluno-42;1900-01-16 00:00:00;Menino;6.794516667;8.8;8.6;5.63;5.7;6.6675;5.0;-1;Fase 6 (2° EM);6.5625;2023;FASE 5;1
RA-42;Aluno-42;17;Menino;7.656628769866667;9.168;9.682539682666667;5.635;8.166666666666666;7.134;5.0;-1;Fase 7 (3° EM);6.796875;2024;6A;1
RA-420;Aluno-420;11;Menina;7.461;9.5;9.0;5.6;4.5;8.0;10.0;0;;;2022;2;0
RA-420;Aluno-420;1900-01-12 00:00:00;Menina;7.356358333;8.3;9.3;2.52;5.3;7.96;10.0;0;Fase 3 (7° e 8° ano);7.65625;2023;FASE 3;0
RA-420;Aluno-420;13;Menina;7.544228947400001;8.334;9.557894737;6.26;4.0;7.96;10.0;1;Fase 3 (7° e 8° ano);7.8125;2024;4M;0
RA-421;Aluno-421;11;Menino;8.717;8.5;9.3;7.5;8.8;9.111;10.0;0;;;2022;2;0
RA-421;Aluno-421;1900-01-12 00:00:00;Menino;8.030716667;9.2;9.9;2.52;7.3;8.17;10.0;0;Fase 3 (7° e 8° ano);7.8125;2023;FASE 3;0
RA-421;Aluno-421;13;Menino;8.488232329;8.751;9.540744978333334;7.51;6.666666666666667;8.572;10.0;1;Fase 3 (7° e 8° ano);9.0625;2024;4N;0
RA-422;Aluno-422;12;Menino;6.746;8.5;10.0;7.5;2.5;7.5;5.0;-1;;;2022;2;1
RA-422;Aluno-422;1900-01-13 00:00:00;Menino;5.57;0.0;7.8;7.52;4.4;6.106666667;5.0;-1;Fase 3 (7° e 8° ano);6.666666667;2023;FASE 2;1
RA-422;Aluno-422;14;Menino;5.544981481433334;7.5;6.157407407333333;7.51;2.8333333333333335;5.5;5.0;-1;Fase 4 (9° ano);6.458333333;2024;3K;1
RA-423;Aluno-423;12;Menina;6.647;8.4;9.6;7.5;2.3;7.667;5.0;-1;;;2022;2;1
RA-423;Aluno-423;13;Menina;6.607533333;8.0;8.7;6.89;3.4;7.45;5.0;-1;Fase 3 (7° e 8° ano);7.083333333;2023;FASE 2;1
RA-423;Aluno-423;14;Menina;6.616193704866666;5.833;6.501135191;8.13;4.333333333333333;6.8275;10.0;0;Fase 3 (7° e 8° ano);6.875;2024;3L;0
RA-424;Aluno-424;12;Menina;7.94;9.0;10.0;7.5;7.5;8.222;5.0;-1;;;2022;2;1
RA-424;Aluno-424;1900-01-13 00:00:00;Menina;7.72685;8.8;9.9;2.52;6.4;7.7925;10.0;0;Fase 3 (7° e 8° ano);7.8125;2023;FASE 3;0
RA-424;Aluno-424;14;Menina;7.341187280733334;8.334;9.616228070333333;7.51;3.3333333333333335;7.1625;10.0;0;Fase 4 (9° ano);7.34375;2024;4L;0
RA-425;Aluno-425;12;Menino;8.117;9.0;10.0;7.5;9.0;7.5;5.0;-1;;;2022;2;1
RA-425;Aluno-425;13;Menino;8.10555;9.2;9.9;2.52;7.5;8.3775;10.0;0;Fase 3 (7° e 8° ano);7.8125;2023;FASE 3;0
RA-425;Aluno-425;14;Menino;9.016616666700001;10.002;10.0;6.26;9.0;8.8375;10.0;0;Fase 4 (9° ano);8.229166667;2024;4M;0
RA-426;Aluno-426;14;Menina;6.35;9.0;6.5;7.5;4.6;7.111;5.0;-2;;;2022;2;1
RA-426;Aluno-426;1900-01-14 00:00:00;Menina;6.329158333;5.4;7.6;5.0;5.0;7.5425;5.0;-1;Fase 4 (9° ano);7.65625;2023;FASE 3;1
RA-426;Aluno-426;15;Menina;6.6430030186;7.917;7.9050567596666665;4.38;4.833333333333333;8.0;5.0;-1;Fase 5 (1° EM);7.65625;2024;4L;1
RA-427;Aluno-427;13;Menino;6.245;8.0;8.5;7.5;2.5;6.778;5.0;-1;;;2022;2;1
RA-428;Aluno-428;13;Menino;7.683;6.8;8.7;7.5;9.5;7.111;5.0;-1;;;2022;2;1
RA-428;Aluno-428;1900-01-13 00:00:00;Menino;7.821816667;8.3;9.5;2.52;7.2;8.0425;10.0;0;Fase 3 (7° e 8° ano);7.8125;2023;FASE 3;0
RA-428;Aluno-428;14;Menino;7.534949122800001;9.168;8.898245614;5.635;5.0;7.625;10.0;0;Fase 4 (9° ano);7.5;2024;4M;0
RA-429;Aluno-429;13;Menino;5.811;10.0;5.3;7.5;2.7;6.611;5.0;-1;;;2022;2;1
RA-43;Aluno-43;16;Menina;5.486;6.3;6.5;5.6;4.3;5.958;5.0;-1;;;2022;5;1
RA-43;Aluno-43;17;Menina;6.4622;7.9;6.7;5.63;5.0;7.5875;5.0;-1;Fase 7 (3° EM);7.5;2023;FASE 6;1
RA-430;Aluno-430;13;Menino;7.585;9.5;8.6;7.5;8.5;6.611;5.0;-1;;;2022;2;1
RA-430;Aluno-430;14;Menino;7.146716667;9.2;9.3;2.52;6.4;7.75;5.0;-1;Fase 4 (9° ano);7.8125;2023;FASE 3;1
RA-431;Aluno-431;11;Menino;7.175;9.0;8.1;7.5;4.5;6.778;10.0;0;;;2022;2;0
RA-432;Aluno-432;14;Menina;6.34;10.0;6.8;5.0;5.1;6.611;5.0;-2;;;2022;2;1
RA-432;Aluno-432;1900-01-15 00:00:00;Menina;6.850183333;8.8;9.0;2.52;5.2;8.0425;5.0;-2;Fase 5 (1° EM);7.8125;2023;FASE 3;1
RA-432;Aluno-432;16;Menina;7.167975;7.501;10.0;6.26;5.5;7.2875;5.0;-1;Fase 5 (1° EM);7.34375;2024;4L;1
RA-433;Aluno-433;12;Menino;5.557;8.5;7.3;5.0;2.6;5.778;5.0;-1;;;2022;2;1
RA-433;Aluno-433;1900-01-13 00:00:00;Menino;6.5982;8.5;7.2;7.52;4.8;7.613333333;5.0;-1;Fase 3 (7° e 8° ano);5.833333333;2023;FASE 2;1
RA-433;Aluno-433;14;Menino;7.218157142866668;7.918;8.380952381;8.13;4.833333333333333;6.415;10.0;0;Fase 3 (7° e 8° ano);6.875;2024;3N;0
RA-434;Aluno-434;11;Menino;7.403;9.0;8.1;7.5;5.7;6.778;10.0;0;;;2022;2;0
RA-434;Aluno-434;12;Menino;7.069766667;6.3;8.0;7.52;6.6;7.613333333;5.0;-1;Fase 3 (7° e 8° ano);7.5;2023;FASE 2;1
RA-434;Aluno-434;13;Menino;6.610947619100001;7.084;5.061904762;7.51;5.5;6.55;10.0;0;Fase 3 (7° e 8° ano);7.291666667;2024;3U;0
RA-435;Aluno-435;10;Menina;6.599;7.9;6.2;7.5;4.7;6.444;10.0;0;;;2022;2;0
RA-436;Aluno-436;11;Menino;6.687;9.5;8.1;7.5;2.0;6.611;10.0;0;;;2022;2;0
RA-436;Aluno-436;12;Menino;5.322366667;7.5;4.7;2.52;3.4;7.613333333;5.0;-1;Fase 3 (7° e 8° ano);6.875;2023;FASE 2;1
RA-437;Aluno-437;13;Menino;6.875;8.5;8.3;7.5;5.8;6.611;5.0;-1;;;2022;2;1
RA-437;Aluno-437;1900-01-14 00:00:00;Menino;6.947366667;8.0;8.4;7.52;4.7;7.78;5.0;-2;Fase 4 (9° ano);7.291666667;2023;FASE 2;1
RA-438;Aluno-438;10;Menino;7.764;8.0;8.7;7.5;7.3;6.889;10.0;0;;;2022;2;0
RA-438;Aluno-438;1900-01-11 00:00:00;Menino;6.9883;6.9;7.5;6.26;5.4;7.223333333;10.0;0;Fase 2 (5° e 6° ano);6.458333333;2023;FASE 2;0
RA-438;Aluno-438;12;Menino;7.930283695700001;9.168;8.6630434785;7.51;8.25;7.915;5.0;-1;Fase 3 (7° e 8° ano);7.96875;2024;2K;1
RA-439;Aluno-439;12;Menino;5.519;9.0;4.9;7.5;2.3;6.5;5.0;-1;;;2022;2;1
RA-44;Aluno-44;17;Menina;5.542;5.0;5.9;7.5;3.0;7.292;5.0;-2;;;2022;5;1
RA-44;Aluno-44;1900-01-18 00:00:00;Menina;6.258333333;0.0;8.5;5.01;6.9;7.17;5.0;-2;Fase 8 (Universitários);7.5;2023;FASE 6;1
RA-440;Aluno-440;11;Menino;7.329;9.5;9.0;6.9;5.5;5.833;10.0;0;;;2022;2;0
RA-440;Aluno-440;12;Menino;6.989208333;0.0;8.2;7.52;6.2;7.835;10.0;0;Fase 3 (7° e 8° ano);7.96875;2023;FASE 3;0
RA-441;Aluno-441;11;Menina;8.188;9.0;7.9;7.5;8.0;8.333;10.0;0;;;2022;2;0
RA-442;Aluno-442;11;Menina;8.226;10.0;8.2;7.5;7.5;8.222;10.0;0;;;2022;2;0
RA-442;Aluno-442;1900-01-12 00:00:00;Menina;6.814166667;0.0;7.6;7.52;5.8;8.1275;10.0;0;Fase 3 (7° e 8° ano);7.5;2023;FASE 3;0
RA-442;Aluno-442;13;Menina;6.905439215666667;8.334;5.9151960783333335;5.635;5.0;7.8775;10.0;1;Fase 3 (7° e 8° ano);7.5;2024;4M;0
RA-443;Aluno-443;13;Menina;7.482;9.0;9.1;7.5;5.6;8.5;5.0;-1;;;2022;2;1
RA-443;Aluno-443;14;Menina;6.895508333;7.1;7.5;2.52;7.6;8.125;5.0;-1;Fase 4 (9° ano);7.96875;2023;FASE 3;1
RA-444;Aluno-444;11;Menino;6.665;9.0;7.2;5.0;3.1;7.778;10.0;0;;;2022;2;0
RA-444;Aluno-444;11;Menino;5.958791667;0.0;7.9;5.0;4.7;6.4575;10.0;1;Fase 2 (5° e 6° ano);6.40625;2023;FASE 3;0
RA-444;Aluno-444;14;Menino;5.410188638266668;8.334;6.377276524666667;2.51;3.6666666666666665;5.96;5.0;-1;Fase 4 (9° ano);6.25;2024;3P;1
RA-445;Aluno-445;12;Menino;6.924;9.0;9.4;7.5;3.8;7.5;5.0;-1;;;2022;2;1
RA-445;Aluno-445;13;Menino;7.9087;8.0;8.8;6.89;8.4;8.176666667;5.0;-1;Fase 3 (7° e 8° ano);8.541666667;2023;FASE 2;1
RA-445;Aluno-445;14;Menino;7.3416246032;7.917;8.715873016;7.51;4.0;7.3725;10.0;0;Fase 3 (7° e 8° ano);7.8125;2024;3P;0
RA-446;Aluno-446;13;Menina;7.367;9.5;8.9;5.0;6.9;7.889;5.0;-1;;;2022;2;1
RA-447;Aluno-447;10;Menina;5.607;0.0;7.0;7.5;3.5;5.556;10.0;0;;;2022;2;0
RA-448;Aluno-448;11;Menina;7.972;9.0;9.7;7.5;5.5;8.111;10.0;0;;;2022;2;0
RA-449;Aluno-449;12;Menina;6.143;0.0;6.0;7.5;7.0;8.111;5.0;-1;;;2022;2;1
RA-449;Aluno-449;12;Menina;7.396508333;7.1;7.2;7.52;7.0;6.8425;10.0;0;Fase 3 (7° e 8° ano);7.34375;2023;FASE 3;0
RA-45;Aluno-45;15;Menina;7.591;7.9;8.9;5.6;6.8;7.417;10.0;0;;;2022;5;0
RA-45;Aluno-45;1900-01-16 00:00:00;Menina;8.303591667;7.1;9.6;6.26;7.9;8.1725;10.0;0;Fase 6 (2° EM);8.28125;2023;FASE 6;0
RA-45;Aluno-45;17;Menina;8.743476190400001;7.5;9.619047619;9.38;8.0;8.283333333;10.0;0;Fase 7 (3° EM);8.75;2024;7A;0
RA-450;Aluno-450;13;Menino;7.843;10.0;9.1;7.5;7.5;8.111;5.0;-1;;;2022;2;1
RA-450;Aluno-450;14;Menino;6.819625;9.6;8.4;2.52;5.4;7.9175;5.0;-1;Fase 4 (9° ano);7.65625;2023;FASE 3;1
RA-450;Aluno-450;15;Menino;7.526188206666666;8.751;8.954191033333332;5.63;7.5;7.58;5.0;-1;Fase 5 (1° EM);7.8125;2024;4L;1
RA-451;Aluno-451;13;Menina;6.434;9.0;6.0;6.3;6.1;6.889;5.0;-1;;;2022;2;1
RA-451;Aluno-451;14;Menina;8.386033333;8.5;9.5;4.39;8.9;9.896666667;5.0;-2;Fase 4 (9° ano);9.375;2023;FASE 2;1
RA-452;Aluno-452;13;Menina;6.287;9.0;5.6;7.5;4.8;7.167;5.0;-1;;;2022;2;1
RA-453;Aluno-453;13;Menina;7.845;9.0;8.7;7.5;8.8;7.778;5.0;-1;;;2022;2;1
RA-454;Aluno-454;14;Menino;5.561;9.5;8.6;5.0;2.3;5.444;5.0;-2;;;2022;2;1
RA-454;Aluno-454;15;Menino;4.603416667;0.0;7.5;5.0;2.6;5.54;5.0;-2;Fase 5 (1° EM);4.6875;2023;FASE 3;1
RA-454;Aluno-454;17;Menino;5.8522943469666675;9.585;6.633138401666667;6.255;3.6666666666666665;5.833333333;5.0;-2;Fase 6 (2° EM);5.416666667;2024;4R;1
RA-455;Aluno-455;12;Menina;6.876;7.0;7.9;7.5;6.3;7.278;5.0;-1;;;2022;2;1
RA-455;Aluno-455;14;Menina;7.098988888900001;8.751;6.111111111;8.13;4.5;7.276666667;10.0;0;Fase 3 (7° e 8° ano);8.333333333;2024;3U;0
RA-456;Aluno-456;12;Menina;7.193;6.4;8.2;6.3;7.3;8.389;5.0;-1;;;2022;2;1
RA-456;Aluno-456;12;Menina;7.518;0.0;8.3;4.39;9.9;9.953333333;5.0;-1;Fase 3 (7° e 8° ano);9.583333333;2023;FASE 2;1
RA-456;Aluno-456;13;Menina;8.331124561366668;7.083;9.382456140333334;7.51;6.5;8.893333333;10.0;0;Fase 3 (7° e 8° ano);9.166666667;2024;3R;0
RA-457;Aluno-457;12;Menina;7.68;8.0;8.8;7.5;8.5;7.667;5.0;-1;;;2022;2;1
RA-457;Aluno-457;13;Menina;8.256833333;7.5;8.6;7.52;8.1;8.045;10.0;0;Fase 3 (7° e 8° ano);8.125;2023;FASE 3;0
RA-457;Aluno-457;14;Menina;8.5892756038;8.334;8.743961352333335;7.51;8.666666666666666;7.77;10.0;1;Fase 3 (7° e 8° ano);9.6875;2024;4N;0
RA-458;Aluno-458;13;Menino;6.512;8.0;7.7;7.5;5.6;5.833;5.0;-1;;;2022;2;1
RA-458;Aluno-458;1900-01-14 00:00:00;Menino;6.312083333;9.6;6.9;7.52;3.8;6.2475;5.0;-1;Fase 4 (9° ano);7.1875;2023;FASE 3;1
RA-458;Aluno-458;15;Menino;5.680161507933333;8.751;3.7396825396666666;6.88;4.0;6.83;5.0;-1;Fase 4 (9° ano);7.03125;2024;3P;1
RA-459;Aluno-459;12;Menino;7.28;7.0;9.1;8.1;7.3;7.222;5.0;-1;;;2022;2;1
RA-459;Aluno-459;13;Menino;8.240016667;6.7;9.3;7.52;8.3;7.88;10.0;0;Fase 3 (7° e 8° ano);7.1875;2023;FASE 3;0
RA-459;Aluno-459;14;Menino;7.233804589400001;7.917;8.454106280333333;5.635;4.666666666666667;7.366;10.0;0;Fase 4 (9° ano);7.8125;2024;4N;0
RA-46;Aluno-46;17;Menina;6.048;8.8;8.4;6.3;2.1;7.083;5.0;-2;;;2022;5;1
RA-46;Aluno-46;18;Menina;5.545383333;7.1;7.4;2.52;4.4;6.6275;2.5;-3;Fase 8 (Universitários);6.5625;2023;FASE 5;1
RA-460;Aluno-460;12;Menino;5.711;6.8;8.1;7.5;3.3;5.056;5.0;-1;;;2022;2;1
RA-461;Aluno-461;12;Menina;5.451;0.0;6.7;7.5;3.8;7.222;5.0;-1;;;2022;2;1
RA-461;Aluno-461;12;Menina;7.2379;7.3;7.9;3.77;7.4;8.616666667;5.0;-1;Fase 3 (7° e 8° ano);8.541666667;2023;FASE 2;1
RA-461;Aluno-461;13;Menina;7.5447559291;8.751;9.182446312;7.51;4.5;7.056666667;10.0;0;Fase 3 (7° e 8° ano);7.708333333;2024;3R;0
RA-462;Aluno-462;14;Menino;6.626;10.0;8.5;7.5;3.6;6.778;5.0;-2;;;2022;2;1
RA-462;Aluno-462;1900-01-15 00:00:00;Menina;6.2267;10.0;8.1;5.0;2.7;6.5825;5.0;-2;Fase 5 (1° EM);7.5;2023;FASE 3;1
RA-463;Aluno-463;12;Menina;6.41;10.0;7.8;7.5;2.5;7.389;5.0;-1;;;2022;2;1
RA-463;Aluno-463;13;Menina;6.382383333;9.2;5.4;2.52;4.0;7.795;10.0;0;Fase 3 (7° e 8° ano);7.8125;2023;FASE 3;0
RA-464;Aluno-464;13;Menina;6.745;7.5;8.0;7.5;4.8;7.722;5.0;-1;;;2022;2;1
RA-464;Aluno-464;1900-01-14 00:00:00;Menina;6.081675;9.2;7.7;2.52;3.0;7.38;5.0;-1;Fase 4 (9° ano);7.96875;2023;FASE 3;1
RA-464;Aluno-464;15;Menina;6.872009064333334;9.168;7.851461988333334;8.76;4.333333333333333;7.1175;5.0;-1;Fase 4 (9° ano);7.1875;2024;3L;1
RA-465;Aluno-465;11;Menino;8.012;8.0;7.9;7.5;7.8;8.444;10.0;0;;;2022;2;0
RA-465;Aluno-465;1900-01-12 00:00:00;Menino;8.012875;7.5;9.4;2.52;8.5;8.17;10.0;0;Fase 3 (7° e 8° ano);7.96875;2023;FASE 3;0
RA-466;Aluno-466;13;Menino;6.826;8.5;9.7;7.5;3.3;7.556;5.0;-1;;;2022;2;1
RA-466;Aluno-466;14;Menino;6.595533333;9.5;7.6;6.89;4.5;7.056666667;5.0;-2;Fase 4 (9° ano);6.25;2023;FASE 2;1
RA-466;Aluno-466;15;Menino;6.778749122800001;8.751;7.223245614;8.76;4.0;7.665;5.0;-1;Fase 4 (9° ano);7.5;2024;3L;1
RA-467;Aluno-467;13;Menina;6.38;5.8;8.4;5.0;5.5;7.111;5.0;-1;;;2022;2;1
RA-467;Aluno-467;1900-01-14 00:00:00;Menina;6.552916667;6.3;9.2;3.14;5.2;7.5425;5.0;-1;Fase 4 (9° ano);7.1875;2023;FASE 3;1
RA-467;Aluno-467;15;Menina;7.7298118421333335;7.917;9.140350877333333;5.01;6.833333333333333;7.54;10.0;0;Fase 4 (9° ano);7.34375;2024;4L;0
RA-468;Aluno-468;13;Menino;6.313;9.5;6.7;7.5;4.1;6.722;5.0;-1;;;2022;2;1
RA-468;Aluno-468;1900-01-14 00:00:00;Menino;5.911108333;8.3;6.0;6.27;3.4;6.715;5.0;-1;Fase 4 (9° ano);7.34375;2023;FASE 3;1
RA-469;Aluno-469;11;Menina;7.624;9.0;9.6;5.0;5.7;7.833;10.0;0;;;2022;2;0
RA-469;Aluno-469;1900-01-12 00:00:00;Menina;7.482533333;7.5;9.3;2.52;7.8;8.843333333;5.0;-1;Fase 3 (7° e 8° ano);7.916666667;2023;FASE 2;1
RA-469;Aluno-469;13;Menina;7.684639869300001;9.168;9.498366013;7.51;5.0;6.94;10.0;0;Fase 3 (7° e 8° ano);7.291666667;2024;3K;0
RA-47;Aluno-47;17;Menina;5.677;7.9;6.3;7.5;2.1;7.042;5.0;-2;;;2022;5;1
RA-470;Aluno-470;13;Menina;7.378;8.0;9.7;7.5;6.3;7.5;5.0;-1;;;2022;2;1
RA-470;Aluno-470;14;Menina;6.993766667;8.8;9.2;5.0;4.9;7.71;5.0;-1;Fase 4 (9° ano);7.5;2023;FASE 3;1
RA-470;Aluno-470;15;Menina;6.981130848;9.585;8.011695906666667;7.51;3.3333333333333335;6.4975;10.0;0;Fase 4 (9° ano);7.03125;2024;4L;0
RA-471;Aluno-471;13;Menina;6.535;3.5;8.5;5.0;6.3;8.056;5.0;-1;;;2022;2;1
RA-471;Aluno-471;1900-01-13 00:00:00;Menina;6.855541667;0.0;9.0;6.27;5.0;8.125;10.0;0;Fase 3 (7° e 8° ano);7.96875;2023;FASE 3;0
RA-471;Aluno-471;14;Menina;6.635847117766667;0.0;7.027568922333333;7.51;5.5;8.0425;10.0;0;Fase 4 (9° ano);7.708333333;2024;4M;0
RA-472;Aluno-472;12;Menina;5.93;9.0;7.0;7.5;2.0;7.056;5.0;-1;;;2022;2;1
RA-472;Aluno-472;1900-01-13 00:00:00;Menina;6.6858;5.1;7.1;7.52;5.5;8.223333333;5.0;-1;Fase 3 (7° e 8° ano);7.708333333;2023;FASE 2;1
RA-472;Aluno-472;14;Menina;6.6397610766;7.502;7.48447205;7.51;6.25;6.333333333;5.0;-1;Fase 3 (7° e 8° ano);6.25;2024;2U;1
RA-473;Aluno-473;12;Menino;5.915;8.0;6.1;7.5;4.3;5.889;5.0;-1;;;2022;2;1
RA-474;Aluno-474;13;Menino;6.446;9.5;9.1;7.5;3.0;6.0;5.0;-1;;;2022;2;1
RA-474;Aluno-474;14;Menino;5.283583333;0.0;7.8;5.0;3.3;6.7575;5.0;-1;Fase 4 (9° ano);7.1875;2023;FASE 3;1
RA-474;Aluno-474;15;Menino;6.024753703733333;9.168;5.818518518666667;7.51;3.0;6.8725;5.0;-1;Fase 4 (9° ano);7.1875;2024;3L;1
RA-475;Aluno-475;12;Menina;7.199;8.5;9.2;7.5;5.8;7.667;5.0;-1;;;2022;2;1
RA-476;Aluno-476;12;Menina;6.931;9.0;9.3;4.4;5.5;7.556;5.0;-1;;;2022;2;1
RA-476;Aluno-476;13;Menina;6.492408333;7.9;7.0;2.52;4.1;7.505;10.0;0;Fase 3 (7° e 8° ano);7.34375;2023;FASE 3;0
RA-476;Aluno-476;14;Menina;6.7359982456;7.917;6.5964912280000005;7.51;4.5;6.745;10.0;0;Fase 3 (7° e 8° ano);6.25;2024;3L;0
RA-477;Aluno-477;13;Menino;3.633;0.0;5.0;5.6;0.7;4.5;5.0;-1;;;2022;2;1
RA-478;Aluno-478;12;Menina;6.709;8.5;9.1;5.6;4.9;7.056;5.0;-1;;;2022;2;1
RA-478;Aluno-478;12;Menina;6.443616667;6.7;7.3;2.52;4.4;7.2975;10.0;0;Fase 3 (7° e 8° ano);7.1875;2023;FASE 3;0
RA-479;Aluno-479;10;Menino;8.465;8.0;9.2;7.5;9.8;9.5;5.0;-1;;;2022;1;1
RA-479;Aluno-479;1900-01-11 00:00:00;Menino;8.988866667;9.0;10.0;2.52;9.7;9.6375;10.0;0;Fase 2 (5° e 6° ano);9.791666667;2023;FASE 2;0
RA-479;Aluno-479;12;Menino;8.901966666666668;9.168;9.866666666666667;2.51;9.666666666666666;9.45;10.0;1;Fase 2 (5° e 6° ano);9.375;2024;3C;0
RA-48;Aluno-48;15;Menina;8.006;6.7;8.4;7.5;8.1;8.5;10.0;0;;;2022;5;0
RA-48;Aluno-48;16;Menina;7.797058333;6.7;8.4;6.26;7.7;7.6275;10.0;0;Fase 6 (2° EM);7.65625;2023;FASE 6;0
RA-48;Aluno-48;17;Menina;8.402390371800001;7.917;8.339076859;9.375;7.5;8.23;10.0;0;Fase 7 (3° EM);8.59375;2024;7A;0
RA-480;Aluno-480;10;Menina;7.502;9.0;8.8;7.5;6.3;8.444;5.0;-1;;;2022;1;1
RA-480;Aluno-480;11;Menina;8.226408333;10.0;9.7;7.52;7.9;8.336666667;5.0;-1;Fase 2 (5° e 6° ano);7.96875;2023;FASE 1;1
RA-480;Aluno-480;12;Menina;7.260202380900001;6.25;8.0714285715;7.51;5.0;7.443333333;10.0;0;Fase 2 (5° e 6° ano);7.8125;2024;2C;0
RA-481;Aluno-481;9;Menino;7.21;9.0;8.0;7.5;5.2;6.889;10.0;0;;;2022;1;0
RA-482;Aluno-482;11;Menino;6.866;10.0;7.9;7.5;5.5;6.833;5.0;-1;;;2022;1;1
RA-483;Aluno-483;11;Menina;5.263;9.0;4.8;5.0;2.4;6.833;5.0;-1;;;2022;1;1
RA-483;Aluno-483;12;Menina;6.3972;9.0;6.0;2.52;5.6;8.166666667;5.0;-2;Fase 3 (7° e 8° ano);7.916666667;2023;FASE 1;1
RA-483;Aluno-483;13;Menina;6.578604762;8.502;5.6428571430000005;6.26;5.25;8.056666667;5.0;-1;Fase 3 (7° e 8° ano);8.125;2024;2B;1
RA-484;Aluno-484;11;Menino;6.71;9.5;8.7;5.0;6.5;6.389;5.0;-1;;;2022;1;1
RA-484;Aluno-484;12;Menino;5.515466667;6.4;7.5;2.52;3.6;6.8;5.0;-1;Fase 3 (7° e 8° ano);5.416666667;2023;FASE 2;1
RA-484;Aluno-484;13;Menino;3.8354776573333336;8.334;3.9141382866666667;2.51;0.0;3.1225;10.0;0;Fase 3 (7° e 8° ano);3.4375;2024;3A;0
RA-485;Aluno-485;10;Menino;4.742;9.5;4.0;7.5;1.2;5.444;5.0;-1;;;2022;1;1
RA-486;Aluno-486;10;Menina;7.621;10.0;9.9;7.5;7.3;7.222;5.0;-1;;;2022;1;1
RA-486;Aluno-486;11;Menina;7.1043;8.4;6.4;2.52;6.2;8.7525;10.0;0;Fase 2 (5° e 6° ano);7.5;2023;FASE 2;0
RA-487;Aluno-487;10;Menina;8.417;7.5;9.7;7.5;9.6;9.333;5.0;-1;;;2022;1;1
RA-487;Aluno-487;11;Menina;8.988866667;8.5;9.9;5.0;9.5;9.26;10.0;0;Fase 2 (5° e 6° ano);9.166666667;2023;FASE 2;0
RA-487;Aluno-487;12;Menina;9.4171373016;9.168;9.441269841333334;9.38;9.666666666666666;9.1725;10.0;0;Fase 3 (7° e 8° ano);9.0625;2024;3A;0
RA-488;Aluno-488;10;Menina;7.413;8.5;8.8;7.5;7.3;7.722;5.0;-1;;;2022;1;1
RA-489;Aluno-489;9;Menina;5.853;9.0;7.2;7.5;0.0;6.5;10.0;0;;;2022;1;0
RA-49;Aluno-49;17;Menina;6.304;7.5;7.4;7.5;3.9;7.042;5.0;-2;;;2022;5;1
RA-49;Aluno-49;18;Menina;;;;;;;10.0;0;Fase 8 (Universitários);;2023;FASE 8;0
RA-49;Aluno-49;19;Menina;;;0.0;;;;10.0;0;Fase 8 (Universitários);;2024;8E;0
RA-490;Aluno-490;10;Menina;7.576;7.9;8.2;7.5;7.7;8.722;5.0;-1;;;2022;1;1
RA-490;Aluno-490;1900-01-11 00:00:00;Menina;7.429466667;7.9;7.9;2.52;5.8;9.0075;10.0;0;Fase 2 (5° e 6° ano);8.541666667;2023;FASE 2;0
RA-490;Aluno-490;12;Menina;7.368084290266667;9.168;5.5110047846666665;8.755;6.166666666666667;7.295;10.0;1;Fase 2 (5° e 6° ano);7.8125;2024;3A;0
RA-491;Aluno-491;11;Menino;7.461;7.5;9.7;7.5;7.0;7.722;5.0;-1;;;2022;1;1
RA-491;Aluno-491;1900-01-11 00:00:00;Menino;7.560533333;9.5;9.6;2.52;5.0;8.3375;10.0;0;Fase 2 (5° e 6° ano);7.708333333;2023;FASE 2;0
RA-491;Aluno-491;12;Menino;6.995247619100001;7.502;9.011904762;7.51;5.25;7.166666667;5.0;-1;Fase 3 (7° e 8° ano);7.083333333;2024;2B;1
RA-492;Aluno-492;11;Menina;7.678;10.0;8.8;7.5;7.1;8.278;5.0;-1;;;2022;1;1
RA-493;Aluno-493;9;Menina;8.306;10.0;9.4;7.5;7.2;8.278;10.0;0;;;2022;1;0
RA-493;Aluno-493;10;Menina;7.934366667;9.5;9.6;2.52;6.0;8.84;10.0;0;Fase 2 (5° e 6° ano);8.541666667;2023;FASE 2;0
RA-493;Aluno-493;11;Menina;7.4643250000000005;10.002;8.933333333333334;10.0;3.1666666666666665;6.705;10.0;1;Fase 2 (5° e 6° ano);7.03125;2024;3B;0
RA-494;Aluno-494;11;Menina;6.407;6.4;8.3;5.0;5.8;6.944;5.0;-1;;;2022;1;1
RA-494;Aluno-494;12;Menina;7.116633333;6.9;9.0;2.52;6.8;8.71;5.0;-1;Fase 3 (7° e 8° ano);7.708333333;2023;FASE 2;1
RA-494;Aluno-494;13;Menina;7.922281328333334;7.5;7.329323308333333;8.755;6.333333333333333;8.915;10.0;0;Fase 3 (7° e 8° ano);7.8125;2024;3A;0
RA-495;Aluno-495;11;Menino;7.857;9.0;8.9;7.5;8.4;8.056;5.0;-1;;;2022;1;1
RA-495;Aluno-495;1900-01-12 00:00:00;Menino;7.417366667;9.0;8.4;2.52;7.4;8.755;5.0;-1;Fase 3 (7° e 8° ano);8.541666667;2023;FASE 2;1
RA-496;Aluno-496;11;Menino;6.683;8.5;6.8;7.5;5.7;7.556;5.0;-1;;;2022;1;1
RA-496;Aluno-496;1900-01-12 00:00:00;Menino;6.603666667;0.0;7.1;5.0;8.3;8.71;5.0;-1;Fase 3 (7° e 8° ano);7.916666667;2023;FASE 2;1
RA-496;Aluno-496;13;Menino;6.726607507733334;10.002;5.315995871999999;6.255;5.666666666666667;6.1625;10.0;0;Fase 3 (7° e 8° ano);6.71875;2024;3A;0
RA-497;Aluno-497;13;Menina;6.323;6.9;9.2;5.0;5.1;5.833;5.0;-2;;;2022;1;1
RA-497;Aluno-497;1900-01-14 00:00:00;Menina;5.7191;5.3;8.7;2.52;3.5;6.885;5.0;-2;Fase 4 (9° ano);6.25;2023;FASE 2;1
RA-497;Aluno-497;15;Menina;4.4960809524;7.502;6.095238095;5.63;1.0;3.506666667;5.0;-1;Fase 3 (7° e 8° ano);5.625;2024;2B;1
RA-498;Aluno-498;11;Menina;7.7;8.5;8.8;7.5;8.8;7.556;5.0;-1;;;2022;1;1
RA-499;Aluno-499;10;Menino;7.826;8.5;10.0;7.5;8.2;7.444;5.0;-1;;;2022;1;1
RA-499;Aluno-499;11;Menino;7.8883;7.9;10.0;2.52;6.6;8.2975;10.0;0;Fase 2 (5° e 6° ano);8.75;2023;FASE 2;0
RA-499;Aluno-499;12;Menino;7.5794738095000005;8.502;9.0476190475;7.51;4.75;7.5;10.0;0;Fase 2 (5° e 6° ano);7.1875;2024;2C;0
RA-5;Aluno-5;17;Menina;7.427;7.9;8.6;5.6;5.2;7.389;10.0;0;;;2022;7;0
RA-5;Aluno-5;1900-01-18 00:00:00;Menina;;;;;;;10.0;0;Fase 8 (Universitários);;2023;FASE 8;0
RA-50;Aluno-50;18;Menina;7.138;7.5;8.4;7.5;7.8;7.542;2.5;-3;;;2022;5;1
RA-500;Aluno-500;10;Menina;8.232;9.0;10.0;7.5;9.5;7.889;5.0;-1;;;2022;1;1
RA-500;Aluno-500;11;Menina;8.427533333;9.5;10.0;2.52;7.9;8.7975;10.0;0;Fase 2 (5° e 6° ano);8.958333333;2023;FASE 2;0
RA-500;Aluno-500;12;Menina;8.077708333333334;9.585;10.0;2.51;6.666666666666667;8.3775;10.0;0;Fase 3 (7° e 8° ano);8.59375;2024;3D;0
RA-501;Aluno-501;9;Menino;7.794;8.5;8.8;7.5;6.8;7.333;10.0;0;;;2022;1;0
RA-501;Aluno-501;10;Menino;8.1357;7.0;8.4;7.52;8.9;9.396666667;5.0;-1;Fase 2 (5° e 6° ano);8.541666667;2023;FASE 1;1
RA-501;Aluno-501;11;Menino;8.2779474937;7.002;7.9949874685;7.51;8.75;8.17;10.0;0;Fase 2 (5° e 6° ano);8.4375;2024;2D;0
RA-502;Aluno-502;8;Menina;8.287;9.5;9.7;7.5;7.4;7.778;10.0;1;;;2022;1;0
RA-502;Aluno-502;9;Menina;8.749075;8.5;9.8;7.52;8.0;8.95;10.0;0;Fase 1 (3° e 4° ano);7.96875;2023;FASE 1;0
RA-502;Aluno-502;10;Menina;8.5023309524;9.002;9.761904762;3.755;8.0;8.84;10.0;0;Fase 2 (5° e 6° ano);9.0625;2024;2D;0
RA-503;Aluno-503;10;Menino;7.95;8.5;10.0;7.5;8.8;7.5;5.0;-1;;;2022;1;1
RA-503;Aluno-503;1900-01-11 00:00:00;Menino;8.4682;9.5;10.0;2.52;8.7;8.255;10.0;0;Fase 2 (5° e 6° ano);8.75;2023;FASE 2;0
RA-503;Aluno-503;12;Menino;8.547495614066667;9.585;9.824561403666666;7.51;7.666666666666667;7.7925;10.0;1;Fase 2 (5° e 6° ano);7.8125;2024;3D;0
RA-504;Aluno-504;9;Menina;8.072;8.5;8.9;7.5;8.0;7.556;10.0;0;;;2022;1;0
RA-504;Aluno-504;9;Menina;8.299533333;8.0;8.3;7.52;7.9;8.836666667;10.0;0;Fase 1 (3° e 4° ano);7.5;2023;FASE 1;0
RA-505;Aluno-505;11;Menina;7.591;9.5;8.0;7.5;8.4;7.556;5.0;-1;;;2022;1;1
RA-506;Aluno-506;12;Menino;7.132;9.5;7.3;7.5;7.2;7.278;5.0;-2;;;2022;1;1
RA-506;Aluno-506;13;Menino;7.750033333;9.5;8.1;5.0;8.5;7.92;5.0;-1;Fase 3 (7° e 8° ano);8.958333333;2023;FASE 2;1
RA-507;Aluno-507;11;Menina;7.653;8.5;10.0;7.5;7.4;7.222;5.0;-1;;;2022;1;1
RA-508;Aluno-508;10;Menino;6.575;8.0;7.4;7.5;4.5;7.556;5.0;-1;;;2022;1;1
RA-508;Aluno-508;10;Menino;7.671633333;6.4;8.6;2.52;7.5;8.6725;10.0;0;Fase 2 (5° e 6° ano);8.333333333;2023;FASE 2;0
RA-508;Aluno-508;12;Menino;6.771708625733333;7.083;5.567251461999999;7.51;4.666666666666667;7.5;10.0;1;Fase 2 (5° e 6° ano);7.65625;2024;3D;0
RA-509;Aluno-509;12;Menina;7.808;9.0;8.2;7.5;9.2;7.833;5.0;-2;;;2022;1;1
RA-509;Aluno-509;12;Menina;7.606033333;8.5;8.1;2.52;8.6;8.84;5.0;-1;Fase 3 (7° e 8° ano);8.958333333;2023;FASE 2;1
RA-509;Aluno-509;13;Menina;6.918152272733334;9.168;6.363636363666667;2.51;6.0;7.2475;10.0;0;Fase 3 (7° e 8° ano);8.28125;2024;3D;0
RA-51;Aluno-51;17;Menina;6.488;8.8;7.6;7.5;5.0;6.5;5.0;-2;;;2022;5;1
RA-510;Aluno-510;12;Menino;7.336;8.0;9.3;7.5;7.1;7.056;5.0;-2;;;2022;1;1
RA-511;Aluno-511;10;Menina;7.094;8.0;10.0;7.5;5.3;7.056;5.0;-1;;;2022;1;1
RA-512;Aluno-512;10;Menina;7.365;9.0;9.3;7.5;6.2;7.722;5.0;-1;;;2022;1;1
RA-513;Aluno-513;9;Menino;8.229;9.0;9.6;5.6;8.3;7.778;10.0;0;;;2022;1;0
RA-513;Aluno-513;10;Menino;8.297866667;9.5;9.7;2.52;7.5;9.0075;10.0;0;Fase 2 (5° e 6° ano);8.541666667;2023;FASE 2;0
RA-513;Aluno-513;11;Menino;8.728632539666668;10.002;8.831746031666666;8.135;7.666666666666667;8.545;10.0;1;Fase 2 (5° e 6° ano);9.0625;2024;3B;0
RA-514;Aluno-514;9;Menina;7.039;8.0;9.7;7.5;4.8;5.889;10.0;0;;;2022;1;0
RA-514;Aluno-514;1900-01-10 00:00:00;Menina;5.823133333;7.9;7.5;2.52;5.5;5.896666667;5.0;-1;Fase 2 (5° e 6° ano);5.0;2023;FASE 1;1
RA-514;Aluno-514;11;Menina;6.219580952400001;9.002;7.595238095;4.385;3.0;5.996666667;10.0;0;Fase 2 (5° e 6° ano);5.625;2024;2C;0
RA-515;Aluno-515;12;Menino;6.582;8.0;6.3;7.5;5.8;7.556;5.0;-2;;;2022;1;1
RA-516;Aluno-516;9;Menino;8.903;10.0;9.7;7.5;9.9;8.056;10.0;0;;;2022;1;0
RA-516;Aluno-516;10;Menino;8.6807;10.0;9.8;2.52;9.3;8.7175;10.0;0;Fase 2 (5° e 6° ano);8.75;2023;FASE 2;0
RA-516;Aluno-516;11;Menino;8.384033333366668;10.002;10.0;2.51;8.833333333333334;7.56;10.0;1;Fase 2 (5° e 6° ano);8.541666667;2024;3C;0
RA-517;Aluno-517;12;Menina;7.604;6.9;9.5;7.5;7.7;7.833;5.0;-2;;;2022;1;1
RA-517;Aluno-517;13;Menina;6.3104;4.1;9.0;2.52;6.6;6.7125;5.0;-1;Fase 3 (7° e 8° ano);6.875;2023;FASE 2;1
RA-517;Aluno-517;14;Menina;5.880466583166668;7.5;5.266499582333334;2.51;5.0;6.11;10.0;0;Fase 3 (7° e 8° ano);6.041666667;2024;3C;0
RA-518;Aluno-518;10;Menino;7.661;9.0;9.4;7.5;7.5;7.5;5.0;-1;;;2022;1;1
RA-518;Aluno-518;11;Menino;7.5762;8.5;8.5;5.0;6.7;6.9175;10.0;0;Fase 2 (5° e 6° ano);8.125;2023;FASE 2;0
RA-518;Aluno-518;12;Menino;6.3467483709;8.334;6.8300751879999995;2.51;4.0;6.94;10.0;0;Fase 3 (7° e 8° ano);7.083333333;2024;3C;0
RA-519;Aluno-519;9;Menino;8.0;7.4;9.6;7.5;7.5;7.333;10.0;0;;;2022;1;0
RA-519;Aluno-519;10;Menino;8.0177;9.0;9.9;7.52;7.4;8.223333333;5.0;-1;Fase 2 (5° e 6° ano);7.708333333;2023;FASE 1;1
RA-52;Aluno-52;13;Menino;7.861;9.6;8.9;7.5;6.2;7.5;10.0;2;;;2022;5;0
RA-52;Aluno-52;1900-01-14 00:00:00;Menino;7.9642;10.0;9.8;2.52;6.4;8.2975;10.0;1;Fase 4 (9° ano);8.125;2023;FASE 5;0
RA-52;Aluno-52;15;Menino;8.144466666733333;8.751;9.437666667;6.885;7.216666666666666;7.5;10.0;2;Fase 5 (1° EM);7.5;2024;7E;0
RA-520;Aluno-520;11;Menina;7.035;10.0;6.8;7.5;6.8;7.278;5.0;-1;;;2022;1;1
RA-521;Aluno-521;9;Menino;7.725;9.0;10.0;5.0;6.0;7.5;10.0;0;;;2022;1;0
RA-521;Aluno-521;1900-01-10 00:00:00;Menino;6.768666667;0.0;9.9;3.77;7.9;8.166666667;5.0;-1;Fase 2 (5° e 6° ano);7.083333333;2023;FASE 1;1
RA-521;Aluno-521;11;Menino;7.4798428571999995;8.002;9.0357142855;5.005;6.25;7.276666667;10.0;0;Fase 2 (5° e 6° ano);6.666666667;2024;2A;0
RA-522;Aluno-522;9;Menino;8.306;9.5;9.1;7.5;7.5;8.167;10.0;0;;;2022;1;0
RA-522;Aluno-522;1900-01-10 00:00:00;Menino;7.890533333;7.5;9.2;7.52;8.3;8.45;5.0;-1;Fase 2 (5° e 6° ano);7.083333333;2023;FASE 1;1
RA-522;Aluno-522;11;Menino;8.6777119048;8.002;9.523809524;7.51;9.0;7.89;10.0;0;Fase 2 (5° e 6° ano);8.4375;2024;2D;0
RA-523;Aluno-523;11;Menina;7.591;10.0;9.5;7.5;6.5;7.556;5.0;-1;;;2022;1;1
RA-524;Aluno-524;11;Menino;6.947;0.0;9.4;5.0;9.1;8.056;5.0;-1;;;2022;1;1
RA-524;Aluno-524;1900-01-12 00:00:00;Menino;7.331133333;6.4;9.2;2.52;8.9;7.42;5.0;-1;Fase 3 (7° e 8° ano);8.333333333;2023;FASE 2;1
RA-524;Aluno-524;13;Menino;7.026322556366667;7.083;5.111779448666667;2.51;8.666666666666666;7.39;10.0;0;Fase 3 (7° e 8° ano);8.333333333;2024;3C;0
RA-525;Aluno-525;11;Menina;8.013;9.0;9.3;7.5;8.6;8.167;5.0;-1;;;2022;1;1
RA-525;Aluno-525;1900-01-12 00:00:00;Menina;7.911366667;8.0;8.6;2.52;9.2;9.566666667;5.0;-1;Fase 3 (7° e 8° ano);8.958333333;2023;FASE 2;1
RA-526;Aluno-526;12;Menino;8.079;10.0;9.9;7.5;8.0;8.167;5.0;-2;;;2022;1;1
RA-526;Aluno-526;1900-01-13 00:00:00;Menino;8.0957;9.5;9.8;5.0;8.8;7.7525;5.0;-1;Fase 3 (7° e 8° ano);8.75;2023;FASE 2;1
RA-526;Aluno-526;14;Menino;7.843157894833334;9.585;9.382456140333334;8.13;7.333333333333333;7.496666667;5.0;-1;Fase 4 (9° ano);7.291666667;2024;3C;1
RA-527;Aluno-527;9;Menina;8.025;8.5;10.0;7.5;6.5;7.5;10.0;0;;;2022;1;0
RA-527;Aluno-527;1900-01-10 00:00:00;Menina;7.5682;9.0;9.1;7.52;6.5;7.78;5.0;-1;Fase 2 (5° e 6° ano);7.5;2023;FASE 1;1
RA-527;Aluno-527;11;Menina;8.1403666666;9.002;10.0;7.51;6.0;7.383333333;10.0;0;Fase 2 (5° e 6° ano);8.125;2024;2D;0
RA-528;Aluno-528;11;Menino;5.335;0.0;6.2;7.5;4.0;6.944;5.0;-1;;;2022;1;1
RA-528;Aluno-528;1900-01-12 00:00:00;Menino;7.6892;9.0;8.5;5.0;8.2;7.92;5.0;-1;Fase 3 (7° e 8° ano);8.75;2023;FASE 2;1
RA-528;Aluno-528;13;Menino;7.276330075300001;9.168;5.793483709333334;7.51;6.666666666666667;6.936666667;10.0;0;Fase 3 (7° e 8° ano);7.291666667;2024;3C;0
RA-529;Aluno-529;12;Menino;6.51;8.5;8.9;5.0;5.2;6.556;5.0;-2;;;2022;1;1
RA-529;Aluno-529;1900-01-13 00:00:00;Menino;7.278991667;8.0;9.6;7.52;6.8;6.893333333;5.0;-2;Fase 3 (7° e 8° ano);5.78125;2023;FASE 1;1
RA-529;Aluno-529;14;Menino;5.2661285715;7.002;6.6071428569999995;4.38;4.25;4.886666667;5.0;-1;Fase 3 (7° e 8° ano);4.791666667;2024;2A;1
RA-53;Aluno-53;17;Menino;6.725;9.2;7.0;7.5;7.0;6.458;5.0;-2;;;2022;5;1
RA-53;Aluno-53;18;Menino;7.600633333;9.2;9.1;5.63;7.7;7.5875;5.0;-2;Fase 8 (Universitários);7.5;2023;FASE 6;1
RA-530;Aluno-530;10;Menino;8.338;10.0;9.0;7.5;8.9;9.056;5.0;-1;;;2022;1;1
RA-530;Aluno-530;11;Menino;7.653033333;10.0;8.8;5.0;5.7;7.46;10.0;0;Fase 2 (5° e 6° ano);7.708333333;2023;FASE 2;0
RA-530;Aluno-530;12;Menino;7.214534419433333;8.751;6.468838763666667;9.38;4.5;7.496666667;10.0;0;Fase 3 (7° e 8° ano);7.083333333;2024;3C;0
RA-531;Aluno-531;10;Menino;8.057;9.5;9.8;7.5;7.8;8.167;5.0;-1;;;2022;1;1
RA-531;Aluno-531;11;Menino;8.3252;9.5;10.0;2.52;7.7;8.59;10.0;0;Fase 2 (5° e 6° ano);8.75;2023;FASE 2;0
RA-531;Aluno-531;12;Menino;7.9127926470666665;9.168;9.803921568666667;4.38;6.666666666666667;7.335;10.0;0;Fase 3 (7° e 8° ano);7.96875;2024;3B;0
RA-532;Aluno-532;9;Menina;7.792;9.5;9.7;7.5;5.5;7.167;10.0;0;;;2022;1;0
RA-533;Aluno-533;10;Menino;6.962;8.5;8.8;5.6;6.0;7.333;5.0;-1;;;2022;1;1
RA-533;Aluno-533;1900-01-11 00:00:00;Menino;7.434866667;9.0;9.3;7.52;5.8;7.613333333;5.0;-1;Fase 2 (5° e 6° ano);7.5;2023;FASE 1;1
RA-534;Aluno-534;12;Menina;7.131;9.0;7.4;7.5;7.1;7.333;5.0;-2;;;2022;1;1
RA-534;Aluno-534;13;Menino;5.8385;0.0;8.1;2.52;5.4;7.92;5.0;-1;Fase 3 (7° e 8° ano);8.125;2023;FASE 2;1
RA-534;Aluno-534;14;Menino;7.088855054266667;9.585;6.043441938333333;7.51;5.0;7.103333333;10.0;0;Fase 3 (7° e 8° ano);7.5;2024;3C;0
RA-535;Aluno-535;10;Menina;6.953;9.0;9.2;7.5;5.1;6.917;5.0;-1;;;2022;1;1
RA-535;Aluno-535;1900-01-11 00:00:00;Menina;8.0027;9.0;9.4;5.0;5.6;8.95;10.0;0;Fase 2 (5° e 6° ano);8.125;2023;FASE 2;0
RA-535;Aluno-535;12;Menina;7.659555952400001;9.168;7.161904762;8.135;6.0;7.5;10.0;0;Fase 3 (7° e 8° ano);7.96875;2024;3H;0
RA-536;Aluno-536;10;Menina;7.106;9.5;8.9;5.6;6.0;7.75;5.0;-1;;;2022;1;1
RA-536;Aluno-536;10;Menina;7.759533333;8.0;9.3;2.52;5.9;9.17;10.0;0;Fase 2 (5° e 6° ano);8.333333333;2023;FASE 2;0
RA-536;Aluno-536;11;Menina;7.7704681818;8.334;9.109090909;8.135;5.5;7.415;10.0;1;Fase 2 (5° e 6° ano);7.1875;2024;3B;0
RA-537;Aluno-537;10;Menino;6.641;9.5;9.0;4.4;4.8;7.167;5.0;-1;;;2022;1;1
RA-538;Aluno-538;13;Menino;6.309;8.5;7.5;5.6;6.8;5.583;5.0;-2;;;2022;1;1
RA-538;Aluno-538;13;Menino;6.413466667;7.4;8.6;2.52;4.7;7.39;5.0;-1;Fase 3 (7° e 8° ano);7.916666667;2023;FASE 2;1
RA-538;Aluno-538;14;Menino;6.514094017066666;8.751;7.668803418666666;7.51;6.166666666666667;5.292;5.0;-1;Fase 4 (9° ano);5.625;2024;3H;1
RA-539;Aluno-539;11;Menina;7.665;8.5;9.3;6.9;7.5;8.417;5.0;-1;;;2022;1;1
RA-539;Aluno-539;1900-01-12 00:00:00;Menina;7.796866667;9.5;8.6;2.52;8.5;8.84;5.0;-1;Fase 3 (7° e 8° ano);9.166666667;2023;FASE 2;1
RA-539;Aluno-539;13;Menina;8.465533333333335;10.002;9.233333333333333;7.51;5.833333333333333;9.13;10.0;0;Fase 3 (7° e 8° ano);8.75;2024;3G;0
RA-54;Aluno-54;16;Menina;6.058;7.9;6.9;7.5;4.8;6.125;5.0;-1;;;2022;5;1
RA-540;Aluno-540;10;Menina;7.303;8.5;9.5;5.6;7.0;7.5;5.0;-1;;;2022;1;1
RA-540;Aluno-540;1900-01-11 00:00:00;Menina;8.216033333;8.5;8.8;5.0;7.1;8.95;10.0;0;Fase 2 (5° e 6° ano);8.958333333;2023;FASE 2;0
RA-541;Aluno-541;14;Menino;5.427;10.0;7.8;6.9;2.5;5.0;2.5;-3;;;2022;1;1
RA-542;Aluno-542;11;Menina;7.221;8.0;9.8;6.3;6.5;7.417;5.0;-1;;;2022;1;1
RA-542;Aluno-542;12;Menina;7.816533333;9.5;9.7;5.0;6.3;9.006666667;5.0;-1;Fase 3 (7° e 8° ano);8.75;2023;FASE 2;1
RA-542;Aluno-542;13;Menina;6.7205649586;8.751;6.481366459666667;8.13;3.9333333333333336;6.232;10.0;0;Fase 3 (7° e 8° ano);7.03125;2024;3F;0
RA-543;Aluno-543;10;Menina;7.05;8.5;9.8;4.4;6.5;7.167;5.0;-1;;;2022;1;1
RA-543;Aluno-543;11;Menina;7.971833333;7.8;9.8;2.52;6.5;9.006666667;10.0;0;Fase 2 (5° e 6° ano);8.75;2023;FASE 2;0
RA-543;Aluno-543;12;Menina;8.0467871118;8.751;9.616977225666666;2.51;6.833333333333333;8.7;10.0;1;Fase 2 (5° e 6° ano);8.90625;2024;3F;0
RA-544;Aluno-544;10;Menino;6.307;9.5;9.7;5.6;3.3;6.0;5.0;-1;;;2022;1;1
RA-545;Aluno-545;13;Menino;6.723;9.5;6.6;7.5;5.5;7.5;5.0;-2;;;2022;1;1
RA-546;Aluno-546;11;Menina;6.77;9.0;7.9;5.0;5.6;7.917;5.0;-1;;;2022;1;1
RA-546;Aluno-546;1900-01-12 00:00:00;Menina;6.031666667;0.0;7.2;2.52;5.7;9.173333333;5.0;-1;Fase 3 (7° e 8° ano);8.75;2023;FASE 2;1
RA-546;Aluno-546;13;Menina;5.702426010066667;5.832;3.7838383836666662;8.135;4.666666666666667;5.5;10.0;0;Fase 3 (7° e 8° ano);5.15625;2024;3B;0
RA-547;Aluno-547;11;Menina;7.745;9.5;9.7;5.0;7.6;8.833;5.0;-1;;;2022;1;1
RA-547;Aluno-547;12;Menina;6.467;0.0;9.1;2.52;6.2;8.95;5.0;-1;Fase 3 (7° e 8° ano);8.75;2023;FASE 2;1
RA-547;Aluno-547;13;Menina;7.2102906723333335;8.751;7.030620028333334;8.135;6.833333333333333;5.932;10.0;0;Fase 3 (7° e 8° ano);5.625;2024;3H;0
RA-548;Aluno-548;12;Menino;7.292;8.0;9.1;6.9;7.2;7.583;5.0;-2;;;2022;1;1
RA-548;Aluno-548;12;Menino;7.4322;9.0;9.1;2.52;7.4;8.283333333;5.0;-1;Fase 3 (7° e 8° ano);8.333333333;2023;FASE 2;1
RA-548;Aluno-548;13;Menino;7.240168803466668;9.168;7.600427350666667;7.51;6.666666666666667;5.626;10.0;0;Fase 3 (7° e 8° ano);5.9375;2024;3H;0
RA-549;Aluno-549;10;Menino;6.301;10.0;7.9;6.9;4.2;6.167;5.0;-1;;;2022;1;1
RA-549;Aluno-549;1900-01-11 00:00:00;Menino;7.0297;9.5;8.1;5.02;6.4;7.5;5.0;-1;Fase 2 (5° e 6° ano);6.875;2023;FASE 1;1
RA-549;Aluno-549;12;Menino;6.5398187888;10.002;7.204968943999999;6.255;5.75;5.9125;5.0;-1;Fase 3 (7° e 8° ano);6.40625;2024;2G;1
RA-55;Aluno-55;16;Menina;6.576;7.1;7.6;5.6;7.5;6.5;5.0;-1;;;2022;5;1
RA-55;Aluno-55;1900-01-17 00:00:00;Menina;6.898033333;7.9;8.1;3.14;7.1;7.545;5.0;-1;Fase 7 (3° EM);7.5;2023;FASE 6;1
RA-550;Aluno-550;12;Menina;6.026;9.0;9.0;6.9;1.9;6.25;5.0;-2;;;2022;1;1
RA-551;Aluno-551;12;Menina;6.853;8.5;7.3;6.9;6.6;7.333;5.0;-2;;;2022;1;1
RA-551;Aluno-551;1900-01-12 00:00:00;Menina;7.075033333;10.0;8.6;2.52;5.4;8.393333333;5.0;-1;Fase 3 (7° e 8° ano);8.541666667;2023;FASE 2;1
RA-552;Aluno-552;11;Menino;6.625;9.5;8.8;5.0;5.5;7.167;5.0;-1;;;2022;1;1
RA-552;Aluno-552;1900-01-12 00:00:00;Menino;5.248666667;0.0;5.6;3.14;6.4;6.89;5.0;-2;Fase 3 (7° e 8° ano);6.666666667;2023;FASE 1;1
RA-553;Aluno-553;11;Menina;6.39;9.5;6.9;6.9;3.3;8.167;5.0;-1;;;2022;1;1
RA-554;Aluno-554;12;Menino;5.588;7.9;6.0;6.9;4.0;5.75;5.0;-2;;;2022;1;1
RA-555;Aluno-555;12;Menino;5.949;9.5;8.1;5.0;4.4;5.167;5.0;-2;;;2022;1;1
RA-555;Aluno-555;1900-01-13 00:00:00;Menino;5.898133333;7.4;8.1;2.52;3.9;6.946666667;5.0;-1;Fase 3 (7° e 8° ano);6.25;2023;FASE 2;1
RA-555;Aluno-555;14;Menino;5.111470186333333;10.002;2.7505175983333334;6.885;4.333333333333333;5.03;5.0;-1;Fase 4 (9° ano);5.0;2024;3F;1
RA-556;Aluno-556;11;Menina;7.181;9.0;8.8;5.0;6.4;8.25;5.0;-1;;;2022;1;1
RA-556;Aluno-556;1900-01-12 00:00:00;Menina;7.7482;8.5;9.6;2.52;7.2;9.396666667;5.0;-1;Fase 3 (7° e 8° ano);9.166666667;2023;FASE 2;1
RA-556;Aluno-556;13;Menina;5.833377380933333;7.083;6.171428571333333;2.51;3.8333333333333335;6.1625;10.0;0;Fase 3 (7° e 8° ano);6.40625;2024;3G;0
RA-557;Aluno-557;10;Menino;8.334;10.0;8.4;7.5;9.4;9.333;5.0;-1;;;2022;1;1
RA-557;Aluno-557;1900-01-11 00:00:00;Menino;8.7717;10.0;8.2;5.0;8.9;9.62;10.0;0;Fase 2 (5° e 6° ano);9.375;2023;FASE 2;0
RA-557;Aluno-557;12;Menino;9.350986466133334;10.002;8.756265663999999;7.51;9.666666666666666;9.576;10.0;0;Fase 3 (7° e 8° ano);10.0;2024;3H;0
RA-558;Aluno-558;14;Menino;5.539;9.0;8.5;5.0;4.3;4.5;2.5;-3;;;2022;1;1
RA-558;Aluno-558;1900-01-15 00:00:00;Menino;6.615333333;7.8;9.4;5.0;6.0;6.78;2.5;-3;Fase 5 (1° EM);6.458333333;2023;FASE 2;1
RA-558;Aluno-558;16;Menino;5.048054503133334;9.168;3.7763975156666674;8.13;3.0;4.268;5.0;-2;Fase 5 (1° EM);6.09375;2024;3F;1
RA-559;Aluno-559;11;Menino;7.634;9.5;9.2;7.5;7.1;8.083;5.0;-1;;;2022;1;1
RA-559;Aluno-559;1900-01-12 00:00:00;Menino;7.947366667;10.0;9.4;5.0;7.4;8.506666667;5.0;-1;Fase 3 (7° e 8° ano);8.958333333;2023;FASE 2;1
RA-559;Aluno-559;13;Menino;6.158158974333333;10.002;5.705128205;8.13;3.1666666666666665;4.728;10.0;0;Fase 3 (7° e 8° ano);6.25;2024;3F;0
RA-56;Aluno-56;15;Menina;8.404;10.0;10.0;7.5;7.0;8.25;10.0;0;;;2022;5;0
RA-56;Aluno-56;16;Menina;8.284333333;9.6;9.5;5.0;7.8;7.8;10.0;0;Fase 6 (2° EM);8.125;2023;FASE 6;0
RA-56;Aluno-56;17;Menina;9.077020175400001;10.002;9.265350877333333;10.0;7.666666666666667;9.233333333;10.0;0;Fase 7 (3° EM);8.4375;2024;7A;0
RA-560;Aluno-560;11;Menino;4.949;6.9;7.2;5.0;3.8;3.75;5.0;-1;;;2022;1;1
RA-560;Aluno-560;1900-01-12 00:00:00;Menino;4.932;0.0;8.4;2.52;4.0;6.0;5.0;-1;Fase 3 (7° e 8° ano);5.0;2023;FASE 2;1
RA-561;Aluno-561;11;Menino;7.856;9.0;9.0;7.5;7.4;8.833;5.0;-1;;;2022;1;1
RA-562;Aluno-562;11;Menina;7.855;8.0;9.0;7.5;8.0;8.75;5.0;-1;;;2022;1;1
RA-562;Aluno-562;12;Menina;6.824833333;0.0;8.5;2.52;8.7;8.893333333;5.0;-1;Fase 3 (7° e 8° ano);8.541666667;2023;FASE 2;1
RA-562;Aluno-562;13;Menina;8.392733333333334;8.334;9.833333333333334;8.135;7.833333333333333;7.25;10.0;0;Fase 3 (7° e 8° ano);7.625;2024;3I;0
RA-563;Aluno-563;11;Menina;8.22;10.0;9.2;7.5;8.5;8.833;5.0;-1;;;2022;1;1
RA-563;Aluno-563;11;Menina;7.684133333;6.4;9.7;2.52;6.2;8.726666667;10.0;0;Fase 2 (5° e 6° ano);8.75;2023;FASE 2;0
RA-563;Aluno-563;12;Menina;8.595447619066668;9.168;9.461904762000001;8.135;8.333333333333334;7.468;10.0;0;Fase 3 (7° e 8° ano);8.125;2024;3H;0
RA-564;Aluno-564;13;Menino;4.972;9.5;3.8;5.0;2.3;6.833;5.0;-2;;;2022;1;1
RA-565;Aluno-565;13;Menino;5.233;9.0;4.1;7.5;2.9;5.917;5.0;-2;;;2022;1;1
RA-566;Aluno-566;12;Menina;7.729;9.5;8.4;7.5;8.5;7.917;5.0;-2;;;2022;1;1
RA-566;Aluno-566;12;Menina;7.7227;9.0;8.8;2.52;8.4;8.673333333;5.0;-1;Fase 3 (7° e 8° ano);8.958333333;2023;FASE 2;1
RA-567;Aluno-567;11;Menino;6.281;9.5;6.0;7.5;4.8;6.833;5.0;-1;;;2022;1;1
RA-568;Aluno-568;14;Menino;7.306;8.0;8.6;6.9;8.3;7.944;2.5;-3;;;2022;1;1
RA-568;Aluno-568;1900-01-15 00:00:00;Menino;6.9647;7.0;7.9;5.0;7.6;8.01;2.5;-3;Fase 5 (1° EM);8.125;2023;FASE 2;1
RA-568;Aluno-568;16;Menino;5.545864285733334;7.917;3.2619047620000003;8.13;5.166666666666667;5.496;5.0;-2;Fase 5 (1° EM);6.5625;2024;3F;1
RA-569;Aluno-569;12;Menina;7.074;9.5;8.7;5.0;6.8;7.333;5.0;-2;;;2022;1;1
RA-57;Aluno-57;16;Menino;7.305;7.1;8.1;5.6;8.4;7.875;5.0;-1;;;2022;5;1
RA-57;Aluno-57;1900-01-17 00:00:00;Menino;6.450875;0.0;8.0;5.63;7.2;7.755;5.0;-1;Fase 7 (3° EM);7.96875;2023;FASE 6;1
RA-57;Aluno-57;18;Menino;7.4193804301999995;9.585;6.010860484333333;6.88;6.166666666666667;7.39;10.0;0;Fase 7 (3° EM);8.59375;2024;7A;0
RA-570;Aluno-570;10;Menina;5.722;9.0;7.0;7.5;1.3;6.778;5.0;-1;;;2022;1;1
RA-570;Aluno-570;1900-01-11 00:00:00;Menina;6.781033333;8.5;7.3;3.77;5.9;8.056666667;5.0;-1;Fase 2 (5° e 6° ano);8.125;2023;FASE 1;1
RA-570;Aluno-570;12;Menina;6.8133640787;8.002;8.0020703935;5.625;6.75;6.4075;5.0;-1;Fase 3 (7° e 8° ano);7.1875;2024;2H;1
RA-571;Aluno-571;11;Menina;6.589;8.5;8.8;7.5;3.7;6.944;5.0;-1;;;2022;1;1
RA-571;Aluno-571;12;Menina;6.6097;9.0;7.9;3.77;5.0;7.616666667;5.0;-2;Fase 3 (7° e 8° ano);7.291666667;2023;FASE 1;1
RA-571;Aluno-571;13;Menina;6.2964554347999995;7.002;8.695652174;4.375;5.25;5.8325;5.0;-1;Fase 3 (7° e 8° ano);7.03125;2024;2G;1
RA-572;Aluno-572;9;Menino;7.48;8.5;8.0;7.5;6.8;6.833;10.0;0;;;2022;1;0
RA-573;Aluno-573;11;Menino;8.261;9.5;9.9;7.5;8.2;8.944;5.0;-1;;;2022;1;1
RA-573;Aluno-573;1900-01-12 00:00:00;Menino;7.774366667;9.5;9.8;5.0;6.6;8.45;5.0;-1;Fase 3 (7° e 8° ano);8.541666667;2023;FASE 2;1
RA-573;Aluno-573;13;Menino;7.839050000000001;9.168;9.5;8.755;5.0;6.8275;10.0;0;Fase 3 (7° e 8° ano);7.8125;2024;3G;0
RA-574;Aluno-574;10;Menino;6.86;9.5;7.2;5.0;7.5;6.944;5.0;-1;;;2022;1;1
RA-574;Aluno-574;1900-01-11 00:00:00;Menino;7.878133333;6.9;8.2;5.0;8.1;8.173333333;10.0;0;Fase 2 (5° e 6° ano);7.916666667;2023;FASE 2;0
RA-575;Aluno-575;12;Menino;5.889;8.0;6.1;7.5;2.8;7.0;5.0;-2;;;2022;1;1
RA-576;Aluno-576;10;Menina;7.59;9.5;9.1;7.5;7.8;7.111;5.0;-1;;;2022;1;1
RA-576;Aluno-576;11;Menina;7.984741667;9.0;9.3;5.02;8.0;8.503333333;5.0;-1;Fase 2 (5° e 6° ano);9.21875;2023;FASE 1;1
RA-576;Aluno-576;12;Menina;8.93195;8.502;10.0;7.51;9.25;8.4975;10.0;0;Fase 2 (5° e 6° ano);7.8125;2024;2H;0
RA-577;Aluno-577;10;Menina;7.862;9.5;9.3;7.5;9.0;7.111;5.0;-1;;;2022;1;1
RA-577;Aluno-577;11;Menina;7.219366667;10.0;8.2;3.77;7.4;7.673333333;5.0;-1;Fase 2 (5° e 6° ano);6.875;2023;FASE 1;1
RA-577;Aluno-577;12;Menina;6.629159109700001;8.502;5.7660455485;5.625;8.0;6.535;5.0;-1;Fase 3 (7° e 8° ano);6.5625;2024;2H;1
RA-578;Aluno-578;10;Menino;8.814;9.5;10.0;8.8;9.5;9.611;5.0;-1;;;2022;1;1
RA-578;Aluno-578;11;Menino;9.013866667;9.0;10.0;2.52;9.7;9.7625;10.0;0;Fase 2 (5° e 6° ano);9.791666667;2023;FASE 2;0
RA-578;Aluno-578;12;Menino;9.066199999966669;10.002;10.0;2.51;9.833333333333334;9.45;10.0;1;Fase 2 (5° e 6° ano);9.583333333;2024;3C;0
RA-579;Aluno-579;10;Menina;6.067;8.5;5.8;7.5;3.8;7.222;5.0;-1;;;2022;1;1
RA-58;Aluno-58;15;Menino;8.136;9.6;9.2;6.3;7.2;8.125;10.0;0;;;2022;5;0
RA-58;Aluno-58;1900-01-16 00:00:00;Menino;7.70625;0.0;9.7;6.26;8.1;8.3825;10.0;0;Fase 6 (2° EM);8.4375;2023;FASE 6;0
RA-58;Aluno-58;17;Menino;8.7713289474;9.585;9.824561403666666;7.51;7.333333333333333;8.62;10.0;0;Fase 7 (3° EM);9.0625;2024;7A;0
RA-580;Aluno-580;10;Menina;7.525;8.0;9.6;7.5;7.6;7.167;5.0;-1;;;2022;1;1
RA-580;Aluno-580;11;Menina;8.4712;8.5;9.8;7.52;9.0;8.67;5.0;-1;Fase 2 (5° e 6° ano);8.75;2023;FASE 1;1
RA-580;Aluno-580;12;Menina;7.9281521222;9.002;8.871635610999999;7.51;9.25;7.2475;5.0;-1;Fase 3 (7° e 8° ano);7.03125;2024;2H;1
RA-581;Aluno-581;10;Menino;6.464;7.5;8.9;7.5;5.0;5.889;5.0;-1;;;2022;1;1
RA-581;Aluno-581;11;Menino;7.7167;8.0;9.8;7.52;7.9;7.393333333;5.0;-1;Fase 2 (5° e 6° ano);6.458333333;2023;FASE 1;1
RA-581;Aluno-581;12;Menino;7.0833015528;7.418;8.198757764;5.625;8.75;6.165;5.0;-1;Fase 3 (7° e 8° ano);6.5625;2024;2H;1
RA-582;Aluno-582;10;Menina;7.064;10.0;9.0;7.5;4.9;7.222;5.0;-1;;;2022;1;1
RA-583;Aluno-583;12;Menina;7.456;8.5;9.4;7.5;7.1;7.333;5.0;-2;;;2022;1;1
RA-583;Aluno-583;1900-01-13 00:00:00;Menina;7.838866667;9.0;9.4;7.52;6.3;8.616666667;5.0;-1;Fase 3 (7° e 8° ano);8.333333333;2023;FASE 2;1
RA-583;Aluno-583;14;Menina;7.447591035933334;7.917;8.904455179666668;8.135;5.0;6.87;10.0;0;Fase 3 (7° e 8° ano);6.875;2024;3I;0
RA-584;Aluno-584;10;Menina;6.714;8.0;8.5;7.5;4.6;7.333;5.0;-1;;;2022;1;1
RA-584;Aluno-584;11;Menina;7.697533333;9.5;9.0;2.52;5.8;8.56;10.0;0;Fase 2 (5° e 6° ano);8.333333333;2023;FASE 2;0
RA-584;Aluno-584;12;Menina;6.752914393933334;8.751;5.636363636333333;8.755;4.333333333333333;6.37;10.0;0;Fase 3 (7° e 8° ano);7.34375;2024;3G;0
RA-585;Aluno-585;9;Menina;7.398;8.5;9.1;7.5;5.0;6.889;10.0;0;;;2022;1;0
RA-586;Aluno-586;10;Menina;7.988;10.0;9.6;5.6;8.2;8.778;5.0;-1;;;2022;1;1
RA-586;Aluno-586;10;Menina;8.4242;8.0;10.0;2.52;8.4;9.343333333;10.0;0;Fase 2 (5° e 6° ano);8.333333333;2023;FASE 2;0
RA-586;Aluno-586;11;Menina;8.702387301666668;9.168;9.241269841333333;7.51;8.5;8.056666667;10.0;1;Fase 2 (5° e 6° ano);8.75;2024;3U;0
RA-587;Aluno-587;10;Menino;6.632;9.5;9.3;7.5;3.8;6.167;5.0;-1;;;2022;1;1
RA-587;Aluno-587;1900-01-11 00:00:00;Menino;6.032033333;8.5;7.0;7.52;2.7;6.72;5.0;-1;Fase 2 (5° e 6° ano);6.458333333;2023;FASE 1;1
RA-587;Aluno-587;12;Menino;6.817057142900001;9.002;7.380952381;7.51;6.25;5.74;5.0;-2;Fase 3 (7° e 8° ano);7.916666667;2024;1L;1
RA-588;Aluno-588;9;Menina;8.622;9.5;10.0;5.6;9.3;8.278;10.0;0;;;2022;1;0
RA-588;Aluno-588;10;Menina;8.3527;8.0;9.6;2.52;7.8;9.673333333;10.0;0;Fase 2 (5° e 6° ano);8.958333333;2023;FASE 2;0
RA-588;Aluno-588;11;Menina;8.676133333333334;9.168;9.833333333333334;7.51;7.833333333333333;8.0;10.0;1;Fase 2 (5° e 6° ano);8.75;2024;3U;0
RA-589;Aluno-589;9;Menina;7.744;9.5;9.4;7.5;5.8;7.056;10.0;0;;;2022;1;0
RA-59;Aluno-59;17;Menino;7.642;9.2;9.3;7.5;7.2;7.917;5.0;-2;;;2022;5;1
RA-59;Aluno-59;1900-01-18 00:00:00;Menino;7.692291667;7.5;9.6;5.63;7.2;8.4225;5.0;-2;Fase 8 (Universitários);8.28125;2023;FASE 6;1
RA-59;Aluno-59;19;Menino;;;0.0;;;;10.0;0;Fase 8 (Universitários);;2024;8F;0
RA-590;Aluno-590;10;Menina;7.435;8.5;8.6;7.5;7.4;7.611;5.0;-1;;;2022;1;1
RA-590;Aluno-590;11;Menina;7.647666667;6.3;9.7;3.77;6.5;8.34;10.0;0;Fase 2 (5° e 6° ano);7.291666667;2023;FASE 2;0
RA-590;Aluno-590;12;Menina;6.712378053800001;8.002;8.457556936;6.26;4.0;7.723333333;5.0;-1;Fase 3 (7° e 8° ano);7.5;2024;2U;1
RA-591;Aluno-591;11;Menino;7.507;9.5;9.3;7.5;7.1;7.389;5.0;-1;;;2022;1;1
RA-591;Aluno-591;1900-01-12 00:00:00;Menino;7.1472;9.0;8.5;6.27;6.9;7.333333333;5.0;-1;Fase 3 (7° e 8° ano);5.833333333;2023;FASE 2;1
RA-591;Aluno-591;13;Menino;6.8360336957;7.418;7.913043478500001;6.255;7.5;6.54;5.0;-1;Fase 3 (7° e 8° ano);5.78125;2024;2K;1
RA-592;Aluno-592;10;Menina;7.381;8.0;8.5;5.6;8.4;7.778;5.0;-1;;;2022;1;1
RA-592;Aluno-592;11;Menina;7.935466667;6.2;9.2;3.77;7.6;8.95;10.0;0;Fase 2 (5° e 6° ano);7.916666667;2023;FASE 2;0
RA-592;Aluno-592;12;Menina;7.121622213600001;7.917;6.108152734666667;2.51;7.833333333333333;7.625;10.0;1;Fase 2 (5° e 6° ano);7.65625;2024;3L;0
RA-593;Aluno-593;10;Menina;6.254;7.5;7.4;7.5;4.6;6.278;5.0;-1;;;2022;1;1
RA-594;Aluno-594;10;Menino;7.392;8.0;9.4;7.5;7.8;6.889;5.0;-1;;;2022;1;1
RA-594;Aluno-594;11;Menino;6.702033333;8.5;7.1;6.27;5.8;7.336666667;5.0;-1;Fase 2 (5° e 6° ano);6.875;2023;FASE 1;1
RA-594;Aluno-594;12;Menino;6.890966666600001;6.918;5.75;6.26;7.0;6.053333333;10.0;0;Fase 2 (5° e 6° ano);8.125;2024;2M;0
RA-595;Aluno-595;12;Menino;5.18;8.5;5.5;7.5;1.0;6.0;5.0;-2;;;2022;1;1
RA-595;Aluno-595;1900-01-13 00:00:00;Menino;5.078666667;0.0;7.0;7.52;3.3;5.55;5.0;-1;Fase 3 (7° e 8° ano);6.666666667;2023;FASE 2;1
RA-596;Aluno-596;9;Menina;8.971;9.5;10.0;7.5;9.3;9.0;10.0;0;;;2022;1;0
RA-597;Aluno-597;9;Menino;8.265;9.0;10.0;7.5;8.0;7.056;10.0;0;;;2022;1;0
RA-597;Aluno-597;10;Menino;8.49045;10.0;9.6;7.52;8.5;8.56;5.0;-1;Fase 2 (5° e 6° ano);9.0625;2023;FASE 1;1
RA-597;Aluno-597;11;Menino;7.843291097300001;9.002;9.3271221535;7.51;6.0;6.883333333;10.0;0;Fase 2 (5° e 6° ano);7.5;2024;2L;0
RA-598;Aluno-598;11;Menina;6.35;9.5;7.2;7.5;3.7;6.944;5.0;-1;;;2022;1;1
RA-599;Aluno-599;10;Menino;8.2;9.5;9.2;7.5;9.1;8.556;5.0;-1;;;2022;1;1
RA-599;Aluno-599;10;Menino;8.532866667;10.0;9.5;2.52;8.5;9.286666667;10.0;0;Fase 2 (5° e 6° ano);8.333333333;2023;FASE 2;0
RA-599;Aluno-599;12;Menino;8.3569352941;10.002;8.607843137333333;9.375;7.666666666666667;7.28;10.0;1;Fase 2 (5° e 6° ano);7.083333333;2024;3K;0
RA-6;Aluno-6;18;Menina;5.848;7.9;4.5;7.5;3.3;7.222;5.0;-1;;;2022;7;1
RA-6;Aluno-6;1900-01-19 00:00:00;Menina;;;;;;;10.0;0;Fase 8 (Universitários);;2023;FASE 8;0
RA-6;Aluno-6;20;Menina;;;0.0;;;;10.0;0;Fase 8 (Universitários);;2024;8E;0
RA-60;Aluno-60;18;Menina;5.537;6.7;6.0;7.5;4.9;6.167;2.5;-3;;;2022;5;1
RA-600;Aluno-600;9;Menina;7.011;8.5;8.4;7.5;3.9;6.833;10.0;0;;;2022;1;0
RA-600;Aluno-600;10;Menina;7.651658333;8.5;8.4;7.52;7.2;8.056666667;5.0;-1;Fase 2 (5° e 6° ano);8.28125;2023;FASE 1;1
RA-600;Aluno-600;11;Menina;7.847373913;8.002;8.010869565;7.51;7.5;7.22;10.0;0;Fase 2 (5° e 6° ano);7.5;2024;2L;0
RA-601;Aluno-601;8;Menino;7.713;9.0;9.7;7.5;5.7;7.167;10.0;1;;;2022;1;0
RA-601;Aluno-601;9;Menino;8.955783333;9.0;10.0;7.52;8.7;8.336666667;10.0;0;Fase 1 (3° e 4° ano);9.0625;2023;FASE 1;0
RA-601;Aluno-601;10;Menino;8.5107;9.502;10.0;7.505;8.75;8.425;5.0;-1;Fase 2 (5° e 6° ano);8.75;2024;1K;1
RA-602;Aluno-602;11;Menino;8.041;10.0;9.7;7.5;8.6;7.667;5.0;-1;;;2022;1;1
RA-602;Aluno-602;12;Menino;8.5592;10.0;9.6;7.52;8.1;9.51;5.0;-1;Fase 3 (7° e 8° ano);8.75;2023;FASE 2;1
RA-602;Aluno-602;13;Menino;8.647409313733334;9.585;9.670588235333334;7.51;7.333333333333333;8.545;10.0;0;Fase 3 (7° e 8° ano);8.28125;2024;3L;0
RA-603;Aluno-603;11;Menina;7.78;9.0;9.5;7.5;7.5;8.0;5.0;-1;;;2022;1;1
RA-603;Aluno-603;11;Menino;6.748833333;0.0;8.9;2.52;7.0;7.78;10.0;0;Fase 2 (5° e 6° ano);7.708333333;2023;FASE 2;0
RA-603;Aluno-603;12;Menino;6.942277777866667;9.585;7.155555555666666;6.885;4.666666666666667;6.216666667;10.0;0;Fase 3 (7° e 8° ano);6.875;2024;3U;0
RA-604;Aluno-604;10;Menina;8.018;9.0;9.0;7.5;8.8;8.333;5.0;-1;;;2022;1;1
RA-604;Aluno-604;1900-01-11 00:00:00;Menina;8.548033333;9.0;9.3;7.52;7.5;8.616666667;10.0;0;Fase 2 (5° e 6° ano);8.125;2023;FASE 2;0
RA-604;Aluno-604;12;Menina;7.429623555266667;8.334;7.5029927763333335;8.13;7.0;6.21;10.0;1;Fase 2 (5° e 6° ano);6.40625;2024;3L;0
RA-605;Aluno-605;12;Menina;7.276;6.9;9.3;6.9;7.1;7.556;5.0;-2;;;2022;1;1
RA-605;Aluno-605;12;Menina;7.709366667;9.0;9.5;7.52;6.8;7.84;5.0;-1;Fase 3 (7° e 8° ano);7.291666667;2023;FASE 2;1
RA-605;Aluno-605;13;Menina;6.0175222222;7.5;6.194444444333333;6.885;2.6666666666666665;5.534;10.0;0;Fase 3 (7° e 8° ano);7.0;2024;3M;0
RA-606;Aluno-606;10;Menino;6.127;9.5;9.0;7.5;1.8;6.111;5.0;-1;;;2022;1;1
RA-606;Aluno-606;10;Menino;7.402491667;8.5;8.5;7.52;6.0;8.223333333;5.0;-1;Fase 2 (5° e 6° ano);7.65625;2023;FASE 1;1
RA-606;Aluno-606;11;Menino;6.645260606100001;8.502;7.6136363634999995;6.885;3.25;5.606666667;10.0;0;Fase 2 (5° e 6° ano);8.125;2024;2M;0
RA-607;Aluno-607;10;Menino;6.44;6.8;8.1;7.5;4.0;7.444;5.0;-1;;;2022;1;1
RA-607;Aluno-607;11;Menino;7.333075;8.0;7.5;7.52;6.8;8.17;5.0;-1;Fase 2 (5° e 6° ano);7.96875;2023;FASE 1;1
RA-607;Aluno-607;12;Menino;7.6486021739000005;8.502;7.4782608695;7.51;7.0;7.165;10.0;0;Fase 2 (5° e 6° ano);7.1875;2024;2K;0
RA-608;Aluno-608;10;Menino;7.216;7.8;9.6;7.5;6.3;7.222;5.0;-1;;;2022;1;1
RA-608;Aluno-608;10;Menino;7.401741667;10.0;7.5;7.52;6.2;8.113333333;5.0;-1;Fase 2 (5° e 6° ano);7.96875;2023;FASE 1;1
RA-608;Aluno-608;11;Menino;5.778986231800001;9.002;3.054347826;6.885;4.25;5.053333333;10.0;0;Fase 2 (5° e 6° ano);7.1875;2024;2N;0
RA-609;Aluno-609;11;Menino;6.794;8.5;7.6;7.5;6.0;7.056;5.0;-1;;;2022;1;1
RA-609;Aluno-609;1900-01-12 00:00:00;Menino;6.463033333;9.5;6.4;7.52;5.3;6.216666667;5.0;-1;Fase 3 (7° e 8° ano);6.875;2023;FASE 2;1
RA-61;Aluno-61;15;Menino;7.533;9.2;7.4;7.5;5.8;7.875;10.0;0;;;2022;5;0
RA-61;Aluno-61;16;Menino;7.382108333;8.3;7.0;6.26;6.2;7.4625;10.0;0;Fase 6 (2° EM);7.96875;2023;FASE 6;0
RA-610;Aluno-610;9;Menina;8.18;9.0;9.6;7.5;6.5;8.5;10.0;0;;;2022;1;0
RA-610;Aluno-610;1900-01-10 00:00:00;Menina;8.2857;10.0;10.0;2.52;7.0;8.896666667;10.0;0;Fase 2 (5° e 6° ano);8.541666667;2023;FASE 2;0
RA-610;Aluno-610;11;Menina;7.894888888933334;9.585;9.694444444333334;3.76;6.333333333333333;8.336666667;10.0;1;Fase 2 (5° e 6° ano);6.875;2024;3K;0
RA-611;Aluno-611;12;Menino;7.756;9.5;7.6;7.5;9.5;7.556;5.0;-2;;;2022;1;1
RA-612;Aluno-612;10;Menina;7.594;9.0;9.2;7.5;7.9;7.167;5.0;-1;;;2022;1;1
RA-612;Aluno-612;11;Menina;8.410783333;9.0;9.7;3.77;9.7;9.286666667;5.0;-1;Fase 2 (5° e 6° ano);9.0625;2023;FASE 1;1
RA-612;Aluno-612;12;Menina;9.134040909100001;8.002;9.5454545455;6.26;9.75;9.4;10.0;0;Fase 2 (5° e 6° ano);9.6875;2024;2M;0
RA-613;Aluno-613;13;Menino;8.121;9.0;9.2;7.5;9.2;8.556;5.0;-2;;;2022;1;1
RA-613;Aluno-613;14;Menino;6.864508333;9.2;9.4;5.0;4.8;7.2125;5.0;-1;Fase 4 (9° ano);6.71875;2023;FASE 3;1
RA-613;Aluno-613;15;Menino;7.4019;8.334;9.566666666666666;7.51;7.333333333333333;6.25;5.0;-1;Fase 4 (9° ano);6.875;2024;3N;1
RA-614;Aluno-614;12;Menino;8.339;9.5;9.7;7.5;9.6;8.278;5.0;-2;;;2022;1;1
RA-614;Aluno-614;13;Menino;8.2282;9.0;9.1;7.52;8.6;8.563333333;5.0;-1;Fase 3 (7° e 8° ano);8.333333333;2023;FASE 2;1
RA-614;Aluno-614;14;Menino;7.8284999999666685;9.585;9.700000000000001;7.51;6.833333333333333;7.603333333;5.0;-1;Fase 4 (9° ano);7.916666667;2024;3U;1
RA-615;Aluno-615;9;Menina;8.086;9.5;9.7;7.5;7.3;6.889;10.0;0;;;2022;1;0
RA-615;Aluno-615;1900-01-10 00:00:00;Menina;7.815658333;10.0;9.7;3.14;7.6;8.616666667;5.0;-1;Fase 2 (5° e 6° ano);8.28125;2023;FASE 1;1
RA-616;Aluno-616;12;Menino;7.303;7.4;7.4;7.5;8.8;7.278;5.0;-2;;;2022;1;1
RA-616;Aluno-616;1900-01-13 00:00:00;Menino;5.612;0.0;6.6;5.02;6.8;6.783333333;5.0;-1;Fase 3 (7° e 8° ano);5.833333333;2023;FASE 2;1
RA-616;Aluno-616;14;Menino;5.457877193033333;7.5;3.087719298333333;6.885;3.8333333333333335;4.946666667;10.0;0;Fase 3 (7° e 8° ano);6.458333333;2024;3U;0
RA-617;Aluno-617;11;Menina;7.107;8.5;8.9;7.5;6.3;6.778;5.0;-1;;;2022;1;1
RA-617;Aluno-617;11;Menina;6.816166667;0.0;9.0;7.52;6.9;8.116666667;5.0;-1;Fase 2 (5° e 6° ano);7.708333333;2023;FASE 1;1
RA-618;Aluno-618;13;Menino;7.18;8.9;8.3;7.5;6.7;7.333;5.0;-2;;;2022;1;1
RA-618;Aluno-618;1900-01-14 00:00:00;Menino;6.4745;0.0;9.2;5.02;6.2;7.95;5.0;-2;Fase 4 (9° ano);8.125;2023;FASE 2;1
RA-618;Aluno-618;15;Menino;6.718348148233334;10.002;8.324074074;6.88;4.166666666666667;6.826666667;5.0;-2;Fase 5 (1° EM);6.666666667;2024;3K;1
RA-619;Aluno-619;11;Menina;7.693;9.5;8.0;7.5;9.0;7.333;5.0;-1;;;2022;1;1
RA-619;Aluno-619;11;Menina;7.891366667;9.0;7.1;3.77;9.0;8.116666667;10.0;0;Fase 2 (5° e 6° ano);7.708333333;2023;FASE 2;0
RA-62;Aluno-62;17;Menino;7.891;8.8;9.4;7.5;9.3;7.25;5.0;-2;;;2022;5;1
RA-62;Aluno-62;17;Menina;7.610333333;0.0;9.8;6.89;7.5;8.215;10.0;0;Fase 7 (3° EM);8.25;2023;FASE 7;0
RA-62;Aluno-62;18;Menina;;;0.0;;;;10.0;0;Fase 8 (Universitários);;2024;8F;0
RA-620;Aluno-620;12;Menino;6.018;0.0;7.5;7.5;6.8;6.833;5.0;-2;;;2022;1;1
RA-620;Aluno-620;13;Menino;7.043666667;6.8;8.4;7.52;6.2;7.503333333;5.0;-1;Fase 3 (7° e 8° ano);6.875;2023;FASE 2;1
RA-620;Aluno-620;14;Menino;5.766892063566667;8.334;3.9841269843333333;7.51;2.5;5.886666667;10.0;0;Fase 3 (7° e 8° ano);7.083333333;2024;3U;0
RA-621;Aluno-621;10;Menino;7.448;9.5;7.7;7.5;7.5;8.222;5.0;-1;;;2022;1;1
RA-622;Aluno-622;12;Menina;4.934;3.5;3.8;7.5;3.8;6.0;5.0;-2;;;2022;1;1
RA-623;Aluno-623;13;Menino;7.524;7.5;9.0;7.5;8.3;7.389;5.0;-2;;;2022;1;1
RA-623;Aluno-623;14;Menino;7.8307;10.0;9.5;7.52;7.3;7.446666667;5.0;-2;Fase 4 (9° ano);7.291666667;2023;FASE 2;1
RA-623;Aluno-623;15;Menino;6.357733333300001;8.334;7.3999999999999995;6.885;4.0;7.05;5.0;-1;Fase 4 (9° ano);6.458333333;2024;3U;1
RA-624;Aluno-624;10;Menino;7.425;9.0;8.9;7.5;6.8;7.722;5.0;-1;;;2022;1;1
RA-624;Aluno-624;1900-01-11 00:00:00;Menino;8.270825;9.0;9.2;7.52;8.6;8.39;5.0;-1;Fase 2 (5° e 6° ano);8.90625;2023;FASE 1;1
RA-624;Aluno-624;12;Menino;7.229425672900001;8.002;8.219461698;7.51;4.0;7.213333333;10.0;0;Fase 2 (5° e 6° ano);7.916666667;2024;2L;0
RA-625;Aluno-625;11;Menino;7.483;8.0;9.2;7.5;7.8;7.333;5.0;-1;;;2022;1;1
RA-626;Aluno-626;11;Menino;5.818;7.4;7.6;7.5;1.3;7.278;5.0;-1;;;2022;1;1
RA-626;Aluno-626;12;Menino;7.231033333;9.0;9.2;4.39;6.5;7.613333333;5.0;-1;Fase 3 (7° e 8° ano);7.291666667;2023;FASE 2;1
RA-626;Aluno-626;13;Menino;6.407590225500001;9.585;3.380451127666667;6.885;5.333333333333333;6.443333333;10.0;0;Fase 3 (7° e 8° ano);7.291666667;2024;3U;0
RA-627;Aluno-627;10;Menina;6.621;7.0;6.7;7.5;6.5;7.0;5.0;-1;;;2022;1;1
RA-628;Aluno-628;11;Menino;7.577;9.5;7.6;7.5;9.2;7.333;5.0;-1;;;2022;1;1
RA-628;Aluno-628;12;Menino;8.370325;9.5;8.9;7.52;9.4;8.45;5.0;-2;Fase 3 (7° e 8° ano);8.28125;2023;FASE 1;1
RA-628;Aluno-628;13;Menino;8.2366166666;9.002;10.0;7.51;9.0;7.833333333;5.0;-1;Fase 3 (7° e 8° ano);7.1875;2024;2U;1
RA-629;Aluno-629;9;Menino;8.11;9.0;10.0;7.5;7.0;7.278;10.0;0;;;2022;1;0
RA-629;Aluno-629;10;Menina;8.013866667;10.0;9.4;7.52;7.5;7.95;5.0;-1;Fase 2 (5° e 6° ano);7.916666667;2023;FASE 1;1
RA-629;Aluno-629;11;Menina;8.061295238200001;10.002;9.523809524;7.51;6.0;7.276666667;10.0;0;Fase 2 (5° e 6° ano);7.5;2024;2U;0
RA-63;Aluno-63;16;Menino;8.282;8.3;9.1;8.8;8.7;9.417;5.0;-1;;;2022;5;1
RA-63;Aluno-63;1900-01-17 00:00:00;Menino;8.0641;6.7;9.0;6.89;8.7;8.9675;5.0;-1;Fase 7 (3° EM);8.75;2023;FASE 6;1
RA-630;Aluno-630;9;Menino;8.064;9.5;9.2;7.5;7.3;7.278;10.0;0;;;2022;1;0
RA-630;Aluno-630;10;Menino;7.199991667;9.0;8.6;3.77;5.7;8.673333333;5.0;-1;Fase 2 (5° e 6° ano);8.28125;2023;FASE 1;1
RA-630;Aluno-630;11;Menino;6.879985507300001;0.0;8.4782608695;7.51;5.75;7.666666667;10.0;0;Fase 2 (5° e 6° ano);7.5;2024;2L;0
RA-631;Aluno-631;12;Menino;6.928;8.5;6.8;7.5;7.0;7.222;5.0;-2;;;2022;1;1
RA-631;Aluno-631;13;Menino;5.954666667;0.0;6.4;6.27;7.0;6.78;5.0;-1;Fase 3 (7° e 8° ano);7.916666667;2023;FASE 2;1
RA-631;Aluno-631;14;Menino;6.795673420466667;8.334;7.2122004356666665;8.75;4.166666666666667;6.245;10.0;0;Fase 3 (7° e 8° ano);5.625;2024;3L;0
RA-632;Aluno-632;10;Menina;6.996;8.5;9.3;6.9;6.3;6.722;5.0;-1;;;2022;1;1
RA-632;Aluno-632;11;Menina;7.8768;4.7;9.1;5.64;7.4;8.563333333;10.0;0;Fase 2 (5° e 6° ano);8.333333333;2023;FASE 2;0
RA-632;Aluno-632;12;Menina;7.515491249000001;7.917;8.999164578333334;6.875;4.166666666666667;7.875;10.0;0;Fase 3 (7° e 8° ano);8.28125;2024;3P;0
RA-633;Aluno-633;11;Menina;7.476;7.3;8.9;7.5;7.7;7.833;5.0;-1;;;2022;1;1
RA-633;Aluno-633;1900-01-12 00:00:00;Menina;6.6552;1.7;8.1;6.27;7.2;7.286666667;5.0;-1;Fase 3 (7° e 8° ano);8.541666667;2023;FASE 2;1
RA-633;Aluno-633;13;Menina;5.228470175466667;4.584;4.707017544;2.51;3.3333333333333335;6.1175;10.0;0;Fase 3 (7° e 8° ano);6.875;2024;3P;0
RA-634;Aluno-634;11;Menina;7.619;9.5;9.4;7.5;6.5;8.222;5.0;-1;;;2022;1;1
RA-635;Aluno-635;10;Menino;5.313;10.0;4.9;6.9;1.5;6.444;5.0;-1;;;2022;1;1
RA-636;Aluno-636;10;Menino;7.189;8.5;8.0;6.9;7.3;7.389;5.0;-1;;;2022;1;1
RA-636;Aluno-636;11;Menino;6.836666667;0.0;8.3;5.64;9.0;7.446666667;5.0;-1;Fase 2 (5° e 6° ano);8.333333333;2023;FASE 1;1
RA-636;Aluno-636;12;Menino;6.3802279106;8.002;4.9043062200000005;7.51;5.25;5.553333333;10.0;0;Fase 2 (5° e 6° ano);6.875;2024;2P;0
RA-637;Aluno-637;10;Menina;7.039;8.5;9.0;7.5;5.8;7.0;5.0;-1;;;2022;1;1
RA-637;Aluno-637;11;Menina;8.109533333;8.0;9.5;7.52;8.5;8.17;5.0;-1;Fase 2 (5° e 6° ano);8.333333333;2023;FASE 1;1
RA-637;Aluno-637;12;Menina;7.6853212122;7.502;6.2272727275;7.51;7.75;7.776666667;10.0;0;Fase 2 (5° e 6° ano);8.333333333;2024;2P;0
RA-638;Aluno-638;9;Menina;7.059;8.5;9.3;7.5;3.9;6.278;10.0;0;;;2022;1;0
RA-638;Aluno-638;1900-01-10 00:00:00;Menina;7.754866667;9.0;9.4;7.52;6.5;7.946666667;5.0;-1;Fase 2 (5° e 6° ano);8.333333333;2023;FASE 1;1
RA-638;Aluno-638;11;Menina;6.7464878789;8.502;5.7272727275;7.51;5.0;5.936666667;10.0;0;Fase 2 (5° e 6° ano);8.125;2024;2P;0
RA-639;Aluno-639;10;Menina;6.613;8.5;7.4;7.5;5.5;6.611;5.0;-1;;;2022;1;1
RA-639;Aluno-639;11;Menina;7.5853;7.4;8.1;6.27;6.3;7.62;10.0;0;Fase 2 (5° e 6° ano);8.125;2023;FASE 2;0
RA-639;Aluno-639;12;Menina;5.7693807644;7.917;5.278195488666667;2.51;3.8333333333333335;6.1625;10.0;0;Fase 3 (7° e 8° ano);6.71875;2024;3P;0
RA-64;Aluno-64;16;Menino;7.368;7.1;8.1;8.1;7.5;8.25;5.0;-1;;;2022;5;1
RA-64;Aluno-64;1900-01-17 00:00:00;Menina;7.452541667;7.5;9.2;6.89;6.7;7.9625;5.0;-1;Fase 7 (3° EM);7.34375;2023;FASE 6;1
RA-64;Aluno-64;18;Menina;8.743607059266667;10.002;8.980785296666667;8.135;8.166666666666666;8.283333333;10.0;0;Fase 7 (3° EM);8.4375;2024;7A;0
RA-640;Aluno-640;11;Menina;6.73;9.0;8.4;7.5;4.8;6.778;5.0;-1;;;2022;1;1
RA-640;Aluno-640;12;Menina;6.1105;0.0;7.3;7.52;4.9;8.446666667;5.0;-2;Fase 3 (7° e 8° ano);7.291666667;2023;FASE 1;1
RA-641;Aluno-641;9;Menina;7.776;9.0;9.3;7.5;6.5;6.778;10.0;0;;;2022;1;0
RA-642;Aluno-642;10;Menina;7.75;10.0;9.7;6.9;7.3;7.778;5.0;-1;;;2022;1;1
RA-642;Aluno-642;1900-01-11 00:00:00;Menina;8.416866667;9.5;9.2;6.27;6.5;9.173333333;10.0;0;Fase 2 (5° e 6° ano);8.75;2023;FASE 2;0
RA-642;Aluno-642;12;Menina;7.082591269866667;9.585;9.149206349333333;3.76;4.0;6.9975;10.0;0;Fase 3 (7° e 8° ano);7.1875;2024;3P;0
RA-643;Aluno-643;10;Menino;6.763;9.0;8.0;7.5;6.2;6.722;5.0;-1;;;2022;1;1
RA-643;Aluno-643;1900-01-11 00:00:00;Menino;7.389033333;9.5;8.2;7.52;7.1;7.613333333;5.0;-1;Fase 2 (5° e 6° ano);6.041666667;2023;FASE 1;1
RA-643;Aluno-643;12;Menino;6.402239075100001;9.002;6.8660287085;7.51;4.5;5.826666667;5.0;-1;Fase 3 (7° e 8° ano);8.125;2024;2P;1
RA-644;Aluno-644;11;Menina;7.83;9.5;8.0;7.5;8.8;8.278;5.0;-1;;;2022;1;1
RA-644;Aluno-644;1900-01-12 00:00:00;Menina;6.897033333;10.0;5.6;7.52;5.9;7.503333333;5.0;-1;Fase 3 (7° e 8° ano);8.541666667;2023;FASE 2;1
RA-645;Aluno-645;10;Menina;6.086;8.5;8.1;7.5;2.0;6.833;5.0;-1;;;2022;1;1
RA-645;Aluno-645;11;Menina;7.613033333;9.0;8.5;6.27;7.3;8.116666667;5.0;-1;Fase 2 (5° e 6° ano);8.125;2023;FASE 1;1
RA-645;Aluno-645;12;Menina;7.502239394;7.418;8.3863636365;7.51;5.25;7.556666667;10.0;0;Fase 2 (5° e 6° ano);7.708333333;2024;2P;0
RA-646;Aluno-646;13;Menino;8.181;8.5;9.8;8.1;8.4;8.389;5.0;-2;;;2022;1;1
RA-646;Aluno-646;13;Menino;8.3547;10.0;8.9;7.52;8.4;8.783333333;5.0;-1;Fase 3 (7° e 8° ano);8.958333333;2023;FASE 2;1
RA-646;Aluno-646;14;Menino;7.715491666666668;10.002;9.266666666666667;7.51;6.166666666666667;7.7475;5.0;-1;Fase 4 (9° ano);8.28125;2024;3P;1
RA-647;Aluno-647;10;Menino;6.606;9.5;8.6;7.5;3.3;7.278;5.0;-1;;;2022;1;1
RA-647;Aluno-647;1900-01-10 00:00:00;Menina;7.100566667;7.3;8.7;6.27;5.2;8.446666667;5.0;-1;Fase 2 (5° e 6° ano);7.708333333;2023;FASE 1;1
RA-648;Aluno-648;12;Menino;6.736;9.0;7.5;6.9;5.3;7.5;5.0;-2;;;2022;1;1
RA-649;Aluno-649;12;Menina;7.302;8.5;8.9;5.6;7.4;7.611;5.0;-2;;;2022;1;1
RA-649;Aluno-649;1900-01-13 00:00:00;Menina;7.579533333;9.0;9.3;3.77;6.5;8.836666667;5.0;-1;Fase 3 (7° e 8° ano);8.75;2023;FASE 2;1
RA-649;Aluno-649;14;Menina;6.985329691766667;8.751;6.004481792666667;8.76;3.6666666666666665;7.333333333;10.0;0;Fase 3 (7° e 8° ano);8.333333333;2024;3R;0
RA-65;Aluno-65;17;Menina;7.712;8.3;7.7;7.5;9.3;7.875;5.0;-2;;;2022;5;1
RA-650;Aluno-650;11;Menina;7.004;6.9;8.7;5.6;6.9;7.5;5.0;-1;;;2022;1;1
RA-651;Aluno-651;10;Menina;7.866;8.5;9.3;7.5;7.8;8.333;5.0;-1;;;2022;1;1
RA-651;Aluno-651;1900-01-11 00:00:00;Menina;7.332;0.0;8.2;3.77;9.3;7.95;10.0;0;Fase 2 (5° e 6° ano);8.75;2023;FASE 2;0
RA-651;Aluno-651;12;Menina;8.689300000100001;9.168;10.0;7.51;7.5;8.336666667;10.0;1;Fase 2 (5° e 6° ano);8.541666667;2024;3K;0
RA-652;Aluno-652;9;Menina;8.151;8.0;9.6;7.5;7.8;7.5;10.0;0;;;2022;1;0
RA-652;Aluno-652;1900-01-10 00:00:00;Menina;7.871033333;9.0;9.4;6.89;7.0;8.446666667;5.0;-1;Fase 2 (5° e 6° ano);8.125;2023;FASE 1;1
RA-652;Aluno-652;11;Menina;7.361896969700001;8.002;6.931818182000001;7.51;5.5;7.663333333;10.0;0;Fase 2 (5° e 6° ano);7.916666667;2024;2P;0
RA-653;Aluno-653;11;Menina;8.101;9.5;9.6;7.5;9.3;7.5;5.0;-1;;;2022;1;1
RA-653;Aluno-653;12;Menina;7.385666667;0.0;9.8;6.27;7.9;9.06;5.0;-1;Fase 3 (7° e 8° ano);9.166666667;2023;FASE 2;1
RA-653;Aluno-653;13;Menina;8.103217647033333;8.751;9.537254901999999;8.76;5.166666666666667;7.89;10.0;0;Fase 3 (7° e 8° ano);8.333333333;2024;3R;0
RA-654;Aluno-654;12;Menina;7.308;8.5;8.6;7.5;6.8;7.556;5.0;-2;;;2022;1;1
RA-655;Aluno-655;12;Menina;7.785;7.5;9.2;7.5;8.3;8.389;5.0;-2;;;2022;1;1
RA-655;Aluno-655;13;Menina;8.3198;7.4;9.9;7.52;8.3;8.896666667;5.0;-1;Fase 3 (7° e 8° ano);9.166666667;2023;FASE 2;1
RA-655;Aluno-655;14;Menina;8.238600000066668;7.501;10.0;8.76;6.833333333333333;7.166666667;10.0;0;Fase 3 (7° e 8° ano);8.125;2024;3R;0
RA-656;Aluno-656;11;Menina;6.652;7.4;7.5;5.6;6.3;7.5;5.0;-1;;;2022;1;1
RA-656;Aluno-656;12;Menina;6.780833333;0.0;8.9;7.52;7.3;7.173333333;5.0;-1;Fase 3 (7° e 8° ano);8.541666667;2023;FASE 2;1
RA-656;Aluno-656;13;Menina;6.668152941266667;9.168;5.978431372666667;7.51;4.166666666666667;6.106666667;10.0;0;Fase 3 (7° e 8° ano);7.5;2024;3R;0
RA-657;Aluno-657;12;Menina;8.093;9.5;9.8;7.5;9.0;7.5;5.0;-2;;;2022;1;1
RA-657;Aluno-657;1900-01-12 00:00:00;Menina;8.3532;8.5;10.0;7.52;8.2;8.73;5.0;-1;Fase 3 (7° e 8° ano);8.75;2023;FASE 2;1
RA-657;Aluno-657;13;Menina;8.207433333400001;8.751;9.6;6.885;7.5;7.056666667;10.0;0;Fase 3 (7° e 8° ano);8.125;2024;3R;0
RA-658;Aluno-658;10;Menina;7.407;10.0;9.3;7.5;5.6;7.917;5.0;-1;;;2022;1;1
RA-658;Aluno-658;10;Menina;8.438533333;9.5;9.5;7.52;6.1;9.173333333;10.0;0;Fase 2 (5° e 6° ano);7.916666667;2023;FASE 2;0
RA-658;Aluno-658;12;Menina;7.507033333333333;8.751;10.0;8.135;3.6666666666666665;6.738;10.0;1;Fase 2 (5° e 6° ano);7.375;2024;3M;0
RA-659;Aluno-659;10;Menina;7.783;8.0;7.8;7.5;9.3;8.333;5.0;-1;;;2022;1;1
RA-66;Aluno-66;17;Menina;5.665;7.5;5.6;7.5;4.5;5.917;5.0;-2;;;2022;5;1
RA-660;Aluno-660;9;Menina;8.363;9.5;9.0;7.5;6.9;9.083;10.0;0;;;2022;1;0
RA-661;Aluno-661;11;Menino;7.593;9.0;8.3;7.5;7.8;7.917;5.0;-1;;;2022;1;1
RA-661;Aluno-661;1900-01-11 00:00:00;Menino;6.846333333;0.0;7.7;6.89;6.5;7.836666667;10.0;0;Fase 2 (5° e 6° ano);7.5;2023;FASE 2;0
RA-662;Aluno-662;11;Menina;7.044;9.0;8.8;7.5;6.8;6.083;5.0;-1;;;2022;1;1
RA-662;Aluno-662;12;Menina;6.733566667;6.8;7.6;6.27;6.7;6.72;5.0;-1;Fase 3 (7° e 8° ano);7.291666667;2023;FASE 2;1
RA-662;Aluno-662;13;Menina;7.1074778554666675;7.917;7.6107226106666666;7.51;4.166666666666667;7.234;10.0;0;Fase 3 (7° e 8° ano);7.625;2024;3M;0
RA-663;Aluno-663;10;Menino;6.376;6.9;8.7;7.5;5.8;5.25;5.0;-1;;;2022;1;1
RA-663;Aluno-663;11;Menino;6.969133333;6.9;7.4;7.52;7.0;7.393333333;5.0;-1;Fase 2 (5° e 6° ano);6.666666667;2023;FASE 1;1
RA-663;Aluno-663;12;Menino;6.696419461700001;8.502;7.0910973085;5.625;6.5;6.89;5.0;-1;Fase 3 (7° e 8° ano);6.875;2024;2L;1
RA-664;Aluno-664;10;Menina;7.277;9.5;8.8;7.5;6.3;7.167;5.0;-1;;;2022;1;1
RA-664;Aluno-664;11;Menina;8.0872;9.0;9.6;7.52;8.0;8.116666667;5.0;-1;Fase 2 (5° e 6° ano);7.916666667;2023;FASE 1;1
RA-664;Aluno-664;12;Menina;7.5017244089;9.002;6.7734553775;7.51;5.75;7.666666667;10.0;0;Fase 2 (5° e 6° ano);8.125;2024;2N;0
RA-665;Aluno-665;11;Menina;6.996;9.0;7.4;7.5;6.8;7.25;5.0;-1;;;2022;1;1
RA-665;Aluno-665;1900-01-11 00:00:00;Menina;6.185658333;9.5;4.9;2.52;5.2;8.226666667;5.0;-1;Fase 2 (5° e 6° ano);8.28125;2023;FASE 1;1
RA-665;Aluno-665;12;Menina;5.698703030200001;8.334;5.068181818;5.63;4.75;5.443333333;5.0;-1;Fase 3 (7° e 8° ano);7.5;2024;2M;1
RA-666;Aluno-666;10;Menino;7.929;9.5;9.1;7.5;7.8;8.833;5.0;-1;;;2022;1;1
RA-666;Aluno-666;1900-01-11 00:00:00;Menino;8.720366667;9.5;9.1;7.52;7.1;9.62;10.0;0;Fase 2 (5° e 6° ano);8.541666667;2023;FASE 2;0
RA-666;Aluno-666;12;Menino;8.185838802933334;10.002;7.881527348;7.51;7.166666666666667;8.375;10.0;0;Fase 3 (7° e 8° ano);7.5;2024;3L;0
RA-667;Aluno-667;11;Menino;5.844;8.5;5.6;7.5;4.5;5.833;5.0;-1;;;2022;1;1
RA-667;Aluno-667;12;Menino;6.774866667;9.0;6.9;6.89;5.2;7.836666667;5.0;-1;Fase 3 (7° e 8° ano);7.083333333;2023;FASE 2;1
RA-667;Aluno-667;13;Menino;7.177130604266668;9.168;7.038986354666666;7.51;4.666666666666667;6.966;10.0;0;Fase 3 (7° e 8° ano);7.75;2024;3M;0
RA-668;Aluno-668;11;Menino;4.365;6.9;3.3;7.5;2.8;3.75;5.0;-1;;;2022;1;1
RA-668;Aluno-668;12;Menino;6.017933333;6.3;6.3;7.52;3.4;7.616666667;5.0;-1;Fase 3 (7° e 8° ano);6.875;2023;FASE 2;1
RA-669;Aluno-669;11;Menino;7.475;9.0;9.7;7.5;6.0;7.833;5.0;-1;;;2022;1;1
RA-669;Aluno-669;11;Menino;7.345033333;8.5;7.8;7.52;5.0;7.06;10.0;0;Fase 2 (5° e 6° ano);7.708333333;2023;FASE 2;0
RA-669;Aluno-669;12;Menino;6.6438703703;7.5;4.851851851666666;7.51;5.333333333333333;6.883333333;10.0;0;Fase 3 (7° e 8° ano);7.291666667;2024;3K;0
RA-67;Aluno-67;16;Menina;5.195;5.8;3.0;7.5;3.6;6.889;5.0;-1;;;2022;5;1
RA-670;Aluno-670;10;Menina;7.451;8.0;8.8;7.5;6.9;8.167;5.0;-1;;;2022;1;1
RA-670;Aluno-670;1900-01-11 00:00:00;Menina;8.6067;9.5;8.7;7.52;7.0;9.343333333;10.0;0;Fase 2 (5° e 6° ano);8.958333333;2023;FASE 2;0
RA-670;Aluno-670;12;Menina;8.8602539683;9.585;9.441269841333334;7.51;8.666666666666666;8.166666667;10.0;1;Fase 2 (5° e 6° ano);8.958333333;2024;3U;0
RA-671;Aluno-671;9;Menino;7.617;8.5;8.2;8.1;8.8;7.417;5.0;-1;;;2022;0;1
RA-671;Aluno-671;1900-01-10 00:00:00;Menino;6.5143;7.9;8.3;3.14;7.8;5.68;5.0;-2;Fase 2 (5° e 6° ano);5.625;2023;ALFA;1
RA-672;Aluno-672;9;Menina;7.48;8.5;8.5;8.1;8.8;6.75;5.0;-1;;;2022;0;1
RA-672;Aluno-672;10;Menina;6.5623;7.9;9.5;2.52;6.4;6.43;5.0;-2;Fase 2 (5° e 6° ano);5.625;2023;ALFA;1
RA-672;Aluno-672;11;Menina;4.2118138341;7.918;3.9525691700000003;6.26;0.0;4.496666667;5.0;-1;Fase 2 (5° e 6° ano);6.041666667;2024;1H;1
RA-673;Aluno-673;8;Menina;8.65;8.5;9.2;8.1;9.2;8.583;10.0;0;;;2022;0;0
RA-674;Aluno-674;8;Menino;7.862;9.5;8.7;8.1;8.0;6.333;10.0;0;;;2022;0;0
RA-674;Aluno-674;9;Menino;6.6328;7.9;8.5;3.77;5.2;8.67;5.0;-1;Fase 1 (3° e 4° ano);5.0;2023;ALFA;1
RA-675;Aluno-675;8;Menino;7.576;10.0;6.6;8.1;7.4;7.083;10.0;0;;;2022;0;0
RA-675;Aluno-675;1900-01-08 00:00:00;Menino;8.3577;10.0;8.0;7.52;8.3;8.34;10.0;0;ALFA (1° e 2° ano);6.875;2023;ALFA;0
RA-676;Aluno-676;9;Menino;7.911;8.5;8.6;8.1;9.3;8.167;5.0;-1;;;2022;0;1
RA-677;Aluno-677;8;Menina;8.358;10.0;9.4;7.5;7.3;8.583;10.0;0;;;2022;0;0
RA-677;Aluno-677;9;Menina;8.5257;10.0;8.2;10.0;8.7;9.84;5.0;-1;Fase 1 (3° e 4° ano);6.875;2023;ALFA;1
RA-678;Aluno-678;9;Menino;8.0;9.0;10.0;6.9;7.3;9.5;5.0;-1;;;2022;0;1
RA-678;Aluno-678;10;Menino;7.570158333;8.0;8.8;6.27;7.3;8.336666667;5.0;-1;Fase 2 (5° e 6° ano);7.65625;2023;FASE 1;1
RA-679;Aluno-679;10;Menino;7.172;9.0;8.2;7.5;6.3;7.833;5.0;-2;;;2022;0;1
RA-679;Aluno-679;11;Menino;6.138366667;7.5;7.5;5.02;3.6;7.393333333;5.0;-1;Fase 2 (5° e 6° ano);6.875;2023;FASE 1;1
RA-68;Aluno-68;16;Menino;6.438;8.3;6.0;7.5;4.0;7.944;5.0;-1;;;2022;5;1
RA-680;Aluno-680;10;Menina;7.518;9.5;8.8;7.5;7.4;7.75;5.0;-2;;;2022;0;1
RA-680;Aluno-680;1900-01-11 00:00:00;Menina;6.5855;0.0;9.1;7.52;6.4;7.78;5.0;-1;Fase 2 (5° e 6° ano);6.875;2023;FASE 1;1
RA-680;Aluno-680;12;Menina;4.9800714287000005;0.0;6.6428571430000005;5.635;3.0;6.606666667;5.0;-1;Fase 3 (7° e 8° ano);6.666666667;2024;2A;1
RA-681;Aluno-681;10;Menino;7.204;8.5;8.5;6.9;6.5;8.0;5.0;-2;;;2022;0;1
RA-681;Aluno-681;10;Menino;6.2955;0.0;7.8;3.77;8.3;8.18;5.0;-2;Fase 2 (5° e 6° ano);5.625;2023;ALFA;1
RA-681;Aluno-681;11;Menino;6.0398818182000005;9.502;7.840909091;6.26;2.5;6.665;5.0;-1;Fase 2 (5° e 6° ano);5.625;2024;1C;1
RA-682;Aluno-682;11;Menino;7.625;9.5;9.1;7.5;7.0;8.083;5.0;-2;;;2022;0;1
RA-683;Aluno-683;10;Menino;6.011;7.9;5.0;7.5;4.0;8.083;5.0;-2;;;2022;0;1
RA-684;Aluno-684;7;Menino;8.26;9.5;7.5;8.1;9.3;7.917;10.0;0;;;2022;0;0
RA-684;Aluno-684;8;Menino;7.4277;9.0;8.1;7.52;6.5;5.84;10.0;0;ALFA (1° e 2° ano);6.875;2023;ALFA;0
RA-684;Aluno-684;9;Menino;7.769381818200001;10.002;9.090909091;7.51;4.25;8.0;10.0;0;Fase 1 (3° e 4° ano);7.5;2024;1C;0
RA-685;Aluno-685;9;Menino;6.864;9.0;6.2;5.0;8.0;7.833;5.0;-1;;;2022;0;1
RA-686;Aluno-686;9;Menina;7.729;7.5;8.6;8.1;8.8;8.083;5.0;-1;;;2022;0;1
RA-686;Aluno-686;10;Menina;7.9642;8.5;9.0;7.52;8.0;8.56;5.0;-1;Fase 2 (5° e 6° ano);7.5;2023;FASE 1;1
RA-686;Aluno-686;11;Menina;8.040259523700001;8.002;8.7857142855;6.885;7.25;7.503333333;10.0;0;Fase 2 (5° e 6° ano);8.4375;2024;2C;0
RA-687;Aluno-687;9;Menino;7.703;8.5;9.0;8.1;8.3;8.0;5.0;-1;;;2022;0;1
RA-687;Aluno-687;10;Menino;7.617533333;8.0;9.0;7.52;6.9;8.226666667;5.0;-1;Fase 2 (5° e 6° ano);7.5;2023;FASE 1;1
RA-687;Aluno-687;11;Menino;8.2739844611;7.502;9.2355889725;7.51;7.25;8.003333333;10.0;0;Fase 2 (5° e 6° ano);8.75;2024;2D;0
RA-688;Aluno-688;9;Menino;7.771;8.5;9.7;7.5;7.9;7.917;5.0;-1;;;2022;0;1
RA-688;Aluno-688;10;Menino;8.0442;8.5;9.3;7.52;8.6;8.06;5.0;-1;Fase 2 (5° e 6° ano);7.5;2023;FASE 1;1
RA-688;Aluno-688;11;Menino;8.986533333300002;9.502;10.0;8.13;7.5;9.45;10.0;0;Fase 2 (5° e 6° ano);8.333333333;2024;2B;0
RA-689;Aluno-689;9;Menina;6.433;7.4;7.9;5.6;5.8;6.667;5.0;-1;;;2022;0;1
RA-69;Aluno-69;16;Menino;5.718;8.3;6.1;7.5;2.5;6.167;5.0;-1;;;2022;5;1
RA-690;Aluno-690;9;Menina;7.541;9.5;9.5;7.5;7.0;7.417;5.0;-1;;;2022;0;1
RA-690;Aluno-690;1900-01-10 00:00:00;Menina;8.6112;9.0;9.8;6.89;9.1;10.01;5.0;-2;Fase 2 (5° e 6° ano);7.5;2023;ALFA;1
RA-690;Aluno-690;11;Menina;7.3853681818000005;7.918;8.409090909;7.51;6.25;7.835;5.0;-1;Fase 2 (5° e 6° ano);8.4375;2024;1E;1
RA-691;Aluno-691;8;Menina;8.68;10.0;9.2;8.1;9.4;7.917;10.0;0;;;2022;0;0
RA-692;Aluno-692;9;Menina;7.569;9.5;8.9;8.1;6.9;7.917;5.0;-1;;;2022;0;1
RA-692;Aluno-692;10;Menina;6.588466667;7.4;7.7;7.52;4.6;7.39;5.0;-1;Fase 2 (5° e 6° ano);6.666666667;2023;FASE 1;1
RA-693;Aluno-693;7;Menina;7.944;9.5;9.8;8.1;5.7;7.667;10.0;0;;;2022;0;0
RA-693;Aluno-693;1900-01-08 00:00:00;Menina;9.0112;10.0;9.4;6.89;8.5;10.01;10.0;0;ALFA (1° e 2° ano);7.5;2023;ALFA;0
RA-693;Aluno-693;9;Menina;8.9079954545;10.002;9.5227272725;9.38;8.0;8.42;10.0;0;Fase 1 (3° e 4° ano);7.8125;2024;1C;0
RA-694;Aluno-694;8;Menino;8.378;10.0;9.0;8.1;8.1;7.917;10.0;0;;;2022;0;0
RA-695;Aluno-695;8;Menina;4.28;9.0;3.1;7.5;2.5;2.5;10.0;0;;;2022;0;0
RA-696;Aluno-696;9;Menina;7.441;8.5;9.0;7.5;6.6;8.167;5.0;-1;;;2022;0;1
RA-696;Aluno-696;1900-01-09 00:00:00;Menina;7.172666667;0.0;9.4;5.02;6.7;8.503333333;10.0;0;Fase 1 (3° e 4° ano);7.5;2023;FASE 1;0
RA-696;Aluno-696;10;Menina;7.482680952299999;7.418;7.845238095;7.51;5.25;8.0;10.0;0;Fase 2 (5° e 6° ano);7.708333333;2024;2B;0
RA-697;Aluno-697;11;Menino;7.675;7.0;9.3;7.5;8.4;8.083;5.0;-2;;;2022;0;1
RA-698;Aluno-698;9;Menino;7.44;9.0;9.8;2.5;8.1;8.083;5.0;-1;;;2022;0;1
RA-698;Aluno-698;9;Menino;7.553616667;8.5;9.9;2.52;5.7;8.113333333;10.0;0;Fase 1 (3° e 4° ano);7.1875;2023;FASE 1;0
RA-698;Aluno-698;10;Menino;7.3363190476;9.002;8.3214285715;6.88;4.5;7.273333333;10.0;0;Fase 2 (5° e 6° ano);7.291666667;2024;2A;0
RA-699;Aluno-699;9;Menino;6.658;5.2;9.2;7.5;7.1;6.0;5.0;-1;;;2022;0;1
RA-699;Aluno-699;10;Menino;6.389991667;8.5;8.3;3.77;6.0;6.173333333;5.0;-1;Fase 2 (5° e 6° ano);5.78125;2023;FASE 1;1
RA-699;Aluno-699;11;Menino;6.427771212000001;6.334;7.727272727000001;6.26;6.5;5.833333333;5.0;-1;Fase 2 (5° e 6° ano);6.5625;2024;1A;1
RA-7;Aluno-7;18;Menino;6.818;0.0;8.4;7.5;7.6;7.667;5.0;-1;;;2022;7;1
RA-7;Aluno-7;1900-01-19 00:00:00;Menino;;;;;;;10.0;0;Fase 8 (Universitários);;2023;FASE 8;0
RA-7;Aluno-7;20;Menino;;;0.0;;;;10.0;0;Fase 8 (Universitários);;2024;8E;0
RA-70;Aluno-70;16;Menina;5.712;8.8;6.6;5.0;2.9;6.111;5.0;-1;;;2022;5;1
RA-70;Aluno-70;17;Menina;6.869133333;9.2;9.2;5.0;4.3;7.545;5.0;-2;Fase 7 (3° EM);7.5;2023;FASE 5;1
RA-700;Aluno-700;9;Menina;7.738;9.0;8.7;7.5;9.2;7.083;5.0;-1;;;2022;0;1
RA-700;Aluno-700;9;Menina;8.2852;9.5;9.7;7.52;7.8;9.84;5.0;-1;Fase 1 (3° e 4° ano);6.25;2023;ALFA;1
RA-700;Aluno-700;11;Menina;7.005745454500001;8.502;9.564393939;5.635;5.25;7.0;5.0;-1;Fase 2 (5° e 6° ano);7.291666667;2024;1G;1
RA-701;Aluno-701;10;Menino;7.755;9.0;9.3;7.5;8.7;7.417;5.0;-2;;;2022;0;1
RA-701;Aluno-701;1900-01-11 00:00:00;Menino;7.3982;9.5;9.9;3.77;7.2;7.68;5.0;-2;Fase 2 (5° e 6° ano);6.25;2023;ALFA;1
RA-702;Aluno-702;8;Menina;7.387;10.0;8.6;5.0;6.8;7.0;10.0;0;;;2022;0;0
RA-702;Aluno-702;1900-01-09 00:00:00;Menina;8.239866667;10.0;10.0;5.63;9.3;7.833333333;5.0;-1;Fase 1 (3° e 4° ano);7.5;2023;ALFA;1
RA-702;Aluno-702;10;Menina;7.665116666600001;9.002;9.75;2.51;9.25;7.163333333;5.0;-2;Fase 2 (5° e 6° ano);7.8125;2024;ALFA;1
RA-703;Aluno-703;10;Menino;6.099;7.5;7.4;5.0;5.1;6.833;5.0;-2;;;2022;0;1
RA-703;Aluno-703;11;Menino;6.2737;9.5;8.4;3.14;4.6;6.16;5.0;-2;Fase 2 (5° e 6° ano);6.875;2023;ALFA;1
RA-704;Aluno-704;10;Menino;6.741;9.0;8.6;5.0;7.2;6.583;5.0;-2;;;2022;0;1
RA-704;Aluno-704;1900-01-11 00:00:00;Menino;6.8297;10.0;9.9;3.14;6.1;6.265;5.0;-2;Fase 2 (5° e 6° ano);5.625;2023;ALFA;1
RA-704;Aluno-704;12;Menino;6.8121156785000005;7.502;8.646245059;5.635;6.5;6.616666667;5.0;-1;Fase 2 (5° e 6° ano);6.458333333;2024;1H;1
RA-705;Aluno-705;10;Menino;6.634;9.5;6.2;7.5;7.1;6.333;5.0;-2;;;2022;0;1
RA-705;Aluno-705;10;Menino;6.982;0.0;8.3;6.89;8.8;8.165;5.0;-2;Fase 2 (5° e 6° ano);7.5;2023;ALFA;1
RA-705;Aluno-705;12;Menino;5.294247619100001;9.002;6.4285714285;5.005;3.5;4.226666667;5.0;-1;Fase 2 (5° e 6° ano);5.625;2024;1H;1
RA-706;Aluno-706;10;Menina;7.659;9.5;6.7;7.5;9.1;8.417;5.0;-2;;;2022;0;1
RA-706;Aluno-706;1900-01-10 00:00:00;Menina;7.1527;9.0;7.8;4.39;7.3;8.08;5.0;-2;Fase 2 (5° e 6° ano);6.875;2023;ALFA;1
RA-706;Aluno-706;11;Menina;5.8701964286;0.0;7.1428571430000005;6.26;3.25;7.0;10.0;0;Fase 2 (5° e 6° ano);7.65625;2024;2G;0
RA-707;Aluno-707;10;Menina;7.679;10.0;8.1;6.9;8.5;8.083;5.0;-2;;;2022;0;1
RA-707;Aluno-707;1900-01-11 00:00:00;Menina;6.518;0.0;9.8;3.77;6.5;7.946666667;5.0;-1;Fase 2 (5° e 6° ano);7.916666667;2023;FASE 1;1
RA-707;Aluno-707;12;Menina;6.4975618421000005;7.917;7.7236842105;4.375;6.5;6.415;5.0;-1;Fase 3 (7° e 8° ano);6.40625;2024;2G;1
RA-708;Aluno-708;9;Menino;7.282;8.0;8.4;7.5;7.3;7.583;5.0;-1;;;2022;0;1
RA-708;Aluno-708;9;Menino;7.5105;0.0;9.8;7.52;9.2;8.28;5.0;-1;Fase 1 (3° e 4° ano);8.125;2023;ALFA;1
RA-709;Aluno-709;10;Menina;5.313;9.5;3.5;7.5;2.3;7.083;5.0;-2;;;2022;0;1
RA-709;Aluno-709;11;Menina;6.6927;10.0;7.9;7.52;4.9;6.59;5.0;-2;Fase 2 (5° e 6° ano);5.625;2023;ALFA;1
RA-709;Aluno-709;12;Menina;6.833780895800001;7.418;7.994071146;7.51;6.0;6.773333333;5.0;-1;Fase 2 (5° e 6° ano);6.875;2024;1H;1
RA-71;Aluno-71;17;Menina;4.332;7.9;2.0;7.5;1.2;5.833;5.0;-2;;;2022;5;1
RA-71;Aluno-71;1900-01-18 00:00:00;Menina;7.3651;6.7;9.8;6.26;6.6;7.7125;5.0;-2;Fase 8 (Universitários);7.5;2023;FASE 6;1
RA-710;Aluno-710;10;Menino;7.285;9.5;8.9;5.0;6.9;8.0;5.0;-2;;;2022;0;1
RA-710;Aluno-710;1900-01-11 00:00:00;Menino;7.0582;9.5;9.0;3.77;6.5;7.113333333;5.0;-1;Fase 2 (5° e 6° ano);7.083333333;2023;FASE 1;1
RA-710;Aluno-710;12;Menino;7.0366241342;9.168;8.170995671;5.625;6.75;6.5375;5.0;-1;Fase 3 (7° e 8° ano);7.65625;2024;2G;1
RA-711;Aluno-711;9;Menino;6.04;9.0;7.9;6.3;3.5;6.0;5.0;-1;;;2022;0;1
RA-712;Aluno-712;11;Menino;6.026;8.0;5.1;5.0;8.0;5.833;5.0;-2;;;2022;0;1
RA-712;Aluno-712;12;Menino;6.331533333;9.5;5.6;3.14;6.7;6.836666667;5.0;-2;Fase 3 (7° e 8° ano);7.5;2023;FASE 1;1
RA-712;Aluno-712;13;Menino;6.2236373706000006;7.502;5.983436853;5.625;6.75;6.04;5.0;-1;Fase 3 (7° e 8° ano);6.5625;2024;2H;1
RA-713;Aluno-713;9;Menino;7.42;10.0;8.7;7.5;7.8;7.25;5.0;-1;;;2022;0;1
RA-713;Aluno-713;10;Menino;7.408033333;8.0;9.6;3.77;7.5;8.166666667;5.0;-1;Fase 2 (5° e 6° ano);6.875;2023;FASE 1;1
RA-713;Aluno-713;11;Menino;7.467500983400001;8.002;7.525879916999999;7.51;6.75;6.79;10.0;0;Fase 2 (5° e 6° ano);7.03125;2024;2H;0
RA-714;Aluno-714;11;Menino;6.953;9.0;6.9;5.6;8.0;7.25;5.0;-2;;;2022;0;1
RA-714;Aluno-714;12;Menino;6.078666667;0.0;8.0;3.14;7.4;7.223333333;5.0;-2;Fase 3 (7° e 8° ano);7.5;2023;FASE 1;1
RA-714;Aluno-714;13;Menino;5.4653662008;0.0;6.873706004;6.255;4.0;6.9975;5.0;-1;Fase 3 (7° e 8° ano);7.65625;2024;2H;1
RA-715;Aluno-715;9;Menina;6.656;8.5;8.7;4.4;4.9;7.917;5.0;-1;;;2022;0;1
RA-715;Aluno-715;1900-01-10 00:00:00;Menina;5.8915;0.0;9.5;3.14;5.4;7.675;5.0;-2;Fase 2 (5° e 6° ano);5.625;2023;ALFA;1
RA-715;Aluno-715;11;Menina;5.3098253133;9.002;5.250626566499999;3.755;2.75;4.67;10.0;0;Fase 2 (5° e 6° ano);5.0;2024;2I;0
RA-716;Aluno-716;9;Menino;6.525;8.9;8.1;7.5;6.7;5.417;5.0;-1;;;2022;0;1
RA-716;Aluno-716;10;Menino;6.813366667;9.0;8.7;3.77;5.6;7.443333333;5.0;-1;Fase 2 (5° e 6° ano);6.875;2023;FASE 1;1
RA-716;Aluno-716;11;Menino;6.2372943675000005;9.002;5.5335968375;7.51;5.75;5.7875;5.0;-1;Fase 2 (5° e 6° ano);6.71875;2024;1J;1
RA-717;Aluno-717;10;Menina;6.832;9.0;7.3;7.5;5.4;7.917;5.0;-2;;;2022;0;1
RA-717;Aluno-717;11;Menina;6.633833333;0.0;8.5;7.52;5.9;8.446666667;5.0;-1;Fase 2 (5° e 6° ano);8.125;2023;FASE 1;1
RA-718;Aluno-718;8;Menina;8.093;8.0;8.9;6.3;9.2;7.417;10.0;0;;;2022;0;0
RA-718;Aluno-718;1900-01-09 00:00:00;Menina;8.166866667;9.5;9.1;3.77;7.8;8.39;10.0;0;Fase 1 (3° e 4° ano);7.916666667;2023;FASE 1;0
RA-718;Aluno-718;10;Menina;8.705811111100001;10.002;9.5138888885;5.635;9.5;7.946666667;10.0;1;Fase 1 (3° e 4° ano);7.5;2024;2I;0
RA-719;Aluno-719;10;Menina;5.552;9.0;4.6;7.5;4.2;6.083;5.0;-2;;;2022;0;1
RA-719;Aluno-719;1900-01-11 00:00:00;Menino;6.4137;9.5;5.3;7.52;5.9;7.095;5.0;-2;Fase 2 (5° e 6° ano);5.625;2023;ALFA;1
RA-719;Aluno-719;12;Menino;7.1193969697;10.002;7.3484848485;7.51;6.5;6.7425;5.0;-1;Fase 2 (5° e 6° ano);7.5;2024;1J;1
RA-72;Aluno-72;17;Menina;7.64;8.3;7.5;7.5;7.8;8.667;5.0;-2;;;2022;5;1
RA-720;Aluno-720;9;Menina;6.731;8.0;5.9;7.5;7.6;7.083;5.0;-1;;;2022;0;1
RA-721;Aluno-721;8;Menina;7.973;9.5;8.1;7.5;7.6;7.917;10.0;0;;;2022;0;0
RA-721;Aluno-721;9;Menina;8.683366667;8.5;9.5;7.52;8.4;8.443333333;10.0;0;Fase 1 (3° e 4° ano);8.125;2023;FASE 1;0
RA-721;Aluno-721;10;Menina;8.8986026915;9.002;9.544513457499999;8.135;8.25;8.755;10.0;0;Fase 2 (5° e 6° ano);8.75;2024;2G;0
RA-722;Aluno-722;9;Menina;7.41;10.0;8.1;4.4;8.1;8.333;5.0;-1;;;2022;0;1
RA-722;Aluno-722;1900-01-10 00:00:00;Menina;7.3387;8.5;9.6;2.52;6.4;8.67;5.0;-1;Fase 2 (5° e 6° ano);8.125;2023;FASE 1;1
RA-723;Aluno-723;8;Menina;7.426;10.0;6.6;8.1;5.5;8.167;10.0;0;;;2022;0;0
RA-724;Aluno-724;8;Menina;6.931;9.5;5.9;5.6;5.6;8.0;10.0;0;;;2022;0;0
RA-725;Aluno-725;8;Menino;6.33;8.0;5.9;8.1;5.0;5.5;10.0;0;;;2022;0;0
RA-725;Aluno-725;9;Menino;8.117366667;9.5;9.0;7.52;8.4;8.113333333;5.0;-1;Fase 1 (3° e 4° ano);8.125;2023;ALFA;1
RA-725;Aluno-725;10;Menino;7.0900771929;7.502;7.6710526315;7.51;7.25;6.773333333;5.0;-1;Fase 1 (3° e 4° ano);7.5;2024;ALFA;1
RA-726;Aluno-726;7;Menina;6.985;10.0;7.5;7.5;4.4;6.583;10.0;0;;;2022;0;0
RA-726;Aluno-726;8;Menina;7.3687;10.0;6.1;7.52;6.0;8.17;10.0;0;ALFA (1° e 2° ano);5.625;2023;ALFA;0
RA-727;Aluno-727;8;Menino;7.736;9.0;7.7;8.1;8.4;6.75;10.0;0;;;2022;0;0
RA-727;Aluno-727;1900-01-09 00:00:00;Menino;7.6802;9.5;8.8;2.52;8.0;9.34;5.0;-1;Fase 1 (3° e 4° ano);7.5;2023;ALFA;1
RA-727;Aluno-727;10;Menino;8.447003030300001;10.002;8.4848484845;6.26;8.5;8.056666667;10.0;0;Fase 1 (3° e 4° ano);8.125;2024;1G;0
RA-728;Aluno-728;8;Menina;8.244;9.5;7.3;8.1;9.1;8.167;10.0;0;;;2022;0;0
RA-729;Aluno-729;8;Menina;8.155;10.0;8.7;8.1;8.1;7.25;10.0;0;;;2022;0;0
RA-729;Aluno-729;1900-01-09 00:00:00;Menina;7.26545;8.0;9.1;3.77;8.6;7.01;5.0;-1;Fase 1 (3° e 4° ano);6.5625;2023;ALFA;1
RA-729;Aluno-729;10;Menina;6.684533333300001;8.002;8.4166666665;2.51;6.0;7.5;5.0;-1;Fase 1 (3° e 4° ano);7.5;2024;ALFA;1
RA-73;Aluno-73;17;Menina;5.271;7.1;3.0;7.5;3.3;7.278;5.0;-2;;;2022;5;1
RA-730;Aluno-730;10;Menina;7.902;10.0;8.2;8.8;8.3;8.25;5.0;-2;;;2022;0;1
RA-730;Aluno-730;10;Menina;7.979325;10.0;8.7;5.02;7.8;8.67;5.0;-1;Fase 2 (5° e 6° ano);9.53125;2023;FASE 1;1
RA-730;Aluno-730;11;Menina;8.469255555700002;8.002;7.152777778;6.885;9.5;8.666666667;10.0;0;Fase 2 (5° e 6° ano);9.166666667;2024;2I;0
RA-731;Aluno-731;10;Menina;7.151;9.0;8.5;6.9;7.3;7.083;5.0;-2;;;2022;0;1
RA-731;Aluno-731;11;Menina;6.7742;8.5;7.6;3.14;6.8;7.45;5.0;-1;Fase 2 (5° e 6° ano);7.5;2023;FASE 1;1
RA-731;Aluno-731;12;Menina;4.7704873377000006;9.502;4.188311688500001;4.375;2.5;4.835;5.0;-1;Fase 3 (7° e 8° ano);5.78125;2024;2G;1
RA-732;Aluno-732;9;Menino;7.347;9.0;7.9;8.8;7.2;7.5;5.0;-1;;;2022;0;1
RA-733;Aluno-733;9;Menina;6.684;9.5;8.5;5.6;5.1;6.917;5.0;-1;;;2022;0;1
RA-733;Aluno-733;9;Menina;8.3342;10.0;8.7;7.52;6.2;8.893333333;10.0;0;Fase 1 (3° e 4° ano);8.333333333;2023;FASE 1;0
RA-733;Aluno-733;10;Menina;8.808825;10.002;10.0;7.51;9.25;9.085;5.0;-1;Fase 2 (5° e 6° ano);8.90625;2024;1J;1
RA-734;Aluno-734;10;Menina;6.952;9.5;7.2;5.6;7.3;7.417;5.0;-2;;;2022;0;1
RA-734;Aluno-734;11;Menina;7.305908333;8.5;8.0;7.52;6.9;7.446666667;5.0;-1;Fase 2 (5° e 6° ano);7.34375;2023;FASE 1;1
RA-735;Aluno-735;10;Menina;7.485;9.0;9.0;5.6;7.3;8.583;5.0;-2;;;2022;0;1
RA-735;Aluno-735;11;Menina;7.184;0.0;9.0;7.52;8.1;8.393333333;5.0;-1;Fase 2 (5° e 6° ano);8.333333333;2023;FASE 1;1
RA-735;Aluno-735;12;Menina;7.7888467391;8.002;9.782608695499999;6.255;8.0;7.705;5.0;-1;Fase 3 (7° e 8° ano);7.65625;2024;2H;1
RA-736;Aluno-736;10;Menino;6.707;9.0;8.5;5.6;5.4;7.0;5.0;-2;;;2022;0;1
RA-736;Aluno-736;10;Menino;7.600033333;8.5;9.5;6.27;6.7;8.11;5.0;-1;Fase 2 (5° e 6° ano);7.708333333;2023;FASE 1;1
RA-737;Aluno-737;9;Menina;8.058;9.5;9.2;5.6;9.0;9.167;5.0;-1;;;2022;0;1
RA-737;Aluno-737;9;Menina;8.048033333;9.5;7.8;7.52;7.5;7.783333333;10.0;0;Fase 1 (3° e 4° ano);7.291666667;2023;FASE 1;0
RA-737;Aluno-737;11;Menina;8.4695488613;8.502;8.6542443065;6.885;9.25;8.0;10.0;0;Fase 2 (5° e 6° ano);7.5;2024;2H;0
RA-738;Aluno-738;8;Menina;7.227;8.5;8.1;5.6;5.7;7.5;10.0;0;;;2022;0;0
RA-738;Aluno-738;1900-01-09 00:00:00;Menina;8.123283333;8.0;9.3;7.52;6.0;8.336666667;10.0;0;Fase 1 (3° e 4° ano);8.4375;2023;FASE 1;0
RA-738;Aluno-738;10;Menina;7.2626980238000005;10.002;7.292490119;6.885;7.25;7.39;5.0;-1;Fase 2 (5° e 6° ano);6.875;2024;1H;1
RA-739;Aluno-739;8;Menino;6.82;6.4;7.3;5.6;5.9;7.083;10.0;0;;;2022;0;0
RA-739;Aluno-739;9;Menino;7.5972;9.0;8.3;7.52;7.6;8.25;5.0;-1;Fase 1 (3° e 4° ano);6.25;2023;ALFA;1
RA-74;Aluno-74;16;Menino;4.989;9.6;3.3;7.5;2.0;5.833;5.0;-1;;;2022;5;1
RA-740;Aluno-740;9;Menina;7.218;8.5;9.0;5.6;7.2;7.5;5.0;-1;;;2022;0;1
RA-740;Aluno-740;10;Menina;7.2845;0.0;8.7;7.52;9.1;8.925;5.0;-2;Fase 2 (5° e 6° ano);6.875;2023;ALFA;1
RA-740;Aluno-740;11;Menina;8.1611005269;9.002;9.555335968;7.51;8.0;8.223333333;5.0;-1;Fase 2 (5° e 6° ano);8.541666667;2024;1H;1
RA-741;Aluno-741;10;Menina;6.896;9.5;8.4;5.6;6.3;7.417;5.0;-2;;;2022;0;1
RA-741;Aluno-741;11;Menina;6.2707;9.5;6.9;4.39;5.1;7.095;5.0;-2;Fase 2 (5° e 6° ano);5.625;2023;ALFA;1
RA-741;Aluno-741;12;Menina;5.0795885374;8.418;5.2964426875;5.005;3.75;4.223333333;5.0;-1;Fase 2 (5° e 6° ano);5.833333333;2024;1H;1
RA-742;Aluno-742;9;Menina;7.097;8.5;8.7;5.0;7.3;7.5;5.0;-1;;;2022;0;1
RA-742;Aluno-742;10;Menina;7.024;0.0;7.6;7.52;7.5;10.01;5.0;-2;Fase 2 (5° e 6° ano);7.5;2023;ALFA;1
RA-743;Aluno-743;9;Menina;6.672;10.0;7.9;5.6;4.8;7.5;5.0;-1;;;2022;0;1
RA-743;Aluno-743;10;Menina;6.659;0.0;9.1;3.77;7.1;9.01;5.0;-2;Fase 2 (5° e 6° ano);7.5;2023;ALFA;1
RA-743;Aluno-743;11;Menina;7.655745454500001;9.002;9.2727272725;7.51;7.0;7.5;5.0;-1;Fase 2 (5° e 6° ano);7.5;2024;1C;1
RA-744;Aluno-744;8;Menina;7.742;9.5;9.7;5.6;6.2;7.5;10.0;0;;;2022;0;0
RA-745;Aluno-745;9;Menino;7.382;9.0;8.5;5.6;8.1;7.75;5.0;-1;;;2022;0;1
RA-745;Aluno-745;1900-01-10 00:00:00;Menino;7.668366667;9.5;9.3;3.77;7.0;8.893333333;5.0;-1;Fase 2 (5° e 6° ano);8.125;2023;FASE 1;1
RA-745;Aluno-745;11;Menino;8.6102;9.002;10.0;6.26;8.5;8.17;10.0;0;Fase 2 (5° e 6° ano);7.5;2024;2I;0
RA-746;Aluno-746;8;Menino;7.656;8.0;9.1;5.6;7.2;7.417;10.0;0;;;2022;0;0
RA-746;Aluno-746;1900-01-09 00:00:00;Menino;6.517166667;0.0;8.0;3.77;7.2;7.113333333;10.0;0;Fase 1 (3° e 4° ano);6.875;2023;FASE 1;0
RA-746;Aluno-746;10;Menino;7.903311111100001;8.502;7.4305555555;7.51;8.0;7.33;10.0;0;Fase 2 (5° e 6° ano);7.5;2024;2I;0
RA-747;Aluno-747;11;Menina;7.676;10.0;7.6;7.5;8.8;7.917;5.0;-2;;;2022;0;1
RA-747;Aluno-747;11;Menina;6.026366667;10.0;8.0;3.14;3.1;6.94;5.0;-1;Fase 2 (5° e 6° ano);6.041666667;2023;FASE 1;1
RA-747;Aluno-747;12;Menina;5.8450809523;10.002;8.095238095;5.005;2.25;5.335;5.0;-2;Fase 3 (7° e 8° ano);7.083333333;2024;1K;1
RA-748;Aluno-748;9;Menino;8.084;10.0;9.0;7.5;9.1;8.25;5.0;-1;;;2022;0;1
RA-748;Aluno-748;1900-01-10 00:00:00;Menino;8.7142;9.5;9.7;7.52;9.1;10.01;5.0;-2;Fase 2 (5° e 6° ano);7.5;2023;ALFA;1
RA-748;Aluno-748;11;Menino;8.2272;9.502;10.0;7.51;7.75;8.005;5.0;-1;Fase 2 (5° e 6° ano);8.75;2024;1K;1
RA-749;Aluno-749;9;Menino;7.484;9.5;7.7;7.5;8.8;7.25;5.0;-1;;;2022;0;1
RA-749;Aluno-749;9;Menino;7.7597;10.0;9.0;7.52;7.3;8.425;5.0;-1;Fase 1 (3° e 4° ano);5.625;2023;ALFA;1
RA-749;Aluno-749;10;Menino;8.3373184211;9.502;9.7368421055;8.13;8.75;7.665;5.0;-2;Fase 2 (5° e 6° ano);8.4375;2024;ALFA;1
RA-75;Aluno-75;16;Menina;3.915;5.4;3.8;6.3;0.0;4.625;5.0;-1;;;2022;5;1
RA-750;Aluno-750;10;Menino;6.344;9.5;8.9;4.4;6.8;5.167;5.0;-2;;;2022;0;1
RA-750;Aluno-750;1900-01-11 00:00:00;Menino;5.6857;9.5;7.7;3.14;3.4;6.32;5.0;-2;Fase 2 (5° e 6° ano);4.375;2023;ALFA;1
RA-750;Aluno-750;12;Menino;4.542230369;6.249;5.938735178;4.38;3.75;3.176666667;5.0;-2;Fase 3 (7° e 8° ano);4.0625;2024;1B;1
RA-751;Aluno-751;11;Menino;5.246;8.5;5.8;7.5;3.8;6.167;5.0;-2;;;2022;0;1
RA-752;Aluno-752;11;Menina;8.197;10.0;9.0;7.5;9.5;8.417;5.0;-2;;;2022;0;1
RA-752;Aluno-752;11;Menina;8.073825;9.5;9.9;7.52;6.4;9.23;5.0;-1;Fase 2 (5° e 6° ano);7.65625;2023;FASE 1;1
RA-752;Aluno-752;12;Menina;6.57279265;9.502;7.525879916999999;7.51;5.75;5.613333333;5.0;-1;Fase 3 (7° e 8° ano);5.9375;2024;2U;1
RA-753;Aluno-753;8;Menina;8.481;9.5;8.6;7.5;9.1;8.417;10.0;0;;;2022;0;0
RA-753;Aluno-753;1900-01-09 00:00:00;Menina;8.6672;9.0;9.9;7.52;9.0;9.925;5.0;-1;Fase 1 (3° e 4° ano);7.5;2023;ALFA;1
RA-753;Aluno-753;10;Menina;8.2450571429;10.002;9.047619048;7.51;8.5;8.255;5.0;-1;Fase 2 (5° e 6° ano);8.333333333;2024;1K;1
RA-754;Aluno-754;9;Menino;6.602;10.0;5.8;4.4;7.9;6.917;5.0;-1;;;2022;0;1
RA-754;Aluno-754;1900-01-10 00:00:00;Menino;6.0537;9.5;6.1;2.52;5.6;6.67;5.0;-2;Fase 2 (5° e 6° ano);6.875;2023;ALFA;1
RA-754;Aluno-754;11;Menino;5.6127;8.502;6.25;5.625;6.25;4.75;5.0;-2;Fase 2 (5° e 6° ano);2.5;2024;ALFA;1
RA-755;Aluno-755;8;Menino;8.566;9.5;9.2;6.9;9.5;8.083;10.0;0;;;2022;0;0
RA-755;Aluno-755;9;Menino;8.7442;10.0;9.5;7.52;9.2;10.01;5.0;-1;Fase 1 (3° e 4° ano);7.5;2023;ALFA;1
RA-755;Aluno-755;10;Menino;8.925450000000001;10.002;10.0;7.51;9.75;9.09;5.0;-1;Fase 2 (5° e 6° ano);9.0625;2024;1M;1
RA-756;Aluno-756;9;Menino;6.976;10.0;7.9;7.5;5.7;7.25;5.0;-1;;;2022;0;1
RA-756;Aluno-756;1900-01-10 00:00:00;Menino;7.0927;10.0;8.7;7.52;6.1;6.59;5.0;-2;Fase 2 (5° e 6° ano);5.625;2023;ALFA;1
RA-756;Aluno-756;11;Menino;7.361700000000001;10.002;8.75;7.51;5.5;7.24;5.0;-2;Fase 2 (5° e 6° ano);8.125;2024;ALFA;1
RA-757;Aluno-757;9;Menina;8.26;9.5;9.3;7.5;9.7;8.5;5.0;-1;;;2022;0;1
RA-757;Aluno-757;10;Menina;8.6742;9.0;9.6;7.52;9.3;10.01;5.0;-2;Fase 2 (5° e 6° ano);7.5;2023;ALFA;1
RA-757;Aluno-757;11;Menina;7.938842857200001;9.502;9.285714286000001;7.51;7.0;8.34;5.0;-1;Fase 2 (5° e 6° ano);8.125;2024;1K;1
RA-758;Aluno-758;9;Menino;7.911;9.0;9.1;7.5;8.1;8.333;5.0;-1;;;2022;0;1
RA-759;Aluno-759;10;Menina;7.563;9.0;8.6;7.5;7.5;7.833;5.0;-2;;;2022;0;1
RA-76;Aluno-76;15;Menina;9.105;10.0;9.1;8.1;8.7;9.292;10.0;0;;;2022;5;0
RA-76;Aluno-76;15;Menina;;10.0;;2.52;;;10.0;2;Fase 5 (1° EM);;2023;FASE 7;0
RA-76;Aluno-76;16;Menina;8.152033333333334;10.002;9.0;6.885;7.066666666666666;7.5;10.0;2;Fase 5 (1° EM);7.5;2024;7E;0
RA-760;Aluno-760;11;Menino;8.172;9.0;9.2;7.5;8.8;8.917;5.0;-2;;;2022;0;1
RA-760;Aluno-760;1900-01-12 00:00:00;Menino;6.548333333;0.0;8.8;7.52;6.3;7.84;5.0;-1;Fase 3 (7° e 8° ano);7.083333333;2023;FASE 2;1
RA-760;Aluno-760;13;Menino;6.942581818200001;9.168;7.090909091;7.51;5.0;6.158;10.0;0;Fase 3 (7° e 8° ano);6.25;2024;3M;0
RA-761;Aluno-761;9;Menino;8.06;10.0;9.4;7.5;8.2;8.25;5.0;-1;;;2022;0;1
RA-761;Aluno-761;10;Menino;8.219533333;9.0;9.7;7.52;8.4;8.12;5.0;-1;Fase 2 (5° e 6° ano);8.333333333;2023;FASE 1;1
RA-761;Aluno-761;11;Menino;8.174593939300001;8.502;8.8636363635;6.26;7.25;8.003333333;10.0;0;Fase 2 (5° e 6° ano);8.75;2024;2M;0
RA-762;Aluno-762;12;Menino;7.28;10.0;9.7;7.5;6.7;7.083;2.5;-3;;;2022;0;1
RA-762;Aluno-762;13;Menino;7.09945;10.0;9.1;3.14;5.8;7.67;5.0;-2;Fase 3 (7° e 8° ano);7.8125;2023;FASE 1;1
RA-762;Aluno-762;14;Menino;5.9677326087;10.002;6.4239130435;6.26;3.75;5.7525;5.0;-2;Fase 4 (9° ano);6.5625;2024;2K;1
RA-763;Aluno-763;10;Menina;7.402;9.5;9.7;7.5;6.5;7.167;5.0;-2;;;2022;0;1
RA-763;Aluno-763;10;Menina;6.7215;0.0;9.2;3.14;7.9;9.0;5.0;-2;Fase 2 (5° e 6° ano);6.875;2023;ALFA;1
RA-763;Aluno-763;11;Menina;6.984760606;9.002;8.8636363635;6.26;5.25;6.825;5.0;-1;Fase 2 (5° e 6° ano);7.708333333;2024;1N;1
RA-764;Aluno-764;8;Menino;8.004;9.0;8.8;7.5;7.5;7.667;10.0;0;;;2022;0;0
RA-764;Aluno-764;1900-01-09 00:00:00;Menino;7.682125;0.0;9.2;7.52;7.8;8.56;10.0;0;Fase 1 (3° e 4° ano);8.28125;2023;FASE 1;0
RA-764;Aluno-764;10;Menino;7.838370289900001;8.002;7.8804347825;7.51;6.0;8.336666667;10.0;0;Fase 2 (5° e 6° ano);8.4375;2024;2N;0
RA-765;Aluno-765;9;Menino;6.902;8.5;9.3;7.5;4.3;7.417;5.0;-1;;;2022;0;1
RA-766;Aluno-766;11;Menina;8.185;10.0;9.5;7.5;8.7;8.333;5.0;-2;;;2022;0;1
RA-766;Aluno-766;11;Menina;8.008408333;10.0;8.7;4.39;8.7;8.336666667;5.0;-1;Fase 2 (5° e 6° ano);9.21875;2023;FASE 1;1
RA-767;Aluno-767;10;Menino;7.511;9.5;9.0;7.5;7.0;7.583;5.0;-2;;;2022;0;1
RA-767;Aluno-767;11;Menino;7.3807;10.0;8.3;7.52;6.3;7.446666667;5.0;-1;Fase 2 (5° e 6° ano);7.291666667;2023;FASE 1;1
RA-767;Aluno-767;12;Menino;8.131890476200002;9.502;9.0476190475;7.51;8.25;8.085;5.0;-2;Fase 3 (7° e 8° ano);8.541666667;2024;1L;1
RA-768;Aluno-768;10;Menina;7.646;9.0;10.0;7.5;7.1;7.583;5.0;-2;;;2022;0;1
RA-768;Aluno-768;1900-01-11 00:00:00;Menina;8.4042;10.0;9.1;7.52;7.9;10.01;5.0;-2;Fase 2 (5° e 6° ano);7.5;2023;ALFA;1
RA-768;Aluno-768;12;Menina;7.0345379447;9.002;7.9841897235;6.26;5.5;7.495;5.0;-1;Fase 2 (5° e 6° ano);8.125;2024;1N;1
RA-769;Aluno-769;9;Menina;7.598;10.0;7.5;7.5;7.9;8.5;5.0;-1;;;2022;0;1
RA-769;Aluno-769;10;Menina;7.85345;10.0;9.3;3.77;8.0;8.675;5.0;-2;Fase 2 (5° e 6° ano);7.8125;2023;ALFA;1
RA-769;Aluno-769;11;Menina;7.099342857200002;10.002;5.9523809525;7.51;6.0;8.33;5.0;-1;Fase 2 (5° e 6° ano);7.916666667;2024;1K;1
RA-77;Aluno-77;16;Menino;3.846;7.1;2.7;5.0;0.7;4.625;5.0;-1;;;2022;5;1
RA-770;Aluno-770;7;Menino;8.143;9.5;8.9;7.5;8.3;7.333;10.0;0;;;2022;0;0
RA-770;Aluno-770;1900-01-08 00:00:00;Menino;6.6785;0.0;8.3;3.77;5.9;8.92;10.0;0;ALFA (1° e 2° ano);6.875;2023;ALFA;0
RA-770;Aluno-770;9;Menino;7.3057112782;10.002;9.022556391;7.51;5.0;7.5;5.0;-1;Fase 1 (3° e 4° ano);7.5;2024;ALFA;1
RA-771;Aluno-771;7;Menina;7.873;10.0;8.3;7.5;7.0;7.5;10.0;0;;;2022;0;0
RA-771;Aluno-771;1900-01-07 00:00:00;Menina;7.056;0.0;8.8;3.14;8.2;8.585;10.0;0;ALFA (1° e 2° ano);6.25;2023;ALFA;0
RA-771;Aluno-771;9;Menina;6.066009523800001;8.502;6.619047619;3.135;6.5;6.08;5.0;-1;Fase 1 (3° e 4° ano);5.625;2024;ALFA;1
RA-772;Aluno-772;11;Menino;6.994;9.0;5.4;7.5;9.2;7.25;5.0;-2;;;2022;0;1
RA-772;Aluno-772;12;Menino;5.930166667;0.0;7.2;7.52;4.8;8.003333333;5.0;-2;Fase 3 (7° e 8° ano);6.875;2023;FASE 1;1
RA-773;Aluno-773;9;Menina;6.922;10.0;6.8;5.0;8.1;7.083;5.0;-1;;;2022;0;1
RA-773;Aluno-773;9;Menina;6.9287;10.0;7.5;2.52;7.9;7.67;5.0;-1;Fase 1 (3° e 4° ano);5.625;2023;ALFA;1
RA-773;Aluno-773;10;Menina;6.566200000000001;10.002;8.75;2.51;5.0;6.575;5.0;-2;Fase 2 (5° e 6° ano);7.5;2024;ALFA;1
RA-774;Aluno-774;8;Menina;7.587;10.0;7.8;7.5;6.1;7.417;10.0;0;;;2022;0;0
RA-774;Aluno-774;1900-01-09 00:00:00;Menina;5.852;0.0;9.5;3.14;6.9;6.34;5.0;-1;Fase 1 (3° e 4° ano);5.0;2023;ALFA;1
RA-774;Aluno-774;10;Menina;5.685771428600001;10.002;6.3928571430000005;2.51;3.75;6.405;5.0;-1;Fase 1 (3° e 4° ano);6.25;2024;ALFA;1
RA-775;Aluno-775;10;Menino;5.79;7.9;5.7;4.4;5.7;6.417;5.0;-2;;;2022;0;1
RA-776;Aluno-776;9;Menina;3.898;0.0;4.3;4.4;1.7;6.333;5.0;-1;;;2022;0;1
RA-776;Aluno-776;1900-01-10 00:00:00;Menina;5.567916667;0.0;7.0;7.52;3.5;7.223333333;5.0;-1;Fase 2 (5° e 6° ano);7.8125;2023;FASE 1;1
RA-776;Aluno-776;11;Menina;5.178509523800001;7.917;5.9523809525;5.63;0.0;6.5;5.0;-1;Fase 2 (5° e 6° ano);8.333333333;2024;1K;1
RA-777;Aluno-777;8;Menino;7.096;8.0;7.7;7.5;5.3;7.0;10.0;0;;;2022;0;0
RA-777;Aluno-777;1900-01-09 00:00:00;Menina;7.468125;0.0;9.3;7.52;6.3;8.84;10.0;0;Fase 1 (3° e 4° ano);8.28125;2023;FASE 1;0
RA-777;Aluno-777;10;Menina;7.563515408100001;8.002;8.7757437075;7.51;4.5;7.723333333;10.0;0;Fase 2 (5° e 6° ano);8.125;2024;2N;0
RA-778;Aluno-778;9;Menina;7.432;10.0;6.7;7.5;7.1;8.833;5.0;-1;;;2022;0;1
RA-778;Aluno-778;1900-01-10 00:00:00;Menina;7.926825;8.5;7.9;7.52;8.2;8.62;5.0;-1;Fase 2 (5° e 6° ano);8.90625;2023;FASE 1;1
RA-778;Aluno-778;11;Menina;8.0754139589;10.002;8.1235697945;7.51;7.0;7.7475;10.0;0;Fase 2 (5° e 6° ano);7.5;2024;2K;0
RA-779;Aluno-779;10;Menino;5.702;9.5;5.0;7.5;2.6;7.083;5.0;-2;;;2022;0;1
RA-78;Aluno-78;17;Menino;7.04;8.3;6.6;5.6;7.2;8.0;5.0;-2;;;2022;5;1
RA-78;Aluno-78;1900-01-18 00:00:00;Menina;6.434625;0.0;7.7;6.26;6.7;8.0025;5.0;-2;Fase 8 (Universitários);8.28125;2023;FASE 6;1
RA-78;Aluno-78;19;Menina;8.1780308688;8.751;8.028404344;8.755;7.5;7.39;10.0;0;Fase 7 (3° EM);8.4375;2024;7A;0
RA-780;Aluno-780;9;Menina;6.955;8.0;7.6;7.5;6.9;7.167;5.0;-1;;;2022;0;1
RA-780;Aluno-780;10;Menina;7.7842;9.5;8.8;3.14;8.3;8.675;5.0;-2;Fase 2 (5° e 6° ano);8.75;2023;ALFA;1
RA-780;Aluno-780;11;Menina;7.7430333333;9.502;10.0;5.63;6.0;8.17;5.0;-1;Fase 2 (5° e 6° ano);8.958333333;2024;1L;1
RA-781;Aluno-781;9;Menina;7.786;10.0;8.9;7.5;8.3;7.75;5.0;-1;;;2022;0;1
RA-781;Aluno-781;10;Menina;8.209283333;7.5;9.8;7.52;7.9;9.116666667;5.0;-1;Fase 2 (5° e 6° ano);8.4375;2023;FASE 1;1
RA-781;Aluno-781;11;Menina;8.496283333400001;8.002;9.75;7.51;7.25;8.506666667;10.0;0;Fase 2 (5° e 6° ano);8.4375;2024;2N;0
RA-782;Aluno-782;8;Menino;7.485;9.5;8.4;7.5;6.0;7.0;10.0;0;;;2022;0;0
RA-782;Aluno-782;9;Menino;7.6812;8.5;9.8;2.52;7.5;9.345;5.0;-1;Fase 1 (3° e 4° ano);7.5;2023;ALFA;1
RA-782;Aluno-782;10;Menino;8.1896285714;9.502;7.8571428569999995;7.51;7.75;8.085;10.0;0;Fase 1 (3° e 4° ano);7.5;2024;1L;0
RA-783;Aluno-783;8;Menino;6.996;9.5;5.8;7.5;6.0;6.917;10.0;0;;;2022;0;0
RA-783;Aluno-783;1900-01-09 00:00:00;Menino;7.2922;9.5;6.8;3.77;8.9;7.925;5.0;-1;Fase 1 (3° e 4° ano);7.5;2023;ALFA;1
RA-784;Aluno-784;9;Menino;8.34;9.5;10.0;7.5;8.2;9.25;5.0;-1;;;2022;0;1
RA-784;Aluno-784;10;Menina;8.171366667;10.0;9.5;7.52;7.3;8.783333333;5.0;-1;Fase 2 (5° e 6° ano);8.125;2023;FASE 1;1
RA-784;Aluno-784;11;Menina;8.8857454545;8.002;9.7727272725;5.635;8.75;9.4;10.0;0;Fase 2 (5° e 6° ano);9.375;2024;2M;0
RA-785;Aluno-785;9;Menina;7.642;9.0;8.6;7.5;8.4;7.667;5.0;-1;;;2022;0;1
RA-785;Aluno-785;10;Menina;8.137866667;9.0;8.5;7.52;8.8;8.67;5.0;-1;Fase 2 (5° e 6° ano);7.916666667;2023;FASE 1;1
RA-785;Aluno-785;11;Menina;9.1548666666;9.502;10.0;7.51;9.0;8.893333333;10.0;0;Fase 2 (5° e 6° ano);8.75;2024;2U;0
RA-786;Aluno-786;11;Menino;7.004;9.0;9.5;5.6;6.1;7.167;5.0;-2;;;2022;0;1
RA-787;Aluno-787;8;Menino;7.205;8.5;9.5;7.5;3.4;7.25;10.0;0;;;2022;0;0
RA-787;Aluno-787;1900-01-09 00:00:00;Menino;7.5227;9.0;9.8;7.52;5.9;8.34;5.0;-1;Fase 1 (3° e 4° ano);5.625;2023;ALFA;1
RA-787;Aluno-787;10;Menino;7.73495;9.002;9.75;7.51;7.25;7.325;5.0;-1;Fase 1 (3° e 4° ano);7.1875;2024;ALFA;1
RA-788;Aluno-788;8;Menino;8.264;10.0;9.3;5.6;8.0;8.667;10.0;0;;;2022;0;0
RA-788;Aluno-788;1900-01-09 00:00:00;Menino;7.806091667;7.9;9.8;2.52;6.9;8.283333333;10.0;0;Fase 1 (3° e 4° ano);7.65625;2023;FASE 1;0
RA-788;Aluno-788;10;Menino;7.9221068268;8.418;9.519450801;6.26;5.75;7.783333333;10.0;0;Fase 2 (5° e 6° ano);8.4375;2024;2N;0
RA-789;Aluno-789;7;Menina;7.405;9.0;9.4;7.5;4.2;7.417;10.0;0;;;2022;0;0
RA-789;Aluno-789;8;Menina;7.974;0.0;9.5;7.52;7.9;10.01;10.0;0;ALFA (1° e 2° ano);7.5;2023;ALFA;0
RA-789;Aluno-789;9;Menina;8.0443904763;9.002;9.047619048;7.51;5.25;8.085;10.0;0;Fase 1 (3° e 4° ano);9.166666667;2024;1L;0
RA-79;Aluno-79;16;Menina;6.847;5.4;6.3;5.6;8.9;7.292;5.0;-1;;;2022;5;1
RA-79;Aluno-79;1900-01-17 00:00:00;Menina;6.635883333;5.8;6.2;5.0;7.6;7.59;5.0;-1;Fase 7 (3° EM);7.8125;2023;FASE 6;1
RA-790;Aluno-790;11;Menina;7.504;9.0;8.9;7.5;7.8;7.417;5.0;-2;;;2022;0;1
RA-790;Aluno-790;1900-01-12 00:00:00;Menino;6.707666667;0.0;8.1;7.52;7.4;8.286666667;5.0;-2;Fase 3 (7° e 8° ano);7.083333333;2023;FASE 1;1
RA-790;Aluno-790;13;Menino;6.8089355072;7.502;6.811594203;7.51;6.75;6.883333333;5.0;-1;Fase 3 (7° e 8° ano);7.1875;2024;2U;1
RA-791;Aluno-791;11;Menina;7.507;9.5;8.7;7.5;6.5;8.5;5.0;-2;;;2022;0;1
RA-791;Aluno-791;1900-01-12 00:00:00;Menina;6.247916667;0.0;8.1;7.52;5.3;7.723333333;5.0;-2;Fase 3 (7° e 8° ano);7.8125;2023;FASE 1;1
RA-792;Aluno-792;9;Menina;7.025;9.5;8.0;7.5;6.2;7.167;5.0;-1;;;2022;0;1
RA-792;Aluno-792;10;Menina;7.6267;9.0;7.7;7.52;7.2;9.085;5.0;-2;Fase 2 (5° e 6° ano);6.875;2023;ALFA;1
RA-792;Aluno-792;11;Menina;6.036012253;8.502;5.2865612650000005;7.51;3.25;7.075;5.0;-1;Fase 2 (5° e 6° ano);8.125;2024;1N;1
RA-793;Aluno-793;10;Menino;6.894;9.5;7.6;7.5;6.0;7.333;5.0;-2;;;2022;0;1
RA-794;Aluno-794;8;Menina;7.335;9.5;8.9;7.5;4.1;7.333;10.0;0;;;2022;0;0
RA-794;Aluno-794;1900-01-09 00:00:00;Menina;7.9842;9.0;9.2;7.52;6.2;10.01;5.0;-1;Fase 1 (3° e 4° ano);7.5;2023;ALFA;1
RA-794;Aluno-794;10;Menina;7.145652380900001;9.502;6.9047619045;7.51;3.0;8.255;10.0;0;Fase 1 (3° e 4° ano);8.125;2024;1K;0
RA-795;Aluno-795;8;Menina;8.064;9.0;9.7;7.5;7.3;7.333;10.0;0;;;2022;0;0
RA-795;Aluno-795;9;Menina;8.4642;9.0;9.6;7.52;8.2;10.01;5.0;-1;Fase 1 (3° e 4° ano);7.5;2023;ALFA;1
RA-795;Aluno-795;10;Menina;8.441414285700002;9.502;9.761904762;6.26;9.5;8.085;5.0;-1;Fase 2 (5° e 6° ano);8.958333333;2024;1L;1
RA-796;Aluno-796;10;Menina;7.232;9.5;9.3;7.5;5.4;7.667;5.0;-2;;;2022;0;1
RA-796;Aluno-796;11;Menina;7.462866667;9.0;9.8;6.27;5.5;8.336666667;5.0;-1;Fase 2 (5° e 6° ano);7.083333333;2023;FASE 1;1
RA-796;Aluno-796;12;Menina;7.052457703200001;8.502;8.2212885155;7.51;5.25;7.326666667;5.0;-1;Fase 3 (7° e 8° ano);7.916666667;2024;2P;1
RA-797;Aluno-797;10;Menino;7.217;9.0;8.5;7.5;7.3;7.5;5.0;-2;;;2022;0;1
RA-797;Aluno-797;11;Menino;7.373033333;8.5;8.6;7.52;7.5;7.233333333;5.0;-1;Fase 2 (5° e 6° ano);6.041666667;2023;FASE 1;1
RA-797;Aluno-797;12;Menino;6.597315151500001;9.168;4.840909091;7.51;7.25;6.723333333;5.0;-1;Fase 3 (7° e 8° ano);6.666666667;2024;2P;1
RA-798;Aluno-798;10;Menino;7.049;8.0;8.3;7.5;6.3;7.667;5.0;-2;;;2022;0;1
RA-798;Aluno-798;1900-01-11 00:00:00;Menino;7.018033333;9.0;8.1;7.52;6.1;6.95;5.0;-1;Fase 2 (5° e 6° ano);6.458333333;2023;FASE 1;1
RA-798;Aluno-798;12;Menino;4.6743653679;6.834;3.5064935065;7.51;4.75;2.943333333;5.0;-1;Fase 3 (7° e 8° ano);5.0;2024;2R;1
RA-799;Aluno-799;10;Menina;7.676;8.0;9.6;7.5;7.8;7.917;5.0;-2;;;2022;0;1
RA-799;Aluno-799;1900-01-10 00:00:00;Menina;8.061533333;9.5;9.6;5.64;8.3;8.17;5.0;-1;Fase 2 (5° e 6° ano);8.333333333;2023;FASE 1;1
RA-799;Aluno-799;11;Menina;7.702648484900001;7.918;9.090909091;7.51;5.25;7.5;10.0;0;Fase 2 (5° e 6° ano);7.916666667;2024;2R;0
RA-8;Aluno-8;20;Menina;4.786;7.1;4.6;6.3;1.6;6.278;5.0;-1;;;2022;7;1
RA-80;Aluno-80;16;Menina;7.29;9.2;8.3;5.0;7.1;7.625;5.0;-1;;;2022;5;1
RA-80;Aluno-80;1900-01-17 00:00:00;Menina;7.252275;8.3;8.4;6.89;6.3;7.465;5.0;-1;Fase 7 (3° EM);7.96875;2023;FASE 6;1
RA-80;Aluno-80;18;Menina;8.131659175733333;8.751;7.8961292116666675;8.13;7.0;7.946666667;10.0;0;Fase 7 (3° EM);8.75;2024;7A;0
RA-800;Aluno-800;8;Menino;6.818;8.0;5.4;7.5;6.1;7.5;10.0;0;;;2022;0;0
RA-801;Aluno-801;9;Menino;6.644;7.0;6.6;7.5;6.8;7.5;5.0;-1;;;2022;0;1
RA-801;Aluno-801;1900-01-09 00:00:00;Menino;6.8735;0.0;7.5;7.52;7.6;7.12;10.0;0;Fase 1 (3° e 4° ano);6.875;2023;FASE 1;0
RA-801;Aluno-801;10;Menino;6.6752;9.002;5.75;7.51;8.0;5.745;5.0;-1;Fase 2 (5° e 6° ano);6.25;2024;1R;1
RA-802;Aluno-802;9;Menino;7.831;9.0;9.0;7.5;8.3;8.333;5.0;-1;;;2022;0;1
RA-802;Aluno-802;10;Menino;8.126866667;8.0;9.3;7.52;9.4;7.506666667;5.0;-1;Fase 2 (5° e 6° ano);8.333333333;2023;FASE 1;1
RA-802;Aluno-802;11;Menino;7.8317974024999994;7.502;7.012987013;7.51;8.75;6.723333333;10.0;0;Fase 2 (5° e 6° ano);8.333333333;2024;2R;0
RA-803;Aluno-803;10;Menina;6.98;10.0;7.2;7.5;6.3;7.417;5.0;-2;;;2022;0;1
RA-804;Aluno-804;10;Menino;6.848;10.0;8.4;6.3;4.8;7.667;5.0;-2;;;2022;0;1
RA-804;Aluno-804;11;Menino;7.2352;10.0;8.6;6.27;6.9;7.173333333;5.0;-1;Fase 2 (5° e 6° ano);5.833333333;2023;FASE 1;1
RA-805;Aluno-805;8;Menino;8.279;9.5;9.0;7.5;8.8;7.333;10.0;0;;;2022;0;0
RA-805;Aluno-805;9;Menino;6.492;0.0;9.1;7.52;6.8;7.175;5.0;-1;Fase 1 (3° e 4° ano);6.25;2023;ALFA;1
RA-805;Aluno-805;10;Menino;6.9375869048;8.502;9.523809524;4.38;6.0;6.7075;5.0;-1;Fase 2 (5° e 6° ano);7.03125;2024;1R;1
RA-806;Aluno-806;8;Menino;7.561;9.5;7.3;7.5;6.6;7.917;10.0;0;;;2022;0;0
RA-806;Aluno-806;9;Menino;7.2937;8.5;8.3;6.27;7.8;7.095;5.0;-1;Fase 1 (3° e 4° ano);6.875;2023;ALFA;1
RA-806;Aluno-806;10;Menino;6.972777380900001;8.502;6.9047619045;7.51;6.75;6.875;5.0;-1;Fase 2 (5° e 6° ano);7.65625;2024;1R;1
RA-807;Aluno-807;8;Menino;8.121;9.5;8.7;6.3;9.0;7.5;10.0;0;;;2022;0;0
RA-807;Aluno-807;9;Menino;7.8632;9.5;9.1;7.52;8.0;8.08;5.0;-1;Fase 1 (3° e 4° ano);6.25;2023;ALFA;1
RA-807;Aluno-807;10;Menino;7.797628571400001;9.002;7.8571428569999995;7.51;7.0;7.125;10.0;0;Fase 1 (3° e 4° ano);7.5;2024;1R;0
RA-808;Aluno-808;8;Menino;8.361;10.0;9.1;6.3;9.3;8.0;10.0;0;;;2022;0;0
RA-808;Aluno-808;9;Menino;8.1932;10.0;10.0;2.52;8.7;9.755;5.0;-1;Fase 1 (3° e 4° ano);7.5;2023;ALFA;1
RA-808;Aluno-808;10;Menino;8.7897;9.002;10.0;7.51;8.75;7.88;10.0;0;Fase 1 (3° e 4° ano);8.125;2024;1R;0
RA-809;Aluno-809;7;Menino;7.259;10.0;6.6;6.3;6.3;7.417;10.0;0;;;2022;0;0
RA-81;Aluno-81;14;Menina;7.675;9.2;9.2;5.0;6.0;7.458;10.0;1;;;2022;5;0
RA-81;Aluno-81;15;Menina;7.45425;9.6;8.8;2.52;6.3;7.2125;10.0;0;Fase 5 (1° EM);7.8125;2023;FASE 5;0
RA-81;Aluno-81;16;Menina;8.256566666666668;9.168;9.333333333333334;6.26;7.5;7.798;10.0;0;Fase 6 (2° EM);7.875;2024;6L;0
RA-810;Aluno-810;8;Menino;7.887;8.5;9.1;5.0;9.6;7.25;10.0;0;;;2022;0;0
RA-810;Aluno-810;9;Menino;7.782866667;8.0;8.5;7.52;6.9;7.836666667;10.0;0;Fase 1 (3° e 4° ano);5.833333333;2023;FASE 1;0
RA-810;Aluno-810;10;Menino;7.704770175400001;7.502;9.4736842105;5.635;9.0;7.7525;5.0;-1;Fase 2 (5° e 6° ano);6.458333333;2024;1P;1
RA-811;Aluno-811;9;Menina;6.575;8.9;5.7;5.6;7.3;7.667;5.0;-1;;;2022;0;1
RA-812;Aluno-812;8;Menino;7.497;9.0;8.1;5.6;7.4;7.333;10.0;0;;;2022;0;0
RA-812;Aluno-812;8;Menino;8.0357;9.5;9.1;7.52;5.8;8.33;10.0;0;ALFA (1° e 2° ano);6.875;2023;ALFA;0
RA-813;Aluno-813;8;Menino;7.093;9.5;6.5;6.9;6.0;7.417;10.0;0;;;2022;0;0
RA-813;Aluno-813;1900-01-09 00:00:00;Menino;7.5867;9.5;8.4;7.52;3.9;8.06;10.0;0;Fase 1 (3° e 4° ano);8.125;2023;FASE 1;0
RA-814;Aluno-814;9;Menino;7.592;8.9;9.0;6.9;7.5;8.417;5.0;-1;;;2022;0;1
RA-814;Aluno-814;10;Menino;8.367866667;9.5;9.6;6.89;8.2;9.226666667;5.0;-1;Fase 2 (5° e 6° ano);8.333333333;2023;FASE 1;1
RA-814;Aluno-814;11;Menino;7.971648484800001;7.418;9.090909091;7.51;7.5;7.053333333;10.0;0;Fase 2 (5° e 6° ano);7.5;2024;2P;0
RA-815;Aluno-815;9;Menino;6.81;10.0;7.9;5.6;6.5;7.0;5.0;-1;;;2022;0;1
RA-815;Aluno-815;1900-01-10 00:00:00;Menino;6.122166667;0.0;8.6;5.02;6.5;7.063333333;5.0;-1;Fase 2 (5° e 6° ano);6.875;2023;FASE 1;1
RA-816;Aluno-816;9;Menina;8.513;10.0;9.3;7.5;9.6;9.417;5.0;-1;;;2022;0;1
RA-816;Aluno-816;1900-01-10 00:00:00;Menina;8.5572;7.5;9.8;7.52;8.9;9.283333333;5.0;-1;Fase 2 (5° e 6° ano);9.583333333;2023;FASE 1;1
RA-816;Aluno-816;11;Menina;8.929745454599999;7.002;9.7727272725;7.51;9.25;8.786666667;10.0;0;Fase 2 (5° e 6° ano);9.166666667;2024;2P;0
RA-817;Aluno-817;8;Menina;7.819;10.0;8.7;6.3;7.1;7.417;10.0;0;;;2022;0;0
RA-817;Aluno-817;1900-01-09 00:00:00;Menina;7.8597;9.5;8.8;6.89;5.4;7.89;10.0;0;Fase 1 (3° e 4° ano);8.125;2023;FASE 1;0
RA-818;Aluno-818;7;Menino;7.483;9.5;7.3;7.5;6.2;7.5;10.0;0;;;2022;0;0
RA-818;Aluno-818;1900-01-08 00:00:00;Menino;7.997366667;10.0;8.4;7.52;6.2;7.613333333;10.0;1;ALFA (1° e 2° ano);8.125;2023;FASE 1;0
RA-819;Aluno-819;8;Menino;7.741;10.0;7.9;7.5;7.3;7.333;10.0;0;;;2022;0;0
RA-819;Aluno-819;9;Menino;7.944833333;0.0;8.3;7.52;9.5;8.893333333;10.0;0;Fase 1 (3° e 4° ano);8.541666667;2023;FASE 1;0
RA-819;Aluno-819;10;Menino;8.652552484400001;10.002;7.784679089;7.51;9.0;8.503333333;10.0;1;Fase 1 (3° e 4° ano);8.4375;2024;2U;0
RA-82;Aluno-82;17;Menina;6.596;8.8;6.8;7.5;5.5;6.417;5.0;-2;;;2022;5;1
RA-820;Aluno-820;9;Menino;7.417;9.5;10.0;6.9;6.0;7.583;5.0;-1;;;2022;0;1
RA-820;Aluno-820;10;Menino;7.85605;7.9;7.4;7.52;8.9;8.28;5.0;-1;Fase 2 (5° e 6° ano);9.0625;2023;FASE 1;1
RA-820;Aluno-820;11;Menino;7.426572549100001;10.002;6.573529412;7.51;6.25;6.386666667;10.0;0;Fase 2 (5° e 6° ano);8.333333333;2024;2I;0
RA-821;Aluno-821;10;Menino;6.342;9.0;7.0;7.5;4.6;6.917;5.0;-2;;;2022;0;1
RA-821;Aluno-821;11;Menino;6.643866666600001;8.502;5.9166666665;7.51;4.25;6.713333333;10.0;0;Fase 2 (5° e 6° ano);6.666666667;2024;2A;0
RA-822;Aluno-822;10;Menino;6.922;8.0;8.4;7.5;6.1;7.083;5.0;-2;;;2022;0;1
RA-822;Aluno-822;1900-01-11 00:00:00;Menino;6.4497;8.5;8.4;2.52;7.1;5.925;5.0;-2;Fase 2 (5° e 6° ano);5.625;2023;ALFA;1
RA-822;Aluno-822;12;Menino;5.2645678524;0.0;4.6245059285;5.01;6.75;6.61;5.0;-2;Fase 3 (7° e 8° ano);6.666666667;2024;1H;1
RA-823;Aluno-823;10;Menina;5.989;10.0;6.0;7.5;2.8;7.167;5.0;-2;;;2022;0;1
RA-824;Aluno-824;8;Menino;6.799;10.0;4.4;6.9;6.0;7.333;10.0;0;;;2022;0;0
RA-825;Aluno-825;9;Menina;7.25;7.5;8.2;6.9;7.6;7.917;5.0;-1;;;2022;0;1
RA-826;Aluno-826;8;Menino;7.776;9.5;9.6;7.5;5.4;7.5;10.0;0;;;2022;0;0
RA-826;Aluno-826;1900-01-09 00:00:00;Menino;7.77645;10.0;10.0;3.77;7.3;8.34;5.0;-1;Fase 1 (3° e 4° ano);7.8125;2023;ALFA;1
RA-826;Aluno-826;10;Menino;7.9442;10.002;10.0;6.26;6.75;8.59;5.0;-1;Fase 2 (5° e 6° ano);7.5;2024;1L;1
RA-827;Aluno-827;10;Menina;7.412;9.5;7.0;7.5;7.6;8.667;5.0;-2;;;2022;0;1
RA-827;Aluno-827;1900-01-11 00:00:00;Menina;7.419925;7.9;8.1;3.14;8.1;8.73;5.0;-1;Fase 2 (5° e 6° ano);8.28125;2023;FASE 1;1
RA-827;Aluno-827;12;Menina;8.2483467391;10.002;9.782608695499999;5.01;7.25;7.875;10.0;0;Fase 2 (5° e 6° ano);7.65625;2024;2K;0
RA-828;Aluno-828;9;Menina;7.139;9.5;7.1;7.5;6.9;7.833;5.0;-1;;;2022;0;1
RA-829;Aluno-829;8;Menina;8.003;9.0;8.6;7.5;7.8;7.5;10.0;0;;;2022;0;0
RA-829;Aluno-829;9;Menina;8.532075;9.0;9.4;3.14;8.4;9.23;10.0;0;Fase 1 (3° e 4° ano);9.21875;2023;FASE 1;0
RA-829;Aluno-829;10;Menina;9.171825000000002;9.502;9.75;9.38;8.0;9.215;10.0;1;Fase 1 (3° e 4° ano);8.90625;2024;2K;0
RA-83;Aluno-83;17;Menina;6.671;7.9;6.8;7.5;6.8;5.958;5.0;-2;;;2022;5;1
RA-830;Aluno-830;9;Menina;7.234;10.0;8.6;7.5;6.0;7.5;5.0;-1;;;2022;0;1
RA-830;Aluno-830;9;Menina;6.78;0.0;8.9;3.14;8.3;9.505;5.0;-1;Fase 1 (3° e 4° ano);6.25;2023;ALFA;1
RA-830;Aluno-830;11;Menina;7.1373428571;9.002;7.619047619;5.63;6.75;7.335;5.0;-1;Fase 2 (5° e 6° ano);8.333333333;2024;1L;1
RA-831;Aluno-831;9;Menino;7.41;9.5;9.2;7.5;7.2;7.167;5.0;-1;;;2022;0;1
RA-831;Aluno-831;9;Menino;7.71645;8.0;9.4;3.77;8.3;8.59;5.0;-1;Fase 1 (3° e 4° ano);7.8125;2023;ALFA;1
RA-831;Aluno-831;10;Menino;8.0066285715;10.002;9.523809524;6.26;7.75;8.17;5.0;-1;Fase 2 (5° e 6° ano);7.916666667;2024;1K;1
RA-832;Aluno-832;9;Menino;8.179;10.0;9.2;7.5;8.8;8.833;5.0;-1;;;2022;0;1
RA-832;Aluno-832;10;Menino;8.2697;10.0;9.5;7.52;8.5;8.283333333;5.0;-1;Fase 2 (5° e 6° ano);7.708333333;2023;FASE 1;1
RA-832;Aluno-832;11;Menino;8.2403304348;9.002;8.695652174;7.51;8.0;7.5;10.0;0;Fase 2 (5° e 6° ano);7.5;2024;2U;0
RA-833;Aluno-833;9;Menino;7.791;10.0;9.5;7.5;7.8;7.583;5.0;-1;;;2022;0;1
RA-833;Aluno-833;1900-01-10 00:00:00;Menino;7.81295;10.0;9.5;3.77;7.4;8.56;5.0;-1;Fase 2 (5° e 6° ano);8.4375;2023;FASE 1;1
RA-833;Aluno-833;11;Menino;8.5184577641;9.002;9.3271221535;7.51;8.0;7.946666667;10.0;0;Fase 2 (5° e 6° ano);8.125;2024;2U;0
RA-834;Aluno-834;9;Menino;8.136;9.0;9.0;7.5;9.0;9.083;5.0;-1;;;2022;0;1
RA-834;Aluno-834;1900-01-10 00:00:00;Menino;8.662616667;9.0;9.9;6.27;9.2;9.283333333;5.0;-1;Fase 2 (5° e 6° ano);9.6875;2023;FASE 1;1
RA-834;Aluno-834;11;Menino;8.513646169700001;8.002;9.109730849;6.26;8.75;8.723333333;10.0;0;Fase 2 (5° e 6° ano);7.708333333;2024;2L;0
RA-835;Aluno-835;8;Menino;7.263;6.9;7.3;7.5;7.5;6.667;10.0;0;;;2022;0;0
RA-835;Aluno-835;8;Menino;8.2467;8.0;8.5;7.52;8.7;7.835;10.0;0;ALFA (1° e 2° ano);6.875;2023;ALFA;0
RA-836;Aluno-836;9;Menino;7.665;8.5;8.3;7.5;9.2;7.583;5.0;-1;;;2022;0;1
RA-836;Aluno-836;1900-01-10 00:00:00;Menino;7.6417;9.5;9.6;6.27;6.7;8.085;5.0;-2;Fase 2 (5° e 6° ano);6.875;2023;ALFA;1
RA-836;Aluno-836;11;Menino;6.0234537878;9.502;6.439393939;7.51;2.75;6.25;5.0;-1;Fase 2 (5° e 6° ano);7.34375;2024;1J;1
RA-837;Aluno-837;8;Menino;8.207;8.5;9.0;7.5;8.8;7.5;10.0;0;;;2022;0;0
RA-837;Aluno-837;1900-01-09 00:00:00;Menino;8.2712;9.0;9.3;7.52;7.0;7.836666667;10.0;0;Fase 1 (3° e 4° ano);7.916666667;2023;FASE 1;0
RA-837;Aluno-837;10;Menino;7.9648467391;7.502;9.782608695499999;6.885;6.75;7.5825;10.0;0;Fase 2 (5° e 6° ano);7.03125;2024;2G;0
RA-838;Aluno-838;9;Menino;7.461;10.0;7.4;7.5;6.3;9.417;5.0;-1;;;2022;0;1
RA-839;Aluno-839;9;Menina;5.198;0.0;5.1;7.5;5.4;6.583;5.0;-1;;;2022;0;1
RA-84;Aluno-84;17;Menina;6.682;7.1;8.8;5.0;5.8;6.75;5.0;-2;;;2022;5;1
RA-84;Aluno-84;1900-01-18 00:00:00;Menina;6.034416667;0.0;8.8;2.52;6.0;7.6725;5.0;-2;Fase 8 (Universitários);7.8125;2023;FASE 6;1
RA-840;Aluno-840;8;Menino;7.875;9.0;8.2;7.5;7.8;7.5;10.0;0;;;2022;0;0
RA-840;Aluno-840;1900-01-09 00:00:00;Menino;7.7862;9.5;9.0;4.38;8.2;8.59;5.0;-1;Fase 1 (3° e 4° ano);7.5;2023;ALFA;1
RA-840;Aluno-840;10;Menino;8.5912909091;9.502;9.337121212;7.51;8.0;7.946666667;10.0;0;Fase 1 (3° e 4° ano);8.333333333;2024;1G;0
RA-841;Aluno-841;11;Menino;7.3;8.5;8.5;7.5;7.2;7.5;5.0;-2;;;2022;0;1
RA-841;Aluno-841;11;Menino;6.78;0.0;7.2;7.52;6.9;9.84;5.0;-2;Fase 2 (5° e 6° ano);7.5;2023;ALFA;1
RA-841;Aluno-841;12;Menino;6.035771224300001;10.002;6.3272311215000006;7.51;3.25;5.83;5.0;-1;Fase 3 (7° e 8° ano);7.03125;2024;2H;1
RA-842;Aluno-842;8;Menina;7.952;7.5;8.3;7.5;9.1;8.25;10.0;0;;;2022;0;0
RA-842;Aluno-842;9;Menina;7.2117;9.0;8.5;3.77;7.9;8.01;5.0;-1;Fase 1 (3° e 4° ano);5.625;2023;ALFA;1
RA-842;Aluno-842;10;Menina;7.072914756400001;8.502;7.549407115;6.26;7.5;6.996666667;5.0;-1;Fase 2 (5° e 6° ano);6.875;2024;1G;1
RA-843;Aluno-843;8;Menina;8.538;8.5;9.0;7.5;9.2;8.417;10.0;0;;;2022;0;0
RA-844;Aluno-844;8;Menino;6.253;0.0;5.0;8.1;5.9;8.333;10.0;0;;;2022;0;0
RA-845;Aluno-845;8;Menina;8.491;10.0;8.8;7.5;8.7;8.417;10.0;0;;;2022;0;0
RA-846;Aluno-846;7;Menina;7.412;9.0;7.2;7.5;5.9;7.917;10.0;0;;;2022;0;0
RA-846;Aluno-846;8;Menina;7.4637;9.5;8.2;3.77;6.0;8.67;10.0;0;ALFA (1° e 2° ano);5.625;2023;ALFA;0
RA-847;Aluno-847;9;Menino;6.839;7.9;8.2;4.4;7.7;7.417;5.0;-1;;;2022;0;1
RA-847;Aluno-847;10;Menino;6.5418;7.9;9.1;2.52;7.6;5.84;5.0;-2;Fase 2 (5° e 6° ano);5.0;2023;ALFA;1
RA-847;Aluno-847;11;Menino;5.009290909100001;9.002;4.5454545455;5.01;1.0;6.245;5.0;-1;Fase 2 (5° e 6° ano);7.5;2024;1D;1
RA-848;Aluno-848;9;Menino;7.488;9.5;7.0;7.5;9.0;7.833;5.0;-1;;;2022;0;1
RA-849;Aluno-849;9;Menino;7.369;8.5;8.3;7.5;9.1;7.417;5.0;-1;;;2022;0;1
RA-85;Aluno-85;15;Menino;6.243;6.7;7.3;5.0;4.3;5.833;10.0;0;;;2022;5;0
RA-85;Aluno-85;16;Menino;7.08435;8.8;8.9;6.27;5.7;7.8425;5.0;-1;Fase 6 (2° EM);5.9375;2023;FASE 5;1
RA-85;Aluno-85;17;Menino;6.999509385733333;8.334;8.668046928999999;3.755;7.666666666666667;6.993333333;5.0;-2;Fase 7 (3° EM);6.25;2024;5N;1
RA-850;Aluno-850;8;Menino;7.641;10.0;7.3;7.5;8.5;7.167;10.0;0;;;2022;0;0
RA-850;Aluno-850;9;Menino;6.06525;0.0;7.9;6.26;7.3;6.265;5.0;-1;Fase 1 (3° e 4° ano);6.5625;2023;ALFA;1
RA-850;Aluno-850;10;Menino;7.864245454500001;10.002;9.2727272725;6.255;7.75;7.92;5.0;-1;Fase 2 (5° e 6° ano);7.5;2024;1C;1
RA-851;Aluno-851;8;Menino;7.515;9.0;7.9;7.5;8.3;6.583;10.0;0;;;2022;0;0
RA-851;Aluno-851;1900-01-09 00:00:00;Menino;6.1683;8.4;7.5;2.52;6.6;6.01;5.0;-1;Fase 1 (3° e 4° ano);5.625;2023;ALFA;1
RA-851;Aluno-851;10;Menino;6.2114602109;9.002;7.3221343875;5.63;6.0;5.106666667;5.0;-1;Fase 2 (5° e 6° ano);5.625;2024;1B;1
RA-852;Aluno-852;7;Menina;5.666;9.0;6.8;5.0;2.1;5.5;10.0;0;;;2022;0;0
RA-853;Aluno-853;8;Menina;8.616;10.0;9.6;7.5;8.5;8.5;10.0;0;;;2022;0;0
RA-853;Aluno-853;9;Menina;7.8402;10.0;9.5;3.77;7.4;9.84;5.0;-1;Fase 1 (3° e 4° ano);6.25;2023;ALFA;1
RA-853;Aluno-853;10;Menina;7.986866666600001;8.502;9.5833333335;6.26;6.25;7.553333333;10.0;0;Fase 1 (3° e 4° ano);8.333333333;2024;1G;0
RA-854;Aluno-854;8;Menina;8.098;8.0;9.0;7.5;9.3;7.167;10.0;0;;;2022;0;0
RA-854;Aluno-854;1900-01-08 00:00:00;Menina;6.6415;0.0;9.5;3.77;6.0;8.01;10.0;0;ALFA (1° e 2° ano);5.625;2023;ALFA;0
RA-854;Aluno-854;9;Menina;7.826199999900001;9.502;10.0;6.26;7.0;6.333333333;10.0;0;Fase 1 (3° e 4° ano);5.833333333;2024;1G;0
RA-855;Aluno-855;9;Menina;8.453;10.0;9.6;7.5;9.7;9.0;5.0;-1;;;2022;0;1
RA-855;Aluno-855;9;Menina;8.62995;9.5;10.0;7.52;6.8;8.67;10.0;0;Fase 1 (3° e 4° ano);8.4375;2023;FASE 1;0
RA-855;Aluno-855;10;Menina;8.578533333400001;9.002;10.0;7.51;8.5;7.386666667;10.0;0;Fase 2 (5° e 6° ano);7.5;2024;2I;0
RA-856;Aluno-856;7;Menino;8.398;10.0;9.1;7.5;8.4;8.0;10.0;0;;;2022;0;0
RA-856;Aluno-856;1900-01-08 00:00:00;Menino;7.3355;0.0;9.6;7.52;7.3;8.255;10.0;0;ALFA (1° e 2° ano);5.625;2023;ALFA;0
RA-857;Aluno-857;9;Menina;8.154;8.5;8.9;7.5;9.5;9.083;5.0;-1;;;2022;0;1
RA-857;Aluno-857;9;Menina;8.1442;8.5;9.0;7.52;8.5;9.01;5.0;-1;Fase 1 (3° e 4° ano);7.5;2023;ALFA;1
RA-858;Aluno-858;7;Menino;7.523;10.0;7.1;5.6;7.7;7.333;10.0;0;;;2022;0;0
RA-858;Aluno-858;1900-01-08 00:00:00;Menino;7.248833333;0.0;8.1;3.77;9.3;7.946666667;10.0;0;ALFA (1° e 2° ano);8.125;2023;ALFA;0
RA-858;Aluno-858;9;Menino;6.917866666700001;9.002;6.833333333500001;2.51;8.25;7.5;5.0;-1;Fase 1 (3° e 4° ano);7.5;2024;ALFA;1
RA-859;Aluno-859;7;Menina;8.325;8.5;8.7;7.5;8.9;8.25;10.0;0;;;2022;0;0
RA-859;Aluno-859;8;Menina;8.6042;8.0;9.2;7.52;7.3;10.01;10.0;0;ALFA (1° e 2° ano);7.5;2023;ALFA;0
RA-859;Aluno-859;9;Menina;8.5817909091;8.002;9.337121212;7.51;8.0;8.336666667;10.0;0;Fase 1 (3° e 4° ano);8.958333333;2024;1G;0
RA-86;Aluno-86;16;Menino;7.566;7.5;9.6;5.6;6.7;8.458;5.0;-1;;;2022;5;1
RA-86;Aluno-86;1900-01-17 00:00:00;Menino;;8.3;;6.89;;;10.0;0;Fase 7 (3° EM);;2023;FASE 7;0
RA-86;Aluno-86;18;Menino;7.611233333266666;6.667;9.704333333;6.57;5.483333333333333;7.5;10.0;0;Fase 7 (3° EM);7.5;2024;7E;0
RA-860;Aluno-860;7;Menino;8.136;9.5;8.5;7.5;8.1;7.75;10.0;0;;;2022;0;0
RA-860;Aluno-860;1900-01-08 00:00:00;Menino;8.2372;7.0;9.8;6.89;7.4;8.34;10.0;0;ALFA (1° e 2° ano);7.5;2023;ALFA;0
RA-860;Aluno-860;9;Menino;8.7738666667;9.002;9.7916666665;7.51;8.5;7.946666667;10.0;0;Fase 1 (3° e 4° ano);8.75;2024;1G;0
RA-861;Aluno-861;8;Menina;9.31095;9.5;10.0;8.13;9.6;8.92;10.0;0;ALFA (1° e 2° ano);8.4375;2023;ALFA;0
RA-861;Aluno-861;9;Menina;8.959700000000002;9.502;10.0;7.51;10.0;9.73;5.0;-1;Fase 1 (3° e 4° ano);8.125;2024;ALFA;1
RA-862;Aluno-862;9;Menino;8.2212;8.5;9.1;8.14;8.9;8.585;5.0;-1;Fase 1 (3° e 4° ano);7.5;2023;ALFA;1
RA-862;Aluno-862;10;Menino;7.346677272700001;9.002;8.6136363635;7.51;7.5;6.27;5.0;-2;Fase 2 (5° e 6° ano);7.1875;2024;ALFA;1
RA-863;Aluno-863;7;Menino;5.92975;0.0;7.6;3.14;6.3;6.26;10.0;0;ALFA (1° e 2° ano);5.9375;2023;ALFA;0
RA-863;Aluno-863;8;Menino;4.6684348484000004;8.502;3.159090909;2.51;5.5;4.333333333;5.0;-1;Fase 1 (3° e 4° ano);4.6875;2024;ALFA;1
RA-864;Aluno-864;1900-01-08 00:00:00;Menina;7.034;0.0;7.6;8.14;6.3;8.5;10.0;0;ALFA (1° e 2° ano);7.5;2023;ALFA;0
RA-865;Aluno-865;8;Menino;8.1552;8.5;8.7;7.52;7.4;7.915;10.0;0;ALFA (1° e 2° ano);7.5;2023;ALFA;0
RA-866;Aluno-866;1900-01-07 00:00:00;Menina;7.679;0.0;8.3;8.76;8.6;8.415;10.0;0;ALFA (1° e 2° ano);7.5;2023;ALFA;0
RA-867;Aluno-867;8;Menino;8.6992;9.0;8.6;8.76;8.9;8.415;10.0;0;ALFA (1° e 2° ano);7.5;2023;ALFA;0
RA-867;Aluno-867;9;Menino;7.583018181800001;9.002;7.409090909;7.51;8.5;7.5;5.0;-1;Fase 1 (3° e 4° ano);7.5;2024;ALFA;1
RA-868;Aluno-868;1900-01-07 00:00:00;Menino;8.63895;10.0;9.5;8.76;7.1;8.67;10.0;0;ALFA (1° e 2° ano);7.1875;2023;ALFA;0
RA-868;Aluno-868;8;Menino;7.156366666600001;8.002;9.75;3.76;7.0;7.213333333;5.0;-1;Fase 1 (3° e 4° ano);6.875;2024;ALFA;1
RA-869;Aluno-869;8;Menina;9.2587;9.0;10.0;8.76;9.6;8.75;10.0;0;ALFA (1° e 2° ano);8.125;2023;ALFA;0
RA-87;Aluno-87;15;Menino;8.712;8.3;9.6;7.5;8.8;8.5;10.0;0;;;2022;5;0
RA-87;Aluno-87;16;Menino;8.6625;7.5;10.0;5.63;9.3;8.385;10.0;0;Fase 6 (2° EM);8.125;2023;FASE 6;0
RA-87;Aluno-87;17;Menino;9.437924561333332;8.751;9.649122807;9.375;9.166666666666666;9.623333333;10.0;1;Fase 6 (2° EM);9.375;2024;7A;0
RA-870;Aluno-870;9;Menina;4.909;0.0;8.5;8.76;1.5;5.165;5.0;-1;Fase 1 (3° e 4° ano);5.0;2023;ALFA;1
RA-871;Aluno-871;9;Menino;6.8617;9.0;9.5;3.76;6.9;6.84;5.0;-1;Fase 1 (3° e 4° ano);4.375;2023;ALFA;1
RA-871;Aluno-871;10;Menino;7.2917293147999995;8.502;9.328063240999999;4.38;7.25;5.783333333;10.0;0;Fase 1 (3° e 4° ano);5.3125;2024;1B;0
RA-872;Aluno-872;10;Menina;5.267;0.0;6.7;2.52;4.3;8.5;5.0;-2;Fase 2 (5° e 6° ano);6.25;2023;ALFA;1
RA-873;Aluno-873;1900-01-11 00:00:00;Menina;7.8012;8.5;9.7;7.52;7.0;8.67;5.0;-2;Fase 2 (5° e 6° ano);6.25;2023;ALFA;1
RA-873;Aluno-873;12;Menina;7.61095;8.002;10.0;6.88;6.75;7.77;5.0;-2;Fase 3 (7° e 8° ano);7.1875;2024;1B;1
RA-874;Aluno-874;9;Menino;5.811;0.0;8.2;7.52;4.8;6.67;5.0;-1;Fase 1 (3° e 4° ano);6.25;2023;ALFA;1
RA-874;Aluno-874;10;Menino;7.0235939394;9.502;4.696969697;6.26;7.75;7.915;5.0;-1;Fase 2 (5° e 6° ano);8.75;2024;1E;1
RA-875;Aluno-875;9;Menino;8.2712;9.5;9.5;7.52;7.3;9.845;5.0;-1;Fase 1 (3° e 4° ano);7.5;2023;ALFA;1
RA-876;Aluno-876;1900-01-08 00:00:00;Menino;8.6492;10.0;9.4;7.52;7.5;8.835;10.0;0;ALFA (1° e 2° ano);7.5;2023;ALFA;0
RA-876;Aluno-876;9;Menino;7.612057142800001;8.502;9.0476190475;7.51;3.75;8.09;10.0;0;Fase 1 (3° e 4° ano);8.333333333;2024;1K;0
RA-877;Aluno-877;9;Menino;7.4722;9.5;9.5;7.52;6.9;7.5;5.0;-1;Fase 1 (3° e 4° ano);5.0;2023;ALFA;1
RA-878;Aluno-878;10;Menino;6.24;0.0;9.5;2.52;8.1;7.34;5.0;-2;Fase 2 (5° e 6° ano);5.0;2023;ALFA;1
RA-878;Aluno-878;11;Menino;6.5335560606000005;9.002;6.1363636360000005;4.38;6.75;6.996666667;5.0;-1;Fase 2 (5° e 6° ano);7.1875;2024;1B;1
RA-879;Aluno-879;1900-01-09 00:00:00;Menina;6.8225;0.0;9.8;2.52;8.2;8.915;5.0;-1;Fase 1 (3° e 4° ano);6.875;2023;ALFA;1
RA-879;Aluno-879;10;Menina;8.1096318182;9.502;9.090909091;6.26;8.5;8.67;5.0;-1;Fase 2 (5° e 6° ano);7.8125;2024;1A;1
RA-88;Aluno-88;17;Menino;7.498;7.1;9.2;5.6;6.5;9.208;5.0;-2;;;2022;5;1
RA-88;Aluno-88;18;Menino;;;;;;;10.0;0;Fase 8 (Universitários);;2023;FASE 8;0
RA-88;Aluno-88;19;Menino;;;0.0;;;;10.0;0;Fase 8 (Universitários);;2024;8E;0
RA-880;Aluno-880;7;Menina;6.724;0.0;9.4;2.52;6.3;8.585;10.0;0;ALFA (1° e 2° ano);6.25;2023;ALFA;0
RA-880;Aluno-880;8;Menina;6.853080434800001;9.502;8.445652174;2.51;6.5;7.22;5.0;-1;Fase 1 (3° e 4° ano);7.1875;2024;ALFA;1
RA-881;Aluno-881;8;Menino;7.7322;10.0;8.9;7.52;7.3;6.25;10.0;0;ALFA (1° e 2° ano);5.0;2023;ALFA;0
RA-882;Aluno-882;8;Menina;6.0092;9.0;8.6;2.52;4.7;4.16;10.0;0;ALFA (1° e 2° ano);3.75;2023;ALFA;0
RA-883;Aluno-883;1900-01-08 00:00:00;Menina;8.5082;9.5;9.7;6.89;8.4;8.17;10.0;0;ALFA (1° e 2° ano);6.25;2023;ALFA;0
RA-884;Aluno-884;1900-01-07 00:00:00;Menina;8.4587;9.0;9.7;4.39;8.8;8.66;10.0;0;ALFA (1° e 2° ano);6.875;2023;ALFA;0
RA-884;Aluno-884;8;Menina;8.0345030302;10.002;8.818181818;6.26;8.75;8.223333333;5.0;-1;Fase 1 (3° e 4° ano);7.5;2024;ALFA;1
RA-885;Aluno-885;7;Menino;8.8252;9.0;9.8;7.52;8.7;8.665;10.0;0;ALFA (1° e 2° ano);7.5;2023;ALFA;0
RA-885;Aluno-885;9;Menino;8.2072;8.502;10.0;7.51;8.5;8.28;5.0;-1;Fase 1 (3° e 4° ano);7.5;2024;ALFA;1
RA-886;Aluno-886;1900-01-07 00:00:00;Menina;8.6422;8.5;9.4;7.52;8.1;9.0;10.0;0;ALFA (1° e 2° ano);7.5;2023;ALFA;0
RA-886;Aluno-886;8;Menina;8.419200000000002;9.502;10.0;8.13;8.75;8.28;5.0;-1;Fase 1 (3° e 4° ano);7.5;2024;ALFA;1
RA-887;Aluno-887;8;Menino;8.6718;8.9;8.9;7.52;8.4;9.09;10.0;0;ALFA (1° e 2° ano);7.5;2023;ALFA;0
RA-888;Aluno-888;1900-01-07 00:00:00;Menino;8.9182;9.0;10.0;7.52;8.8;8.83;10.0;0;ALFA (1° e 2° ano);7.5;2023;ALFA;0
RA-888;Aluno-888;8;Menino;8.1942;9.002;10.0;6.88;8.5;8.28;5.0;-1;Fase 1 (3° e 4° ano);7.5;2024;ALFA;1
RA-889;Aluno-889;1900-01-08 00:00:00;Menino;8.8092;8.5;9.5;6.89;9.1;9.0;10.0;0;ALFA (1° e 2° ano);7.5;2023;ALFA;0
RA-889;Aluno-889;9;Menino;8.191290909100001;8.502;9.2954545455;6.26;9.75;8.28;5.0;-1;Fase 1 (3° e 4° ano);7.5;2024;ALFA;1
RA-89;Aluno-89;16;Menino;7.323;9.6;7.8;7.5;5.9;8.0;5.0;-1;;;2022;5;1
RA-89;Aluno-89;17;Menino;6.700775;8.3;8.1;5.0;5.1;7.465;5.0;-1;Fase 7 (3° EM);7.34375;2023;FASE 6;1
RA-890;Aluno-890;8;Menino;6.989;0.0;9.1;2.52;8.3;8.16;10.0;0;ALFA (1° e 2° ano);6.25;2023;ALFA;0
RA-891;Aluno-891;1900-01-09 00:00:00;Menina;7.8882;9.5;9.5;6.89;7.5;7.995;5.0;-1;Fase 1 (3° e 4° ano);7.5;2023;ALFA;1
RA-891;Aluno-891;10;Menina;8.035957575700001;10.002;9.0454545455;6.26;8.75;8.003333333;5.0;-1;Fase 1 (3° e 4° ano);7.5;2024;ALFA;1
RA-892;Aluno-892;8;Menino;8.8112;8.0;9.6;6.89;8.3;10.01;10.0;0;ALFA (1° e 2° ano);7.5;2023;ALFA;0
RA-892;Aluno-892;9;Menino;8.697700000000001;8.002;10.0;7.51;8.75;7.92;10.0;0;Fase 1 (3° e 4° ano);8.125;2024;1C;0
RA-893;Aluno-893;1900-01-09 00:00:00;Menino;8.8042;9.5;10.0;7.52;9.3;10.01;5.0;-1;Fase 1 (3° e 4° ano);7.5;2023;ALFA;1
RA-893;Aluno-893;10;Menino;8.8910333334;9.002;10.0;7.51;9.25;7.886666667;10.0;0;Fase 1 (3° e 4° ano);8.125;2024;1B;0
RA-894;Aluno-894;9;Menina;8.8142;9.5;9.9;7.52;9.4;10.01;5.0;-1;Fase 1 (3° e 4° ano);7.5;2023;ALFA;1
RA-894;Aluno-894;10;Menina;8.67895;10.002;10.0;7.51;9.5;8.42;5.0;-1;Fase 2 (5° e 6° ano);8.4375;2024;1C;1
RA-895;Aluno-895;8;Menina;8.5397;9.5;9.5;7.52;6.8;9.5;10.0;0;ALFA (1° e 2° ano);6.875;2023;ALFA;0
RA-895;Aluno-895;9;Menina;8.2579575757;9.502;9.5454545455;6.26;9.5;8.113333333;5.0;-1;Fase 1 (3° e 4° ano);7.5;2024;ALFA;1
RA-896;Aluno-896;7;Menino;9.0912;9.5;10.0;6.89;8.5;10.01;10.0;0;ALFA (1° e 2° ano);7.5;2023;ALFA;0
RA-896;Aluno-896;8;Menino;8.2852454545;8.502;9.7727272725;7.51;6.5;8.085;10.0;0;Fase 1 (3° e 4° ano);8.125;2024;1C;0
RA-897;Aluno-897;1900-01-09 00:00:00;Menino;5.48225;0.0;8.1;7.52;6.5;3.32;5.0;-1;Fase 1 (3° e 4° ano);6.5625;2023;ALFA;1
RA-897;Aluno-897;10;Menino;5.2212050505;7.002;2.7525252525;2.51;6.0;6.66;5.0;-1;Fase 1 (3° e 4° ano);6.875;2024;ALFA;1
RA-898;Aluno-898;1900-01-09 00:00:00;Menino;8.4217;9.0;9.8;3.77;9.4;10.01;5.0;-1;Fase 1 (3° e 4° ano);8.125;2023;ALFA;1
RA-898;Aluno-898;10;Menino;7.8661333334000005;6.418;10.0;7.51;7.5;8.616666667;5.0;-1;Fase 2 (5° e 6° ano);7.5;2024;1B;1
RA-899;Aluno-899;8;Menino;8.8452;10.0;9.8;3.77;9.5;9.34;10.0;0;ALFA (1° e 2° ano);7.5;2023;ALFA;0
RA-899;Aluno-899;9;Menino;8.425024769300002;10.002;9.1007905135;5.635;8.25;7.893333333;10.0;0;Fase 1 (3° e 4° ano);8.125;2024;1B;0
RA-9;Aluno-9;18;Menina;8.109;8.8;9.5;7.5;6.7;9.5;5.0;-1;;;2022;7;1
RA-90;Aluno-90;13;Menina;9.442;10.0;9.7;9.4;8.5;9.75;10.0;2;;;2022;5;0
RA-90;Aluno-90;14;Menina;8.699408333;10.0;9.6;7.52;7.7;8.1725;10.0;1;Fase 4 (9° ano);8.59375;2023;FASE 5;0
RA-90;Aluno-90;15;Menina;8.352033333333335;10.002;9.0;6.885;8.066666666666666;7.5;10.0;2;Fase 5 (1° EM);7.5;2024;7E;0
RA-900;Aluno-900;8;Menina;8.8947;9.0;9.8;9.38;7.8;8.67;10.0;0;ALFA (1° e 2° ano);8.125;2023;ALFA;0
RA-900;Aluno-900;9;Menina;8.802003030200002;9.002;9.318181818;8.13;8.5;8.563333333;10.0;0;Fase 1 (3° e 4° ano);8.125;2024;1B;0
RA-901;Aluno-901;10;Menino;7.3112;8.5;8.7;3.77;7.5;8.595;5.0;-2;Fase 2 (5° e 6° ano);6.25;2023;ALFA;1
RA-902;Aluno-902;12;Menino;5.97345;10.0;9.3;2.52;3.9;6.5;2.5;-3;Fase 3 (7° e 8° ano);5.3125;2023;ALFA;1
RA-903;Aluno-903;1900-01-08 00:00:00;Menina;8.5242;10.0;9.6;5.02;7.8;9.01;10.0;0;ALFA (1° e 2° ano);7.5;2023;ALFA;0
RA-903;Aluno-903;9;Menina;8.0758287879;10.002;9.7727272725;7.505;5.0;7.946666667;10.0;0;Fase 1 (3° e 4° ano);7.8125;2024;1B;0
RA-904;Aluno-904;1900-01-07 00:00:00;Menina;8.140783333;9.0;9.3;7.52;6.4;7.836666667;10.0;0;ALFA (1° e 2° ano);7.8125;2023;ALFA;0
RA-904;Aluno-904;8;Menina;7.6352;9.502;8.75;7.51;6.0;8.67;5.0;-1;Fase 1 (3° e 4° ano);7.5;2024;ALFA;1
RA-905;Aluno-905;9;Menino;7.831033333;9.5;9.4;7.52;8.3;7.056666667;5.0;-1;Fase 1 (3° e 4° ano);6.875;2023;ALFA;1
RA-905;Aluno-905;10;Menino;6.3925823529;9.002;7.7794117645;7.51;3.0;6.99;5.0;-2;Fase 2 (5° e 6° ano);6.875;2024;ALFA;1
RA-906;Aluno-906;1900-01-08 00:00:00;Menino;8.1922;7.5;9.2;7.52;8.6;6.95;10.0;0;ALFA (1° e 2° ano);7.5;2023;ALFA;0
RA-907;Aluno-907;8;Menina;8.962033333;9.5;9.6;7.52;9.3;8.336666667;10.0;0;ALFA (1° e 2° ano);8.125;2023;ALFA;0
RA-907;Aluno-907;9;Menina;7.9400888889;9.002;8.9444444445;7.51;8.75;7.5;5.0;-1;Fase 1 (3° e 4° ano);7.5;2024;ALFA;1
RA-908;Aluno-908;1900-01-08 00:00:00;Menina;8.479366667;9.0;9.0;7.52;7.9;8.223333333;10.0;0;ALFA (1° e 2° ano);8.125;2023;ALFA;0
RA-908;Aluno-908;9;Menina;6.764292246;8.502;8.14171123;7.51;4.75;6.83;5.0;-1;Fase 1 (3° e 4° ano);7.1875;2024;ALFA;1
RA-909;Aluno-909;10;Menina;8.486033333;10.0;9.9;7.52;9.2;8.056666667;5.0;-2;Fase 2 (5° e 6° ano);8.125;2023;ALFA;1
RA-909;Aluno-909;11;Menina;7.722033333300001;10.002;8.1666666665;7.51;8.25;7.5;5.0;-2;Fase 2 (5° e 6° ano);6.875;2024;ALFA;1
RA-91;Aluno-91;16;Menina;6.645;9.2;5.7;5.6;6.6;7.125;5.0;-1;;;2022;5;1
RA-91;Aluno-91;1900-01-17 00:00:00;Menina;7.42395;10.0;7.4;6.89;7.4;7.4675;5.0;-1;Fase 7 (3° EM);7.8125;2023;FASE 6;1
RA-91;Aluno-91;18;Menina;7.426704761933335;10.002;7.476190476333334;5.635;7.333333333333333;8.068;5.0;-1;Fase 7 (3° EM);7.875;2024;6L;1
RA-910;Aluno-910;8;Menino;7.801;0.0;8.8;7.52;8.9;8.17;10.0;0;ALFA (1° e 2° ano);8.75;2023;ALFA;0
RA-910;Aluno-910;9;Menino;8.1163818182;8.502;8.674242424500001;7.51;7.5;7.443333333;10.0;0;Fase 1 (3° e 4° ano);7.916666667;2024;1G;0
RA-911;Aluno-911;11;Menino;5.59545;9.0;6.7;2.52;3.4;7.01;5.0;-2;Fase 2 (5° e 6° ano);5.3125;2023;ALFA;1
RA-911;Aluno-911;12;Menino;5.4552454547;8.002;4.772727273;7.51;4.5;4.726666667;5.0;-2;Fase 3 (7° e 8° ano);6.041666667;2024;1G;1
RA-912;Aluno-912;9;Menina;7.0797;7.0;9.4;7.52;6.3;7.175;5.0;-1;Fase 1 (3° e 4° ano);5.625;2023;ALFA;1
RA-912;Aluno-912;10;Menina;7.697103508700001;9.002;9.4736842105;7.51;7.25;6.943333333;5.0;-2;Fase 2 (5° e 6° ano);8.125;2024;ALFA;1
RA-913;Aluno-913;1900-01-10 00:00:00;Menina;7.7432;8.0;8.5;6.89;7.9;9.245;5.0;-2;Fase 2 (5° e 6° ano);6.25;2023;ALFA;1
RA-914;Aluno-914;8;Menina;8.6912;10.0;9.2;7.52;8.7;8.67;10.0;0;ALFA (1° e 2° ano);6.25;2023;ALFA;0
RA-915;Aluno-915;1900-01-08 00:00:00;Menina;8.5962;10.0;8.4;7.52;8.4;8.67;10.0;0;ALFA (1° e 2° ano);7.5;2023;ALFA;0
RA-916;Aluno-916;9;Menina;7.3882;9.5;9.7;2.52;6.6;9.005;5.0;-1;Fase 1 (3° e 4° ano);6.25;2023;ALFA;1
RA-916;Aluno-916;10;Menina;5.5058531621;8.502;7.3320158105;2.51;2.75;6.16;5.0;-2;Fase 2 (5° e 6° ano);6.5625;2024;ALFA;1
RA-917;Aluno-917;7;Menina;5.987;0.0;7.2;2.52;7.0;6.35;10.0;0;ALFA (1° e 2° ano);6.25;2023;ALFA;0
RA-918;Aluno-918;7;Menina;7.4967;10.0;8.7;2.52;7.7;7.01;10.0;0;ALFA (1° e 2° ano);5.625;2023;ALFA;0
RA-918;Aluno-918;8;Menina;5.657357017600001;7.918;8.697368421;2.51;2.75;6.156666667;5.0;-1;Fase 1 (3° e 4° ano);5.9375;2024;ALFA;1
RA-919;Aluno-919;9;Menino;6.225;0.0;8.4;7.52;5.3;8.09;5.0;-1;Fase 1 (3° e 4° ano);6.25;2023;ALFA;1
RA-919;Aluno-919;10;Menino;5.799702673800001;7.002;4.692513369;6.255;5.25;6.49;5.0;-2;Fase 2 (5° e 6° ano);6.875;2024;ALFA;1
RA-92;Aluno-92;16;Menina;6.957;9.2;7.1;5.0;7.4;6.667;5.0;-1;;;2022;5;1
RA-92;Aluno-92;1900-01-17 00:00:00;Menina;7.375916667;9.6;9.4;5.63;6.7;7.045;5.0;-1;Fase 7 (3° EM);7.1875;2023;FASE 6;1
RA-92;Aluno-92;18;Menina;8.052279017;10.002;8.769145085;7.51;7.5;6.33;10.0;0;Fase 7 (3° EM);7.8125;2024;7A;0
RA-920;Aluno-920;8;Menina;6.9647;9.0;6.3;7.52;6.1;6.35;10.0;0;ALFA (1° e 2° ano);5.625;2023;ALFA;0
RA-920;Aluno-920;9;Menina;7.7494938597;9.502;7.6710526315;7.51;8.25;8.226666667;5.0;-1;Fase 1 (3° e 4° ano);7.1875;2024;ALFA;1
RA-921;Aluno-921;7;Menina;7.7407;9.0;9.7;7.52;6.3;6.68;10.0;0;ALFA (1° e 2° ano);5.625;2023;ALFA;0
RA-921;Aluno-921;8;Menina;7.2838203209;8.502;8.6631016045;7.51;6.0;7.5;5.0;-1;Fase 1 (3° e 4° ano);7.5;2024;ALFA;1
RA-922;Aluno-922;1900-01-08 00:00:00;Menina;8.5262;8.5;9.7;3.14;8.4;10.01;10.0;0;ALFA (1° e 2° ano);7.5;2023;ALFA;0
RA-922;Aluno-922;9;Menina;8.5209954545;9.002;9.5227272725;7.51;7.75;8.17;10.0;0;Fase 1 (3° e 4° ano);7.8125;2024;1C;0
RA-923;Aluno-923;1900-01-08 00:00:00;Menina;8.8842;9.5;9.9;7.52;7.3;10.01;10.0;0;ALFA (1° e 2° ano);7.5;2023;ALFA;0
RA-923;Aluno-923;9;Menina;7.688609090900001;8.002;7.9545454545;7.51;5.5;8.17;10.0;0;Fase 1 (3° e 4° ano);8.125;2024;1D;0
RA-924;Aluno-924;1900-01-08 00:00:00;Menino;6.5207;9.0;5.6;7.52;5.0;5.93;10.0;0;ALFA (1° e 2° ano);5.625;2023;ALFA;0
RA-924;Aluno-924;9;Menino;6.4727360962;7.002;4.598930481;7.51;7.0;7.415;5.0;-1;Fase 1 (3° e 4° ano);7.1875;2024;ALFA;1
RA-925;Aluno-925;1900-01-07 00:00:00;Menino;7.1837;9.0;8.9;7.52;5.4;5.595;10.0;0;ALFA (1° e 2° ano);5.625;2023;ALFA;0
RA-925;Aluno-925;8;Menino;6.587019518800001;8.002;7.005347594;7.51;4.75;7.33;5.0;-1;Fase 1 (3° e 4° ano);7.1875;2024;ALFA;1
RA-926;Aluno-926;9;Menina;7.7792;9.0;10.0;3.77;6.8;9.51;5.0;-1;Fase 1 (3° e 4° ano);7.5;2023;ALFA;1
RA-926;Aluno-926;10;Menina;7.7830787878;9.002;9.7727272725;7.51;7.0;7.22;5.0;-1;Fase 2 (5° e 6° ano);8.333333333;2024;1G;1
RA-927;Aluno-927;1900-01-09 00:00:00;Menina;7.5982;9.0;9.7;3.77;6.4;9.255;5.0;-1;Fase 1 (3° e 4° ano);7.5;2023;ALFA;1
RA-927;Aluno-927;10;Menina;7.9921696969000005;8.002;9.318181818;7.51;6.5;7.22;10.0;0;Fase 1 (3° e 4° ano);8.333333333;2024;1G;0
RA-928;Aluno-928;8;Menina;9.3712;8.5;10.0;7.52;9.8;9.67;10.0;0;ALFA (1° e 2° ano);8.75;2023;ALFA;0
RA-928;Aluno-928;9;Menina;8.8733666667;8.002;10.0;7.51;8.75;8.59;10.0;0;Fase 1 (3° e 4° ano);8.541666667;2024;1K;0
RA-929;Aluno-929;8;Menina;9.1312;8.5;9.8;7.52;8.8;9.67;10.0;0;ALFA (1° e 2° ano);8.75;2023;ALFA;0
RA-929;Aluno-929;9;Menina;7.7244368421;9.002;9.4736842105;7.51;6.75;7.58;5.0;-1;Fase 1 (3° e 4° ano);8.125;2024;ALFA;1
RA-93;Aluno-93;15;Menina;8.941;8.3;9.7;8.1;8.5;9.083;10.0;0;;;2022;5;0
RA-93;Aluno-93;16;Menina;;7.9;;3.14;;;10.0;1;Fase 6 (2° EM);;2023;FASE 7;0
RA-93;Aluno-93;17;Menina;8.275550000066668;9.168;9.931666667;6.2575;7.483333333333333;7.5;10.0;1;Fase 6 (2° EM);7.5;2024;7E;0
RA-930;Aluno-930;8;Menino;8.8872;9.0;8.8;7.52;9.0;9.0;10.0;0;ALFA (1° e 2° ano);8.75;2023;ALFA;0
RA-930;Aluno-930;9;Menino;7.9298184211;8.502;9.7368421055;7.51;8.0;7.5;5.0;-1;Fase 1 (3° e 4° ano);7.8125;2024;ALFA;1
RA-931;Aluno-931;1900-01-08 00:00:00;Menino;7.3747;8.5;8.2;2.52;7.8;7.6;10.0;0;ALFA (1° e 2° ano);5.625;2023;ALFA;0
RA-931;Aluno-931;9;Menino;7.075466666700001;7.918;8.5833333335;2.51;8.5;6.83;5.0;-1;Fase 1 (3° e 4° ano);7.5;2024;ALFA;1
RA-932;Aluno-932;7;Menina;8.3847;9.5;7.9;7.52;7.5;9.0;10.0;0;ALFA (1° e 2° ano);8.125;2023;ALFA;0
RA-933;Aluno-933;8;Menina;8.6712;9.0;8.4;7.52;7.7;9.67;10.0;0;ALFA (1° e 2° ano);8.75;2023;ALFA;0
RA-934;Aluno-934;8;Menina;9.1737;9.0;9.6;7.52;8.7;9.67;10.0;0;ALFA (1° e 2° ano);9.375;2023;ALFA;0
RA-934;Aluno-934;9;Menina;8.338700000000001;9.502;9.75;7.51;8.5;7.75;5.0;-1;Fase 1 (3° e 4° ano);9.375;2024;ALFA;1
RA-935;Aluno-935;9;Menino;7.9535;0.0;9.8;7.52;9.4;9.67;5.0;-1;Fase 1 (3° e 4° ano);9.375;2023;ALFA;1
RA-935;Aluno-935;10;Menino;8.3422;9.502;10.0;7.51;8.5;7.83;5.0;-1;Fase 1 (3° e 4° ano);8.75;2024;ALFA;1
RA-936;Aluno-936;1900-01-08 00:00:00;Menina;8.5477;9.0;10.0;7.52;6.5;8.915;10.0;0;ALFA (1° e 2° ano);8.125;2023;ALFA;0
RA-937;Aluno-937;1900-01-08 00:00:00;Menina;9.3237;9.5;9.6;7.52;9.2;9.67;10.0;0;ALFA (1° e 2° ano);9.375;2023;ALFA;0
RA-937;Aluno-937;9;Menina;8.3792;10.002;10.0;9.38;7.5;7.83;5.0;-1;Fase 1 (3° e 4° ano);8.75;2024;ALFA;1
RA-938;Aluno-938;1900-01-09 00:00:00;Menino;6.7372;8.5;8.4;7.52;4.2;7.5;5.0;-1;Fase 1 (3° e 4° ano);6.25;2023;ALFA;1
RA-938;Aluno-938;10;Menino;8.0056026915;9.502;9.544513457499999;7.51;7.75;7.665;5.0;-1;Fase 1 (3° e 4° ano);8.125;2024;ALFA;1
RA-939;Aluno-939;1900-01-11 00:00:00;Menina;7.9742;9.0;10.0;7.52;5.4;10.01;5.0;-2;Fase 2 (5° e 6° ano);7.5;2023;ALFA;1
RA-939;Aluno-939;12;Menina;7.051379841899999;9.002;8.8833992095;5.63;5.0;7.495;5.0;-1;Fase 2 (5° e 6° ano);8.125;2024;1N;1
RA-94;Aluno-94;15;Menina;8.921;8.3;9.6;8.1;7.7;9.583;10.0;0;;;2022;5;0
RA-94;Aluno-94;1900-01-16 00:00:00;Menina;7.289333333;7.5;9.6;2.52;7.2;7.795;5.0;-1;Fase 6 (2° EM);8.75;2023;FASE 5;1
RA-94;Aluno-94;17;Menina;8.637033333333335;10.002;9.666666666666666;6.26;8.0;8.2;10.0;0;Fase 6 (2° EM);8.375;2024;6L;0
RA-940;Aluno-940;1900-01-11 00:00:00;Menino;6.6112;9.0;8.4;2.52;6.3;7.02;5.0;-2;Fase 2 (5° e 6° ano);6.25;2023;ALFA;1
RA-941;Aluno-941;1900-01-08 00:00:00;Menina;7.6872;8.0;10.0;7.52;5.0;8.175;10.0;0;ALFA (1° e 2° ano);5.0;2023;ALFA;0
RA-941;Aluno-941;9;Menina;7.746700000000001;8.002;9.25;5.01;8.75;7.665;5.0;-1;Fase 1 (3° e 4° ano);8.125;2024;ALFA;1
RA-942;Aluno-942;10;Menina;6.8547;9.5;8.9;2.52;7.1;7.0;5.0;-2;Fase 2 (5° e 6° ano);5.625;2023;ALFA;1
RA-943;Aluno-943;1900-01-08 00:00:00;Menina;8.9172;9.5;9.4;7.52;8.0;9.925;10.0;0;ALFA (1° e 2° ano);7.5;2023;ALFA;0
RA-943;Aluno-943;9;Menina;8.965033333300001;10.002;10.0;7.51;8.0;8.59;10.0;0;Fase 1 (3° e 4° ano);8.958333333;2024;1L;0
RA-944;Aluno-944;9;Menina;7.0687;9.0;7.6;7.52;7.5;6.67;5.0;-1;Fase 1 (3° e 4° ano);5.625;2023;ALFA;1
RA-944;Aluno-944;10;Menina;7.8262;9.002;7.25;7.51;9.0;7.75;5.0;-2;Fase 2 (5° e 6° ano);8.75;2024;ALFA;1
RA-945;Aluno-945;1900-01-08 00:00:00;Menino;8.0777;8.5;9.2;7.52;7.9;6.84;10.0;0;ALFA (1° e 2° ano);6.875;2023;ALFA;0
RA-945;Aluno-945;9;Menino;7.4195809524000005;9.002;9.511904762;2.51;8.75;6.83;5.0;-1;Fase 1 (3° e 4° ano);7.5;2024;ALFA;1
RA-946;Aluno-946;1900-01-07 00:00:00;Menino;8.5822;9.5;9.4;7.52;9.3;7.0;10.0;0;ALFA (1° e 2° ano);7.5;2023;ALFA;0
RA-946;Aluno-946;8;Menino;6.677723809500001;9.502;8.7976190475;2.51;4.5;7.835;5.0;-1;Fase 1 (3° e 4° ano);7.5;2024;ALFA;1
RA-947;Aluno-947;1900-01-08 00:00:00;Menino;6.3457;9.0;7.9;7.52;3.3;5.08;10.0;0;ALFA (1° e 2° ano);4.375;2023;ALFA;0
RA-947;Aluno-947;9;Menino;6.053509523800001;9.002;7.619047619;7.51;4.5;4.58;5.0;-1;Fase 1 (3° e 4° ano);5.625;2024;ALFA;1
RA-948;Aluno-948;8;Menina;6.5277;9.0;7.6;7.52;0.0;8.34;10.0;0;ALFA (1° e 2° ano);6.875;2023;ALFA;0
RA-949;Aluno-949;1900-01-08 00:00:00;Menina;8.0172;9.5;8.1;7.52;8.9;6.5;10.0;0;ALFA (1° e 2° ano);6.25;2023;ALFA;0
RA-949;Aluno-949;9;Menina;7.1323428571;9.002;8.7857142855;7.51;6.5;6.495;5.0;-1;Fase 1 (3° e 4° ano);6.25;2024;ALFA;1
RA-95;Aluno-95;17;Menina;6.308;8.3;6.6;7.5;4.8;6.292;5.0;-2;;;2022;5;1
RA-950;Aluno-950;8;Menina;8.8862;9.0;10.0;7.52;9.3;8.17;10.0;0;ALFA (1° e 2° ano);7.5;2023;ALFA;0
RA-950;Aluno-950;9;Menina;7.693461904800001;9.502;9.023809524;7.51;7.0;8.0;5.0;-1;Fase 1 (3° e 4° ano);6.875;2024;ALFA;1
RA-951;Aluno-951;7;Menina;8.8902;9.5;9.7;7.52;8.4;9.09;10.0;0;ALFA (1° e 2° ano);7.5;2023;ALFA;0
RA-951;Aluno-951;8;Menina;6.4483428571;10.002;9.0357142855;2.51;4.0;7.325;5.0;-1;Fase 1 (3° e 4° ano);6.25;2024;ALFA;1
RA-952;Aluno-952;8;Menino;8.37095;9.5;9.2;3.77;9.0;8.425;10.0;0;ALFA (1° e 2° ano);7.1875;2023;ALFA;0
RA-952;Aluno-952;9;Menino;8.853624242300002;9.502;9.545454545;6.26;8.5;9.175;10.0;0;Fase 1 (3° e 4° ano);8.333333333;2024;1N;0
RA-953;Aluno-953;1900-01-08 00:00:00;Menina;7.54005;7.4;8.8;3.14;8.3;7.09;10.0;0;ALFA (1° e 2° ano);6.5625;2023;ALFA;0
RA-953;Aluno-953;9;Menina;7.961241502000001;9.002;6.85770751;6.26;8.5;7.755;10.0;0;Fase 1 (3° e 4° ano);8.125;2024;1N;0
RA-954;Aluno-954;8;Menina;6.82375;0.0;8.3;3.14;7.7;8.005;10.0;0;ALFA (1° e 2° ano);7.1875;2023;ALFA;0
RA-954;Aluno-954;9;Menina;8.2823798419;9.502;8.8833992095;6.26;7.75;7.835;10.0;0;Fase 1 (3° e 4° ano);8.125;2024;1N;0
RA-955;Aluno-955;10;Menina;7.1297;9.0;8.8;3.14;7.8;7.09;5.0;-2;Fase 2 (5° e 6° ano);6.875;2023;ALFA;1
RA-955;Aluno-955;11;Menina;6.245452381;0.0;6.904761905;7.51;5.75;8.255;5.0;-1;Fase 2 (5° e 6° ano);8.125;2024;1K;1
RA-956;Aluno-956;11;Menino;7.7312;8.0;7.5;7.52;7.8;9.345;5.0;-2;Fase 2 (5° e 6° ano);7.5;2023;ALFA;1
RA-956;Aluno-956;12;Menino;6.1175906455;9.502;6.017786561;6.885;3.25;7.085;5.0;-1;Fase 2 (5° e 6° ano);7.083333333;2024;1N;1
RA-957;Aluno-957;1900-01-08 00:00:00;Menina;9.1672;10.0;9.3;7.52;9.1;9.925;10.0;0;ALFA (1° e 2° ano);7.5;2023;ALFA;0
RA-958;Aluno-958;1900-01-08 00:00:00;Menina;9.2902;10.0;9.8;7.52;9.3;9.84;10.0;0;ALFA (1° e 2° ano);7.5;2023;ALFA;0
RA-958;Aluno-958;9;Menina;9.531325;10.002;10.0;6.26;10.0;9.76;10.0;0;Fase 1 (3° e 4° ano);9.53125;2024;1M;0
RA-959;Aluno-959;8;Menino;8.6677;10.0;9.6;7.52;7.7;8.84;10.0;0;ALFA (1° e 2° ano);6.875;2023;ALFA;0
RA-959;Aluno-959;9;Menino;8.379818421100001;10.002;9.7368421055;7.51;9.5;7.5;5.0;-1;Fase 1 (3° e 4° ano);7.8125;2024;ALFA;1
RA-96;Aluno-96;16;Menino;7.54;9.2;7.8;6.9;6.7;8.5;5.0;-1;;;2022;5;1
RA-96;Aluno-96;17;Menino;7.610791667;9.6;8.9;7.52;6.4;7.84;5.0;-1;Fase 7 (3° EM);7.65625;2023;FASE 6;1
RA-96;Aluno-96;18;Menino;;;0.0;;;;10.0;0;Fase 8 (Universitários);;2024;8F;0
RA-960;Aluno-960;10;Menino;7.0847;8.5;10.0;7.52;6.3;5.85;5.0;-2;Fase 2 (5° e 6° ano);5.625;2023;ALFA;1
RA-960;Aluno-960;11;Menino;5.286047619;0.0;8.095238095;7.51;3.0;5.33;5.0;-1;Fase 2 (5° e 6° ano);7.5;2024;1K;1
RA-961;Aluno-961;9;Menino;5.99625;0.0;8.7;2.52;6.2;8.665;5.0;-1;Fase 1 (3° e 4° ano);5.3125;2023;ALFA;1
RA-961;Aluno-961;10;Menino;6.529417908900001;9.002;8.8923395445;6.26;5.5;5.155;5.0;-1;Fase 2 (5° e 6° ano);5.9375;2024;1M;1
RA-962;Aluno-962;1900-01-09 00:00:00;Menina;8.4742;9.0;9.2;7.52;8.7;10.01;5.0;-1;Fase 1 (3° e 4° ano);7.5;2023;ALFA;1
RA-963;Aluno-963;1900-01-09 00:00:00;Menina;8.6142;9.5;9.8;7.52;8.5;10.01;5.0;-1;Fase 1 (3° e 4° ano);7.5;2023;ALFA;1
RA-963;Aluno-963;10;Menina;8.375080952400001;7.502;9.761904762;7.51;7.5;8.045;10.0;0;Fase 1 (3° e 4° ano);8.125;2024;1R;0
RA-964;Aluno-964;9;Menino;7.7997;8.5;9.4;7.52;7.2;8.5;5.0;-1;Fase 1 (3° e 4° ano);6.875;2023;ALFA;1
RA-964;Aluno-964;10;Menino;7.548241666600001;9.502;8.333333332999999;7.51;7.25;7.1675;5.0;-1;Fase 2 (5° e 6° ano);7.96875;2024;1R;1
RA-965;Aluno-965;9;Menina;6.4832;8.5;8.2;6.27;4.7;7.18;5.0;-1;Fase 1 (3° e 4° ano);5.0;2023;ALFA;1
RA-965;Aluno-965;10;Menina;6.1376545455;9.002;6.4772727275;7.51;2.25;6.83;5.0;-2;Fase 2 (5° e 6° ano);8.75;2024;ALFA;1
RA-966;Aluno-966;1900-01-09 00:00:00;Menino;7.44345;10.0;10.0;7.52;5.0;7.675;5.0;-1;Fase 1 (3° e 4° ano);6.5625;2023;ALFA;1
RA-966;Aluno-966;10;Menino;7.9943363636;9.502;8.568181818;7.51;9.0;7.335;5.0;-2;Fase 2 (5° e 6° ano);8.125;2024;ALFA;1
RA-967;Aluno-967;1900-01-10 00:00:00;Menino;7.1347;9.5;8.0;7.52;6.5;7.35;5.0;-2;Fase 2 (5° e 6° ano);5.625;2023;ALFA;1
RA-967;Aluno-967;11;Menino;5.442610714300001;9.502;3.5714285715;7.51;4.75;4.995;5.0;-1;Fase 2 (5° e 6° ano);5.78125;2024;1R;1
RA-968;Aluno-968;1900-01-09 00:00:00;Menina;8.4942;9.0;9.7;7.52;8.3;10.01;5.0;-1;Fase 1 (3° e 4° ano);7.5;2023;ALFA;1
RA-968;Aluno-968;10;Menina;7.8403547619000005;9.002;8.8095238095;7.51;7.75;7.6675;5.0;-1;Fase 2 (5° e 6° ano);8.4375;2024;1R;1
RA-969;Aluno-969;8;Menino;7.7692;8.5;9.7;7.52;5.5;7.51;10.0;0;ALFA (1° e 2° ano);6.25;2023;ALFA;0
RA-969;Aluno-969;9;Menino;7.453427272700001;9.002;7.8636363634999995;7.51;7.25;7.335;5.0;-1;Fase 1 (3° e 4° ano);8.125;2024;ALFA;1
RA-97;Aluno-97;15;Menina;7.468;7.5;8.8;5.0;6.9;6.292;10.0;0;;;2022;5;0
RA-970;Aluno-970;1900-01-08 00:00:00;Menina;8.9977;8.5;8.1;7.52;9.4;9.84;10.0;0;ALFA (1° e 2° ano);9.375;2023;ALFA;0
RA-971;Aluno-971;1900-01-08 00:00:00;Menino;7.0169;7.8;6.4;3.77;6.9;8.17;10.0;0;ALFA (1° e 2° ano);5.625;2023;ALFA;0
RA-971;Aluno-971;9;Menino;6.8916181818;7.418;7.909090909;7.51;6.75;6.085;5.0;-1;Fase 1 (3° e 4° ano);7.5;2024;ALFA;1
RA-972;Aluno-972;8;Menino;7.5427;9.0;9.1;3.77;6.0;7.84;10.0;0;ALFA (1° e 2° ano);6.875;2023;ALFA;0
RA-972;Aluno-972;9;Menino;7.537472727300001;9.502;8.3863636365;7.51;6.75;7.17;5.0;-1;Fase 1 (3° e 4° ano);8.75;2024;ALFA;1
RA-973;Aluno-973;1900-01-09 00:00:00;Menino;5.82875;0.0;8.6;3.77;5.2;7.415;5.0;-1;Fase 1 (3° e 4° ano);7.1875;2023;ALFA;1
RA-973;Aluno-973;10;Menino;6.9318363636;10.002;9.318181818;7.51;3.75;6.585;5.0;-2;Fase 2 (5° e 6° ano);7.5;2024;ALFA;1
RA-974;Aluno-974;1900-01-07 00:00:00;Menino;8.4752;9.0;9.1;3.77;8.8;9.34;10.0;0;ALFA (1° e 2° ano);7.5;2023;ALFA;0
RA-974;Aluno-974;8;Menino;7.6077217391;9.502;9.282608695499999;7.51;6.5;7.5;5.0;-1;Fase 1 (3° e 4° ano);7.5;2024;ALFA;1
RA-975;Aluno-975;1900-01-07 00:00:00;Menina;7.7803;7.9;9.2;7.52;6.5;7.67;10.0;0;ALFA (1° e 2° ano);5.625;2023;ALFA;0
RA-975;Aluno-975;8;Menina;7.1463666667000005;8.502;7.708333333500001;5.01;8.0;7.33;5.0;-1;Fase 1 (3° e 4° ano);6.875;2024;ALFA;1
RA-976;Aluno-976;1900-01-08 00:00:00;Menino;8.39895;9.5;9.2;6.27;8.6;8.34;10.0;0;ALFA (1° e 2° ano);5.9375;2023;ALFA;0
RA-977;Aluno-977;7;Menina;7.1717;8.5;7.4;5.02;5.8;8.085;10.0;0;ALFA (1° e 2° ano);5.625;2023;ALFA;0
RA-977;Aluno-977;8;Menina;7.188033333300001;10.002;7.291666666499999;6.26;7.0;7.58;5.0;-1;Fase 1 (3° e 4° ano);6.875;2024;ALFA;1
RA-978;Aluno-978;1900-01-07 00:00:00;Menina;8.3877;9.0;9.8;3.77;8.6;9.34;10.0;0;ALFA (1° e 2° ano);5.625;2023;ALFA;0
RA-978;Aluno-978;8;Menina;7.4637;9.502;9.5;6.26;6.5;7.5;5.0;-1;Fase 1 (3° e 4° ano);6.875;2024;ALFA;1
RA-979;Aluno-979;8;Menino;8.1617;9.5;9.6;6.27;6.0;9.51;10.0;0;ALFA (1° e 2° ano);5.625;2023;ALFA;0
RA-979;Aluno-979;9;Menino;8.0352454545;9.502;9.5227272725;7.51;8.25;7.335;5.0;-1;Fase 1 (3° e 4° ano);8.125;2024;ALFA;1
RA-98;Aluno-98;15;Menina;9.354;8.8;10.0;9.4;8.5;9.667;10.0;0;;;2022;5;0
RA-98;Aluno-98;15;Menina;;7.9;;2.52;;;10.0;2;Fase 5 (1° EM);;2023;FASE 7;0
RA-98;Aluno-98;16;Menina;8.617450000000002;9.585;9.546;7.1975;8.9;7.5;10.0;1;Fase 6 (2° EM);7.5;2024;7E;0
RA-980;Aluno-980;8;Menina;7.1425;0.0;9.8;5.02;6.3;9.34;10.0;0;ALFA (1° e 2° ano);5.625;2023;ALFA;0
RA-980;Aluno-980;9;Menina;7.946388311600001;9.002;9.058441558;7.51;6.25;7.4175;10.0;0;Fase 1 (3° e 4° ano);7.5;2024;1P;0
RA-981;Aluno-981;7;Menina;7.5367;9.5;9.1;2.52;5.8;9.01;10.0;0;ALFA (1° e 2° ano);5.625;2023;ALFA;0
RA-981;Aluno-981;8;Menina;6.6513739130000005;9.002;7.010869565;6.26;6.0;6.99;5.0;-1;Fase 1 (3° e 4° ano);6.25;2024;ALFA;1
RA-982;Aluno-982;7;Menino;7.1215;0.0;9.1;2.52;8.6;8.835;10.0;0;ALFA (1° e 2° ano);5.625;2023;ALFA;0
RA-982;Aluno-982;8;Menino;8.119860173100001;10.002;8.365800865499999;7.51;8.25;6.79;10.0;0;Fase 1 (3° e 4° ano);6.875;2024;1P;0
RA-983;Aluno-983;8;Menino;8.3502;8.5;9.9;2.52;8.8;9.415;10.0;0;ALFA (1° e 2° ano);6.25;2023;ALFA;0
RA-984;Aluno-984;8;Menina;8.8177;8.0;9.8;7.52;8.3;9.84;10.0;0;ALFA (1° e 2° ano);6.875;2023;ALFA;0
RA-984;Aluno-984;9;Menina;8.475080952400003;9.502;9.761904762;7.51;7.0;8.045;10.0;0;Fase 1 (3° e 4° ano);8.125;2024;1R;0
RA-985;Aluno-985;8;Menino;7.6247;9.0;9.3;2.52;6.8;8.5;10.0;0;ALFA (1° e 2° ano);5.625;2023;ALFA;0
RA-985;Aluno-985;9;Menino;8.2432;8.502;10.0;6.26;7.5;7.585;10.0;0;Fase 1 (3° e 4° ano);7.5;2024;1P;0
RA-986;Aluno-986;8;Menina;8.0107;9.5;9.1;2.52;8.3;8.83;10.0;0;ALFA (1° e 2° ano);5.625;2023;ALFA;0
RA-986;Aluno-986;9;Menina;8.2603406926;10.002;9.2965367965;6.26;8.5;6.8325;10.0;0;Fase 1 (3° e 4° ano);7.083333333;2024;1P;0
RA-987;Aluno-987;8;Menino;7.6765;0.0;9.8;6.27;7.3;9.76;10.0;0;ALFA (1° e 2° ano);6.875;2023;ALFA;0
RA-987;Aluno-987;9;Menino;8.3028861472;9.002;9.0692640695;7.51;7.5;7.835;10.0;0;Fase 1 (3° e 4° ano);7.708333333;2024;1P;0
RA-988;Aluno-988;1900-01-09 00:00:00;Menina;7.9568;7.9;8.1;7.52;8.5;9.84;5.0;-1;Fase 1 (3° e 4° ano);6.25;2023;ALFA;1
RA-988;Aluno-988;10;Menina;8.1765333333;9.502;10.0;7.51;7.75;7.96;5.0;-1;Fase 2 (5° e 6° ano);8.333333333;2024;1P;1
RA-989;Aluno-989;9;Menino;7.7242;9.5;8.1;2.52;8.3;10.01;5.0;-1;Fase 1 (3° e 4° ano);7.5;2023;ALFA;1
RA-989;Aluno-989;10;Menino;7.3743785714;9.502;7.8571428569999995;6.26;6.0;6.54;10.0;0;Fase 1 (3° e 4° ano);7.1875;2024;1R;0
RA-99;Aluno-99;16;Menino;6.158;8.8;6.3;7.5;5.0;5.833;5.0;-1;;;2022;5;1
RA-99;Aluno-99;17;Menino;6.68045;7.9;8.3;5.63;4.5;7.4225;5.0;-1;Fase 7 (3° EM);7.8125;2023;FASE 6;1
RA-990;Aluno-990;1900-01-09 00:00:00;Menino;7.254;0.0;8.5;7.52;7.8;10.01;5.0;-1;Fase 1 (3° e 4° ano);7.5;2023;ALFA;1
RA-990;Aluno-990;10;Menino;7.812283333400001;9.502;7.5;7.51;8.0;8.336666667;5.0;-1;Fase 2 (5° e 6° ano);8.4375;2024;1A;1
RA-991;Aluno-991;9;Menina;7.7687;10.0;9.1;3.14;7.7;9.585;5.0;-1;Fase 1 (3° e 4° ano);6.875;2023;ALFA;1
RA-991;Aluno-991;10;Menina;7.057230303000001;9.002;8.181818182;6.26;6.5;6.723333333;5.0;-1;Fase 2 (5° e 6° ano);7.5;2024;1A;1
RA-992;Aluno-992;10;Menino;7.2722;9.5;8.2;3.14;8.0;8.84;5.0;-2;Fase 2 (5° e 6° ano);5.0;2023;ALFA;1
RA-993;Aluno-993;8;Menina;8.7592;9.5;9.8;3.77;8.6;10.01;10.0;0;ALFA (1° e 2° ano);7.5;2023;ALFA;0
RA-994;Aluno-994;8;Menina;7.4127;9.5;9.4;3.77;6.0;7.265;10.0;0;ALFA (1° e 2° ano);5.625;2023;ALFA;0
RA-994;Aluno-994;9;Menina;7.7982217391;9.002;9.532608695499999;6.88;8.25;7.33;5.0;-1;Fase 1 (3° e 4° ano);6.875;2024;ALFA;1
RA-995;Aluno-995;1900-01-11 00:00:00;Menina;6.4782;9.5;7.9;3.77;5.1;7.18;5.0;-2;Fase 2 (5° e 6° ano);6.25;2023;ALFA;1
RA-995;Aluno-995;12;Menina;5.110372077899999;10.002;5.3896103895;5.635;2.0;4.25;5.0;-2;Fase 3 (7° e 8° ano);7.1875;2024;1E;1
RA-996;Aluno-996;9;Menino;8.1892;10.0;9.2;3.77;8.6;10.01;5.0;-1;Fase 1 (3° e 4° ano);7.5;2023;ALFA;1
RA-997;Aluno-997;8;Menino;7.5687;7.5;8.7;3.77;7.1;8.595;10.0;0;ALFA (1° e 2° ano);5.625;2023;ALFA;0
RA-998;Aluno-998;11;Menina;7.9752;9.5;9.3;3.77;7.9;9.84;5.0;-2;Fase 2 (5° e 6° ano);7.5;2023;ALFA;1
RA-999;Aluno-999;1900-01-09 00:00:00;Menino;8.0352;9.0;9.4;3.77;8.3;9.84;5.0;-1;Fase 1 (3° e 4° ano);7.5;2023;ALFA;1
